[2026-10-07 14:53:24] 
[2026-10-07 14:53:24] ==============================================================================
[2026-10-07 14:53:24] RUN VALIDASI CROSS-LAYER
[2026-10-07 14:53:24] ==============================================================================
[2026-10-07 14:53:24] ROOT       : /Users/Pooja/Downloads/Great Expectations bronze layer
[2026-10-07 14:53:24] log        : /Users/Pooja/Downloads/Great Expectations bronze layer/scheduler/logs/cross_layer_2026-10-07.log
[2026-10-07 14:53:24] python     : /opt/anaconda3/bin/python
[2026-10-07 14:53:24] start      : 2026-10-07 14:53:24
[2026-10-07 14:53:24] opsi       : source=s3  mode=harian  build=YA  reconcile=YA  email=YA  date=2026-10-06
[2026-10-07 14:53:24] layers     : silver
[2026-10-07 14:53:24] 
[2026-10-07 14:53:24] ==============================================================================
[2026-10-07 14:53:24] LAYER: SILVER
[2026-10-07 14:53:24] ==============================================================================
[2026-10-07 14:53:24]   $ /opt/anaconda3/bin/python /Users/Pooja/Downloads/Great Expectations bronze layer/scheduler/run_validation.py --layer silver --source s3 --mode harian --no-email --date 2026-10-06 --fallback-latest
[2026-10-07 15:07:53]     [2026-10-07 14:53:24] 
[2026-10-07 15:07:53]     [2026-10-07 14:53:24] ==============================================================================
[2026-10-07 15:07:53]     [2026-10-07 14:53:24] RUN VALIDASI — silver_data_validation.yml
[2026-10-07 15:07:53]     [2026-10-07 14:53:24] ==============================================================================
[2026-10-07 15:07:53]     [2026-10-07 14:53:24] config     : /Users/Pooja/Downloads/Great Expectations bronze layer/silver_data_validation.yml
[2026-10-07 15:07:53]     [2026-10-07 14:53:24] ROOT       : /Users/Pooja/Downloads/Great Expectations bronze layer
[2026-10-07 15:07:53]     [2026-10-07 14:53:24] log        : /Users/Pooja/Downloads/Great Expectations bronze layer/scheduler/logs/silver_2026-10-07.log
[2026-10-07 15:07:53]     [2026-10-07 14:53:24] python     : /opt/anaconda3/bin/python
[2026-10-07 15:07:53]     [2026-10-07 14:53:24] start      : 2026-10-07 14:53:24
[2026-10-07 15:07:53]     [2026-10-07 14:53:24] opsi       : source=s3  mode=harian  build=YA  reconcile=YA  email=TIDAK
[2026-10-07 15:07:53]     [2026-10-07 14:53:24] sanity check: semua path OK
[2026-10-07 15:07:53]     [2026-10-07 14:53:24] Total dataset: 4
[2026-10-07 15:07:53]     [2026-10-07 14:53:24]     1. silver_ars_transactions
[2026-10-07 15:07:53]     [2026-10-07 14:53:24]     2. silver_awl_transactions
[2026-10-07 15:07:53]     [2026-10-07 14:53:24]     3. silver_pzo_tmat_measurement
[2026-10-07 15:07:53]     [2026-10-07 14:53:24]     4. silver_rs_transactions
[2026-10-07 15:07:53]     [2026-10-07 14:53:24] 
[2026-10-07 15:07:53]     [2026-10-07 14:53:24] ==============================================================================
[2026-10-07 15:07:53]     [2026-10-07 14:53:24] [1/4] DATASET: silver_ars_transactions
[2026-10-07 15:07:53]     [2026-10-07 14:53:24] ==============================================================================
[2026-10-07 15:07:53]     [2026-10-07 14:53:24] START build_reference  | dataset=silver_ars_transactions
[2026-10-07 15:07:53]     [2026-10-07 14:53:24]   $ /opt/anaconda3/bin/python /Users/Pooja/Downloads/Great Expectations bronze layer/build_reference.py --config /Users/Pooja/Downloads/Great Expectations bronze layer/silver_data_validation.yml --source s3 --dataset silver_ars_transactions
[2026-10-07 15:07:53]     [2026-10-07 14:58:09]     
[2026-10-07 15:07:53]     [2026-10-07 14:58:09]     === silver_ars_transactions — Silver ARS Transactions -- raw copy dbo.Silver_ARS_Transactions, TANPA join/filter. Window custom 07:00->07:00 hari berikutnya (SAMA dgn idempotency delete sp_ETL_LoadSilver_ARS_Transactions Step 1), BUKAN kalender 00:00-24:00 biasa. ===
[2026-10-07 15:07:53]     [2026-10-07 14:58:09]       profil ditulis      : /Users/Pooja/Downloads/Great Expectations bronze layer/profiles/silver_ars_transactions.json
[2026-10-07 15:07:53]     [2026-10-07 14:58:09]     ... (8 baris lainnya)
[2026-10-07 15:07:53]     [2026-10-07 14:58:09]           device_id            ['^[A-Z]{2}\\d{2}\\-[A-Z]{4}\\d{3}[A-Z]{2}\\-[A-Z]{3}\\-\\d{8}$', '^[A-Z]{3}\\-[A-Z0-9]{12}$', '^[A-Z]{3}\\-[A-Z]{2,10}\\d[A-Z]{1,9}$', '^[A-Z]{3}\\-\\d{1,2}[A-Z]{10,11}$', '^\\d{6,9}$']
[2026-10-07 15:07:53]     [2026-10-07 14:58:09]           device_name          ['^[A-Z]{2}\\-[A-Z]{3}\\-[A-Z]\\d{2}[A-Z]\\-[A-Z]{2}\\d{3}\\-[A-Z]{2}\\-[A-Z]{3}$', '^[A-Z]{2}\\-[A-Z]{3}\\-[A-Z]\\d{2}\\-[A-Z]{2}\\d{3}\\-[A-Z]{2}\\-[A-Z]{3}\\ $', '^[A-Z]{2}\\-[A-Z]{3}\\-[A-Z]{1,2}\\d{1,3}\\-[A-Z]{2}\\d{3}\\-[A-Z]{2}\\-[A-Z]{3}$', '^[A-Z]{2}\\-[A-Z]{3}\\d\\-[A-Z]\\d{2}\\-[A-Z]{2}\\d{3}\\-[A-Z]{2}\\-[A-Z]{3}$', '^[A-Z]{3}\\-\\d{3}\\-[A-Z]{3}\\d\\-[A-Z][a-z]{5}\\-[A-Z]$', '^[A-Z]{3}\\-\\d{3}\\-[A-Z]{3}\\d\\-[A-Z]\\d{2}[A-Z]$', '^[A-Z]{3}\\-\\d{3}\\-[A-Z]{3}\\d{1,2}\\-\\d{2,4}$', '^[A-Z]{3}\\-\\d{3}\\-[A-Z]{3}\\d{1,2}\\-\\d{3,4}\\-[A-Z]$', '^[A-Z]{3}\\-\\d{3}\\-[A-Z]{3}\\d{2}\\-[A-Z]{3}\\\t$']
[2026-10-07 15:07:53]     [2026-10-07 14:58:09]           ... dan 13 kolom lain
[2026-10-07 15:07:53]     [2026-10-07 14:58:09]   build_reference exit code = 0  durasi=4m 44.7s
[2026-10-07 15:07:53]     [2026-10-07 14:58:09] END   build_reference  | dataset=silver_ars_transactions  exit=0  durasi=4m 44.7s  status=OK
[2026-10-07 15:07:53]     [2026-10-07 14:58:09] START validate         | dataset=silver_ars_transactions
[2026-10-07 15:07:53]     [2026-10-07 14:58:09]   $ /opt/anaconda3/bin/python /Users/Pooja/Downloads/Great Expectations bronze layer/validate.py --config /Users/Pooja/Downloads/Great Expectations bronze layer/silver_data_validation.yml --source s3 --dataset silver_ars_transactions --mode harian --no-data-docs --date 2026-10-06 --fallback-latest
[2026-10-07 15:07:53]     [2026-10-07 14:58:15]     Memuat [s3]: s3://kpn-gis-s3-bucket/datalake/silver/ars/ars_transactions/recorded_year=2026/recorded_month=10/recorded_day=06/part-00000-54d0c295-c969-4cd1-86b6-ae8da1302fe3.c000.zstd.parquet
[2026-10-07 15:07:53]     [2026-10-07 14:58:15]     
[2026-10-07 15:07:53]     [2026-10-07 14:58:15]     ====================================================================================================
[2026-10-07 15:07:53]     [2026-10-07 14:58:15]     HASIL VALIDASI — SILVER_ARS_TRANSACTIONS — 8 DIMENSI KUALITAS DATA
[2026-10-07 15:07:53]     [2026-10-07 14:58:15]     ====================================================================================================
[2026-10-07 15:07:53]     [2026-10-07 14:58:15]       Dataset   : silver_ars_transactions  (Silver ARS Transactions -- raw copy dbo.Silver_ARS_Transactions, TANPA join/filter. Window custom 07:00->07:00 hari berikutnya (SAMA dgn idempotency delete sp_ETL_LoadSilver_ARS_Transactions Step 1), BUKAN kalender 00:00-24:00 biasa.)
[2026-10-07 15:07:53]     [2026-10-07 14:58:15]       [GAGAL] Jumlah baris dalam koridor baseline (563–762, median historis 663)
[2026-10-07 15:07:53]     [2026-10-07 14:58:15]               observasi : 507
[2026-10-07 15:07:53]     [2026-10-07 14:58:15]       [ OK  ] Jumlah transaction_id unik dalam rentang baseline (336–912)
[2026-10-07 15:07:53]     [2026-10-07 14:58:15]     
[2026-10-07 15:07:53]     [2026-10-07 14:58:15]     3. FRESHNESS  —  0 lolos / 0 gagal / 1 dilewati
[2026-10-07 15:07:53]     [2026-10-07 14:58:15]     -----------------------------------------------
[2026-10-07 15:07:53]     [2026-10-07 14:58:15]       [GAGAL] value tidak boleh null
[2026-10-07 15:07:53]     [2026-10-07 14:58:15]               observasi : 507 baris, 239 menyimpang, None kosong
[2026-10-07 15:07:53]     [2026-10-07 14:58:15]               menyimpang: 239 baris (47.1400%)
[2026-10-07 15:07:53]     [2026-10-07 14:58:15]               contoh    : [nan, nan, nan, nan, nan, nan, nan, nan]
[2026-10-07 15:07:53]     [2026-10-07 14:58:15]       [ OK  ] record_time tidak boleh null
[2026-10-07 15:07:53]     [2026-10-07 14:58:15]       [ OK  ] is_manual tidak boleh null
[2026-10-07 15:07:53]     [2026-10-07 14:58:15]       [GAGAL] loaded_at >= record_time (data tidak diproses sebelum terjadi)
[2026-10-07 15:07:53]     [2026-10-07 14:58:15]               observasi : 507 baris, 154 menyimpang, 0 kosong
[2026-10-07 15:07:53]     [2026-10-07 14:58:15]               menyimpang: 154 baris (30.3748%)
[2026-10-07 15:07:53]     [2026-10-07 14:58:15]               contoh    : [(numpy.datetime64('2026-10-06T19:01:50.680509000'), numpy.datetime64('2026-10-07T06:00:00.000000000')), (numpy.datetime64('2026-10-06T19:01:50.680509000'), numpy.datetime64('2026-10-07T05:00:00.000000000')), (numpy.datetime64('2026-10-06T19:01:50.680509000'), numpy.datetime64('2026-10-07T04:00:00.000000000')), (numpy.datetime64('2026-10-06T19:01:50.680509000'), numpy.datetime64('2026-10-07T03:00:00.000000000')), (numpy.datetime64('2026-10-06T19:01:50.680509000'), numpy.datetime64('2026-10-07T02:00:00.000000000')), (numpy.datetime64('2026-10-06T19:01:50.680509000'), numpy.datetime64('2026-10-07T01:00:00.000000000')), (numpy.datetime64('2026-10-06T19:01:50.680509000'), numpy.datetime64('2026-10-07T00:00:00.000000000')), (numpy.datetime64('2026-10-06T19:01:50.680509000'), numpy.datetime64('2026-10-06T23:00:00.000000000'))]
[2026-10-07 15:07:53]     [2026-10-07 14:58:15]     
[2026-10-07 15:07:53]     [2026-10-07 14:58:15]     7. DISTRIBUTION  —  0 lolos / 0 gagal / 1 dilewati
[2026-10-07 15:07:53]     [2026-10-07 14:58:15]       [GAGAL] device_name bebas dari spasi di awal/akhir (padding tak sengaja)
[2026-10-07 15:07:53]     [2026-10-07 14:58:15]               observasi : 507 baris, 24 menyimpang, 0 kosong
[2026-10-07 15:07:53]     [2026-10-07 14:58:15]               menyimpang: 24 baris (4.7337%)
[2026-10-07 15:07:53]     [2026-10-07 14:58:15]               contoh    : ['GN-KBQ-F64-HK074-RF-ARS ', 'GN-KBQ-F64-HK074-RF-ARS ', 'GN-KBQ-F64-HK074-RF-ARS ', 'GN-KBQ-F64-HK074-RF-ARS ', 'GN-KBQ-F64-HK074-RF-ARS ', 'GN-KBQ-F64-HK074-RF-ARS ', 'GN-KBQ-F64-HK074-RF-ARS ', 'GN-KBQ-F64-HK074-RF-ARS ']
[2026-10-07 15:07:53]     [2026-10-07 14:58:15]       [ OK  ] device_name bebas dari string kosong atau hanya spasi (missing tersembunyi)
[2026-10-07 15:07:53]     [2026-10-07 14:58:15]       [ OK  ] device_name bebas dari karakter kontrol / non-printable
[2026-10-07 15:07:53]     [2026-10-07 14:58:15]     VERDIKT: TIDAK LAYAK — ada kegagalan blocking
[2026-10-07 15:07:53]     [2026-10-07 14:58:15]     ====================================================================================================
[2026-10-07 15:07:53]     [2026-10-07 14:58:15]     
[2026-10-07 15:07:53]     [2026-10-07 14:58:15]     Laporan Markdown : /Users/Pooja/Downloads/Great Expectations bronze layer/reports/silver_ars_transactions_validation.md
[2026-10-07 15:07:53]     [2026-10-07 14:58:15]     Laporan JSON     : /Users/Pooja/Downloads/Great Expectations bronze layer/reports/silver_ars_transactions_validation.json
[2026-10-07 15:07:53]     [2026-10-07 14:58:15]   validate exit code = 1  durasi=5.6s
[2026-10-07 15:07:53]     [2026-10-07 14:58:15] END   validate          | dataset=silver_ars_transactions  exit=1  durasi=5.6s  status=GAGAL(1)
[2026-10-07 15:07:53]     [2026-10-07 14:58:15] DONE  silver_ars_transactions      | build=0  validate=1  status=GAGAL
[2026-10-07 15:07:53]     [2026-10-07 14:58:15] 
[2026-10-07 15:07:53]     [2026-10-07 14:58:15] ==============================================================================
[2026-10-07 15:07:53]     [2026-10-07 14:58:15] [2/4] DATASET: silver_awl_transactions
[2026-10-07 15:07:53]     [2026-10-07 14:58:15] ==============================================================================
[2026-10-07 15:07:53]     [2026-10-07 14:58:15] START build_reference  | dataset=silver_awl_transactions
[2026-10-07 15:07:53]     [2026-10-07 14:58:15]   $ /opt/anaconda3/bin/python /Users/Pooja/Downloads/Great Expectations bronze layer/build_reference.py --config /Users/Pooja/Downloads/Great Expectations bronze layer/silver_data_validation.yml --source s3 --dataset silver_awl_transactions
[2026-10-07 15:07:53]     [2026-10-07 15:03:24]     
[2026-10-07 15:07:53]     [2026-10-07 15:03:24]     === silver_awl_transactions — Silver AWL Transactions -- raw copy dbo.Silver_AWL_Transactions, TANPA join/filter. Partisi kalender 00:00-24:00 biasa. ===
[2026-10-07 15:07:53]     [2026-10-07 15:03:24]       profil ditulis      : /Users/Pooja/Downloads/Great Expectations bronze layer/profiles/silver_awl_transactions.json
[2026-10-07 15:07:53]     [2026-10-07 15:03:24]     ... (8 baris lainnya)
[2026-10-07 15:07:53]     [2026-10-07 15:03:24]           DeviceID             ['^[A-Z]{3}\\-[A-Z0-9]{12}$', '^[A-Z]{3}\\-[A-Z]{12}$', '^\\d{3,9}$']
[2026-10-07 15:07:53]     [2026-10-07 15:03:24]           DeviceName           ['^[A-Z0-9\\-\\.]{21,27}$']
[2026-10-07 15:07:53]     [2026-10-07 15:03:24]           ... dan 15 kolom lain
[2026-10-07 15:07:53]     [2026-10-07 15:03:24]   build_reference exit code = 0  durasi=5m 9.5s
[2026-10-07 15:07:53]     [2026-10-07 15:03:24] END   build_reference  | dataset=silver_awl_transactions  exit=0  durasi=5m 9.5s  status=OK
[2026-10-07 15:07:53]     [2026-10-07 15:03:24] START validate         | dataset=silver_awl_transactions
[2026-10-07 15:07:53]     [2026-10-07 15:03:24]   $ /opt/anaconda3/bin/python /Users/Pooja/Downloads/Great Expectations bronze layer/validate.py --config /Users/Pooja/Downloads/Great Expectations bronze layer/silver_data_validation.yml --source s3 --dataset silver_awl_transactions --mode harian --no-data-docs --date 2026-10-06 --fallback-latest
[2026-10-07 15:07:53]     [2026-10-07 15:03:29]     Memuat [s3]: s3://kpn-gis-s3-bucket/datalake/silver/awl/awl_transactions/recorded_year=2026/recorded_month=10/recorded_day=06/part-00001-65317ede-0079-4440-bd2a-2a17c8cc56e6.c000.zstd.parquet
[2026-10-07 15:07:53]     [2026-10-07 15:03:29]     
[2026-10-07 15:07:53]     [2026-10-07 15:03:29]     ====================================================================================================
[2026-10-07 15:07:53]     [2026-10-07 15:03:29]     HASIL VALIDASI — SILVER_AWL_TRANSACTIONS — 8 DIMENSI KUALITAS DATA
[2026-10-07 15:07:53]     [2026-10-07 15:03:29]     ====================================================================================================
[2026-10-07 15:07:53]     [2026-10-07 15:03:29]       Dataset   : silver_awl_transactions  (Silver AWL Transactions -- raw copy dbo.Silver_AWL_Transactions, TANPA join/filter. Partisi kalender 00:00-24:00 biasa.)
[2026-10-07 15:07:53]     [2026-10-07 15:03:29]       [GAGAL] Jumlah kolom tepat 25
[2026-10-07 15:07:53]     [2026-10-07 15:03:29]               observasi : 26
[2026-10-07 15:07:53]     [2026-10-07 15:03:29]       [GAGAL] Tidak ada kolom hilang maupun kolom tak terduga (schema evolution)
[2026-10-07 15:07:53]     [2026-10-07 15:03:29]               observasi : ['BlockGIS', 'BlockSAP', 'Brand', 'CompanyCode', 'Connectivity', 'DeviceID', 'DeviceName', 'ETL_InsertedAt', 'EstCode', 'EstCodeSAP', 'EstNewCode', 'Grouping', 'IsManual', 'JenisDevice', 'Latitude', 'Longitude', 'Plantation', 'RecordTime', 'SensorCategory', 'SensorID', 'SensorName', 'SensorUnit', 'Source', 'TransactionID', 'Value', 'loaded_at']
[2026-10-07 15:07:53]     [2026-10-07 15:03:29]       [ OK  ] Tipe Source = string (object)
[2026-10-07 15:07:53]     [2026-10-07 15:03:29]       [ OK  ] Tipe TransactionID = string (object)
[2026-10-07 15:07:53]     [2026-10-07 15:03:29]       [ OK  ] Tipe SensorID = string (object)
[2026-10-07 15:07:53]     [2026-10-07 15:03:29]       [ OK  ] Tipe SensorName = string (object)
[2026-10-07 15:07:53]     [2026-10-07 15:03:29]       [GAGAL] Jumlah baris dalam koridor baseline (3849–5208, median historis 4529)
[2026-10-07 15:07:53]     [2026-10-07 15:03:29]               observasi : 3244
[2026-10-07 15:07:53]     [2026-10-07 15:03:29]       [ OK  ] Jumlah TransactionID unik dalam rentang baseline (3205–21426)
[2026-10-07 15:07:53]     [2026-10-07 15:03:29]     
[2026-10-07 15:07:53]     [2026-10-07 15:03:29]     3. FRESHNESS  —  0 lolos / 0 gagal / 1 dilewati
[2026-10-07 15:07:53]     [2026-10-07 15:03:29]     -----------------------------------------------
[2026-10-07 15:07:53]     [2026-10-07 15:03:29]       [GAGAL] BlockSAP bukan string kosong / hanya spasi
[2026-10-07 15:07:53]     [2026-10-07 15:03:29]               observasi : 3244 baris, 88 menyimpang, 0 kosong
[2026-10-07 15:07:53]     [2026-10-07 15:03:29]               menyimpang: 88 baris (2.7127%)
[2026-10-07 15:07:53]     [2026-10-07 15:03:29]               contoh    : ['', '', '', '', '', '', '', '']
[2026-10-07 15:07:53]     [2026-10-07 15:03:29]     
[2026-10-07 15:07:53]     [2026-10-07 15:03:29]     5. UNIQUENESS  —  1 lolos / 0 gagal
[2026-10-07 15:07:53]     [2026-10-07 15:03:29]       [GAGAL] loaded_at >= RecordTime (data tidak diproses sebelum terjadi)
[2026-10-07 15:07:53]     [2026-10-07 15:03:29]               observasi : 3244 baris, 343 menyimpang, 0 kosong
[2026-10-07 15:07:53]     [2026-10-07 15:03:29]               menyimpang: 343 baris (10.5734%)
[2026-10-07 15:07:53]     [2026-10-07 15:03:29]               contoh    : [(numpy.datetime64('2026-10-06T19:02:02.265956000'), numpy.datetime64('2026-10-06T21:40:04.000000')), (numpy.datetime64('2026-10-06T19:02:02.265956000'), numpy.datetime64('2026-10-06T21:40:04.000000')), (numpy.datetime64('2026-10-06T19:02:02.265956000'), numpy.datetime64('2026-10-06T21:40:04.000000')), (numpy.datetime64('2026-10-06T19:02:02.265956000'), numpy.datetime64('2026-10-06T21:40:04.000000')), (numpy.datetime64('2026-10-06T19:02:02.265956000'), numpy.datetime64('2026-10-06T20:40:04.000000')), (numpy.datetime64('2026-10-06T19:02:02.265956000'), numpy.datetime64('2026-10-06T20:40:04.000000')), (numpy.datetime64('2026-10-06T19:02:02.265956000'), numpy.datetime64('2026-10-06T20:40:04.000000')), (numpy.datetime64('2026-10-06T19:02:02.265956000'), numpy.datetime64('2026-10-06T20:40:04.000000'))]
[2026-10-07 15:07:53]     [2026-10-07 15:03:29]     
[2026-10-07 15:07:53]     [2026-10-07 15:03:29]     7. DISTRIBUTION  —  0 lolos / 0 gagal / 1 dilewati
[2026-10-07 15:07:53]     [2026-10-07 15:03:29]       [GAGAL] BlockSAP cocok salah satu dari 4 pola yang dikenal
[2026-10-07 15:07:53]     [2026-10-07 15:03:29]               observasi : 3244 baris, 88 menyimpang, 0 kosong
[2026-10-07 15:07:53]     [2026-10-07 15:03:29]               menyimpang: 88 baris (2.7127%)
[2026-10-07 15:07:53]     [2026-10-07 15:03:29]               contoh    : ['', '', '', '', '', '', '', '']
[2026-10-07 15:07:53]     [2026-10-07 15:03:29]       [ OK  ] Panjang BlockSAP antara 0–8 karakter
[2026-10-07 15:07:53]     [2026-10-07 15:03:29]       [ OK  ] Source bebas dari spasi di awal/akhir (padding tak sengaja)
[2026-10-07 15:07:53]     [2026-10-07 15:03:29]       [GAGAL] SensorName bebas dari spasi di awal/akhir (padding tak sengaja)
[2026-10-07 15:07:53]     [2026-10-07 15:03:29]               observasi : 3244 baris, 69 menyimpang, 0 kosong
[2026-10-07 15:07:53]     [2026-10-07 15:03:29]               menyimpang: 69 baris (2.1270%)
[2026-10-07 15:07:53]     [2026-10-07 15:03:29]               contoh    : ['Battery ', 'Battery ', 'Battery ', 'Battery ', 'Battery ', 'Battery ', 'Battery ', 'Battery ']
[2026-10-07 15:07:53]     [2026-10-07 15:03:29]       [ OK  ] SensorName bebas dari string kosong atau hanya spasi (missing tersembunyi)
[2026-10-07 15:07:53]     [2026-10-07 15:03:29]       [ OK  ] SensorName bebas dari karakter kontrol / non-printable
[2026-10-07 15:07:53]     [2026-10-07 15:03:29]       [GAGAL] BlockSAP bebas dari string kosong atau hanya spasi (missing tersembunyi)
[2026-10-07 15:07:53]     [2026-10-07 15:03:29]               observasi : 3244 baris, 88 menyimpang, 0 kosong
[2026-10-07 15:07:53]     [2026-10-07 15:03:29]               menyimpang: 88 baris (2.7127%)
[2026-10-07 15:07:53]     [2026-10-07 15:03:29]               contoh    : ['', '', '', '', '', '', '', '']
[2026-10-07 15:07:53]     [2026-10-07 15:03:29]       [ OK  ] BlockSAP bebas dari karakter kontrol / non-printable
[2026-10-07 15:07:53]     [2026-10-07 15:03:29]       [ OK  ] BlockSAP bebas dari penggalan HTML/markup (indikasi kebocoran encoding)
[2026-10-07 15:07:53]     [2026-10-07 15:03:29]     VERDIKT: TIDAK LAYAK — ada kegagalan blocking
[2026-10-07 15:07:53]     [2026-10-07 15:03:29]     ====================================================================================================
[2026-10-07 15:07:53]     [2026-10-07 15:03:29]     
[2026-10-07 15:07:53]     [2026-10-07 15:03:29]     Laporan Markdown : /Users/Pooja/Downloads/Great Expectations bronze layer/reports/silver_awl_transactions_validation.md
[2026-10-07 15:07:53]     [2026-10-07 15:03:29]     Laporan JSON     : /Users/Pooja/Downloads/Great Expectations bronze layer/reports/silver_awl_transactions_validation.json
[2026-10-07 15:07:53]     [2026-10-07 15:03:29]   validate exit code = 1  durasi=4.6s
[2026-10-07 15:07:53]     [2026-10-07 15:03:29] END   validate          | dataset=silver_awl_transactions  exit=1  durasi=4.6s  status=GAGAL(1)
[2026-10-07 15:07:53]     [2026-10-07 15:03:29] DONE  silver_awl_transactions      | build=0  validate=1  status=GAGAL
[2026-10-07 15:07:53]     [2026-10-07 15:03:29] 
[2026-10-07 15:07:53]     [2026-10-07 15:03:29] ==============================================================================
[2026-10-07 15:07:53]     [2026-10-07 15:03:29] [3/4] DATASET: silver_pzo_tmat_measurement
[2026-10-07 15:07:53]     [2026-10-07 15:03:29] ==============================================================================
[2026-10-07 15:07:53]     [2026-10-07 15:03:29] START build_reference  | dataset=silver_pzo_tmat_measurement
[2026-10-07 15:07:53]     [2026-10-07 15:03:29]   $ /opt/anaconda3/bin/python /Users/Pooja/Downloads/Great Expectations bronze layer/build_reference.py --config /Users/Pooja/Downloads/Great Expectations bronze layer/silver_data_validation.yml --source s3 --dataset silver_pzo_tmat_measurement
[2026-10-07 15:07:53]     [2026-10-07 15:05:29]     
[2026-10-07 15:07:53]     [2026-10-07 15:05:29]     === silver_pzo_tmat_measurement — Silver PZO TMAT Measurement -- pembacaan manual tinggi muka air piezometer per minggu, digabung dgn master plantation/estate/device/indicator. ===
[2026-10-07 15:07:53]     [2026-10-07 15:05:29]       profil ditulis      : /Users/Pooja/Downloads/Great Expectations bronze layer/profiles/silver_pzo_tmat_measurement.json
[2026-10-07 15:07:53]     [2026-10-07 15:05:29]     ... (8 baris lainnya)
[2026-10-07 15:07:53]     [2026-10-07 15:05:29]           CompanyCode          ['^[A-Z]{2}\\.[A-Z]{3,5}$']
[2026-10-07 15:07:53]     [2026-10-07 15:05:29]           EstCode              ['^[A-Z]{3}$', '^[A-Z]{3}\\d$']
[2026-10-07 15:07:53]     [2026-10-07 15:05:29]           ... dan 17 kolom lain
[2026-10-07 15:07:53]     [2026-10-07 15:05:29]   build_reference exit code = 0  durasi=1m 59.8s
[2026-10-07 15:07:53]     [2026-10-07 15:05:29] END   build_reference  | dataset=silver_pzo_tmat_measurement  exit=0  durasi=1m 59.8s  status=OK
[2026-10-07 15:07:53]     [2026-10-07 15:05:29] START validate         | dataset=silver_pzo_tmat_measurement
[2026-10-07 15:07:53]     [2026-10-07 15:05:29]   $ /opt/anaconda3/bin/python /Users/Pooja/Downloads/Great Expectations bronze layer/validate.py --config /Users/Pooja/Downloads/Great Expectations bronze layer/silver_data_validation.yml --source s3 --dataset silver_pzo_tmat_measurement --mode harian --no-data-docs --date 2026-10-06 --fallback-latest
[2026-10-07 15:07:53]     [2026-10-07 15:05:33]     Memuat [s3]: s3://kpn-gis-s3-bucket/datalake/silver/pzo/tmat_measurement/recorded_year=2026/recorded_month=10/recorded_day=06/part-00000-f0aeab60-c5b5-4597-9ec8-433223a934e4.c000.zstd.parquet
[2026-10-07 15:07:53]     [2026-10-07 15:05:33]     
[2026-10-07 15:07:53]     [2026-10-07 15:05:33]     ====================================================================================================
[2026-10-07 15:07:53]     [2026-10-07 15:05:33]     HASIL VALIDASI — SILVER_PZO_TMAT_MEASUREMENT — 8 DIMENSI KUALITAS DATA
[2026-10-07 15:07:53]     [2026-10-07 15:05:33]     ====================================================================================================
[2026-10-07 15:07:53]     [2026-10-07 15:05:33]       Dataset   : silver_pzo_tmat_measurement  (Silver PZO TMAT Measurement -- pembacaan manual tinggi muka air piezometer per minggu, digabung dgn master plantation/estate/device/indicator.)
[2026-10-07 15:07:53]     [2026-10-07 15:05:33]       [GAGAL] Jumlah baris dalam koridor baseline (236–319, median historis 278)
[2026-10-07 15:07:53]     [2026-10-07 15:05:33]               observasi : 527
[2026-10-07 15:07:53]     [2026-10-07 15:05:33]       [ OK  ] Jumlah PieRecordID unik dalam rentang baseline (1–1390)
[2026-10-07 15:07:53]     [2026-10-07 15:05:33]     
[2026-10-07 15:07:53]     [2026-10-07 15:05:33]     3. FRESHNESS  —  0 lolos / 0 gagal / 1 dilewati
[2026-10-07 15:07:53]     [2026-10-07 15:05:33]     -----------------------------------------------
[2026-10-07 15:07:53]     [2026-10-07 15:05:33]     VERDIKT: TIDAK LAYAK — ada kegagalan blocking
[2026-10-07 15:07:53]     [2026-10-07 15:05:33]     ====================================================================================================
[2026-10-07 15:07:53]     [2026-10-07 15:05:33]     
[2026-10-07 15:07:53]     [2026-10-07 15:05:33]     Laporan Markdown : /Users/Pooja/Downloads/Great Expectations bronze layer/reports/silver_pzo_tmat_measurement_validation.md
[2026-10-07 15:07:53]     [2026-10-07 15:05:33]     Laporan JSON     : /Users/Pooja/Downloads/Great Expectations bronze layer/reports/silver_pzo_tmat_measurement_validation.json
[2026-10-07 15:07:53]     [2026-10-07 15:05:33]   validate exit code = 1  durasi=4.5s
[2026-10-07 15:07:53]     [2026-10-07 15:05:33] END   validate          | dataset=silver_pzo_tmat_measurement  exit=1  durasi=4.5s  status=GAGAL(1)
[2026-10-07 15:07:53]     [2026-10-07 15:05:33] DONE  silver_pzo_tmat_measurement  | build=0  validate=1  status=GAGAL
[2026-10-07 15:07:53]     [2026-10-07 15:05:33] 
[2026-10-07 15:07:53]     [2026-10-07 15:05:33] ==============================================================================
[2026-10-07 15:07:53]     [2026-10-07 15:05:33] [4/4] DATASET: silver_rs_transactions
[2026-10-07 15:07:53]     [2026-10-07 15:05:33] ==============================================================================
[2026-10-07 15:07:53]     [2026-10-07 15:05:33] START build_reference  | dataset=silver_rs_transactions
[2026-10-07 15:07:53]     [2026-10-07 15:05:33]   $ /opt/anaconda3/bin/python /Users/Pooja/Downloads/Great Expectations bronze layer/build_reference.py --config /Users/Pooja/Downloads/Great Expectations bronze layer/silver_data_validation.yml --source s3 --dataset silver_rs_transactions
[2026-10-07 15:07:53]     [2026-10-07 15:07:50]     
[2026-10-07 15:07:53]     [2026-10-07 15:07:50]     === silver_rs_transactions — Silver RS Transactions -- data curah hujan manual per stasiun per periode, digabung dgn master plantation/estate/lokasi. ===
[2026-10-07 15:07:53]     [2026-10-07 15:07:50]       profil ditulis      : /Users/Pooja/Downloads/Great Expectations bronze layer/profiles/silver_rs_transactions.json
[2026-10-07 15:07:53]     [2026-10-07 15:07:50]     ... (8 baris lainnya)
[2026-10-07 15:07:53]     [2026-10-07 15:07:50]           created_name         ['^[A-Z][a-z]{3}\\ [A-Z][a-z]{5}$']
[2026-10-07 15:07:53]     [2026-10-07 15:07:50]           plantation           ['^[A-Z]{4,8}$']
[2026-10-07 15:07:53]     [2026-10-07 15:07:50]           ... dan 6 kolom lain
[2026-10-07 15:07:53]     [2026-10-07 15:07:50]   build_reference exit code = 0  durasi=2m 16.6s
[2026-10-07 15:07:53]     [2026-10-07 15:07:50] END   build_reference  | dataset=silver_rs_transactions  exit=0  durasi=2m 16.6s  status=OK
[2026-10-07 15:07:53]     [2026-10-07 15:07:50] START validate         | dataset=silver_rs_transactions
[2026-10-07 15:07:53]     [2026-10-07 15:07:50]   $ /opt/anaconda3/bin/python /Users/Pooja/Downloads/Great Expectations bronze layer/validate.py --config /Users/Pooja/Downloads/Great Expectations bronze layer/silver_data_validation.yml --source s3 --dataset silver_rs_transactions --mode harian --no-data-docs --date 2026-10-06 --fallback-latest
[2026-10-07 15:07:53]     [2026-10-07 15:07:53]     Memuat [s3]: s3://kpn-gis-s3-bucket/datalake/silver/rs/rs_transactions/recorded_year=2026/recorded_month=10/recorded_day=06/part-00000-05737ceb-b2d7-4d18-b7bf-e97a6716be88.c000.zstd.parquet
[2026-10-07 15:07:53]     [2026-10-07 15:07:53]     
[2026-10-07 15:07:53]     [2026-10-07 15:07:53]     ====================================================================================================
[2026-10-07 15:07:53]     [2026-10-07 15:07:53]     HASIL VALIDASI — SILVER_RS_TRANSACTIONS — 8 DIMENSI KUALITAS DATA
[2026-10-07 15:07:53]     [2026-10-07 15:07:53]     ====================================================================================================
[2026-10-07 15:07:53]     [2026-10-07 15:07:53]       Dataset   : silver_rs_transactions  (Silver RS Transactions -- data curah hujan manual per stasiun per periode, digabung dgn master plantation/estate/lokasi.)
[2026-10-07 15:07:53]     [2026-10-07 15:07:53]       [GAGAL] station_id_sap bukan string kosong / hanya spasi
[2026-10-07 15:07:53]     [2026-10-07 15:07:53]               observasi : 59 baris, 14 menyimpang, 0 kosong
[2026-10-07 15:07:53]     [2026-10-07 15:07:53]               menyimpang: 14 baris (23.7288%)
[2026-10-07 15:07:53]     [2026-10-07 15:07:53]               contoh    : ['', '', '', '', '', '', '', '']
[2026-10-07 15:07:53]     [2026-10-07 15:07:53]       [GAGAL] station_sap bukan string kosong / hanya spasi
[2026-10-07 15:07:53]     [2026-10-07 15:07:53]               observasi : 59 baris, 14 menyimpang, 0 kosong
[2026-10-07 15:07:53]     [2026-10-07 15:07:53]               menyimpang: 14 baris (23.7288%)
[2026-10-07 15:07:53]     [2026-10-07 15:07:53]               contoh    : ['', '', '', '', '', '', '', '']
[2026-10-07 15:07:53]     [2026-10-07 15:07:53]       [ OK  ] status bukan string kosong / hanya spasi
[2026-10-07 15:07:53]     [2026-10-07 15:07:53]       [ OK  ] created_name bukan string kosong / hanya spasi
[2026-10-07 15:07:53]     [2026-10-07 15:07:53]       [GAGAL] plantation bukan string kosong / hanya spasi
[2026-10-07 15:07:53]     [2026-10-07 15:07:53]               observasi : 59 baris, 14 menyimpang, 0 kosong
[2026-10-07 15:07:53]     [2026-10-07 15:07:53]               menyimpang: 14 baris (23.7288%)
[2026-10-07 15:07:53]     [2026-10-07 15:07:53]               contoh    : ['', '', '', '', '', '', '', '']
[2026-10-07 15:07:53]     [2026-10-07 15:07:53]       [GAGAL] grouping bukan string kosong / hanya spasi
[2026-10-07 15:07:53]     [2026-10-07 15:07:53]               observasi : 59 baris, 14 menyimpang, 0 kosong
[2026-10-07 15:07:53]     [2026-10-07 15:07:53]               menyimpang: 14 baris (23.7288%)
[2026-10-07 15:07:53]     [2026-10-07 15:07:53]               contoh    : ['', '', '', '', '', '', '', '']
[2026-10-07 15:07:53]     [2026-10-07 15:07:53]       [GAGAL] company_code bukan string kosong / hanya spasi
[2026-10-07 15:07:53]     [2026-10-07 15:07:53]               observasi : 59 baris, 14 menyimpang, 0 kosong
[2026-10-07 15:07:53]     [2026-10-07 15:07:53]               menyimpang: 14 baris (23.7288%)
[2026-10-07 15:07:53]     [2026-10-07 15:07:53]               contoh    : ['', '', '', '', '', '', '', '']
[2026-10-07 15:07:53]     [2026-10-07 15:07:53]       [GAGAL] est_code bukan string kosong / hanya spasi
[2026-10-07 15:07:53]     [2026-10-07 15:07:53]               observasi : 59 baris, 14 menyimpang, 0 kosong
[2026-10-07 15:07:53]     [2026-10-07 15:07:53]               menyimpang: 14 baris (23.7288%)
[2026-10-07 15:07:53]     [2026-10-07 15:07:53]               contoh    : ['', '', '', '', '', '', '', '']
[2026-10-07 15:07:53]     [2026-10-07 15:07:53]       [ OK  ] est_new_code bukan string kosong / hanya spasi
[2026-10-07 15:07:53]     [2026-10-07 15:07:53]       [ OK  ] est_code_sap bukan string kosong / hanya spasi
[2026-10-07 15:07:53]     [2026-10-07 15:07:53]       [GAGAL] station_id_sap cocok salah satu dari 3 pola yang dikenal
[2026-10-07 15:07:53]     [2026-10-07 15:07:53]               observasi : 59 baris, 14 menyimpang, 0 kosong
[2026-10-07 15:07:53]     [2026-10-07 15:07:53]               menyimpang: 14 baris (23.7288%)
[2026-10-07 15:07:53]     [2026-10-07 15:07:53]               contoh    : ['', '', '', '', '', '', '', '']
[2026-10-07 15:07:53]     [2026-10-07 15:07:53]       [ OK  ] Panjang station_id_sap antara 0–16 karakter
[2026-10-07 15:07:53]     [2026-10-07 15:07:53]       [GAGAL] station_sap cocok salah satu dari 3 pola yang dikenal
[2026-10-07 15:07:53]     [2026-10-07 15:07:53]               observasi : 59 baris, 14 menyimpang, 0 kosong
[2026-10-07 15:07:53]     [2026-10-07 15:07:53]               menyimpang: 14 baris (23.7288%)
[2026-10-07 15:07:53]     [2026-10-07 15:07:53]               contoh    : ['', '', '', '', '', '', '', '']
[2026-10-07 15:07:53]     [2026-10-07 15:07:53]       [ OK  ] Panjang station_sap antara 0–10 karakter
[2026-10-07 15:07:53]     [2026-10-07 15:07:53]       [ OK  ] status cocok salah satu dari 2 pola yang dikenal
[2026-10-07 15:07:53]     [2026-10-07 15:07:53]       [GAGAL] plantation cocok pola yang dikenal
[2026-10-07 15:07:53]     [2026-10-07 15:07:53]               observasi : 59 baris, 14 menyimpang, 0 kosong
[2026-10-07 15:07:53]     [2026-10-07 15:07:53]               menyimpang: 14 baris (23.7288%)
[2026-10-07 15:07:53]     [2026-10-07 15:07:53]               contoh    : ['', '', '', '', '', '', '', '']
[2026-10-07 15:07:53]     [2026-10-07 15:07:53]       [ OK  ] Panjang plantation antara 0–8 karakter
[2026-10-07 15:07:53]     [2026-10-07 15:07:53]       [GAGAL] grouping cocok salah satu dari 5 pola yang dikenal
[2026-10-07 15:07:53]     [2026-10-07 15:07:53]               observasi : 59 baris, 14 menyimpang, 0 kosong
[2026-10-07 15:07:53]     [2026-10-07 15:07:53]               menyimpang: 14 baris (23.7288%)
[2026-10-07 15:07:53]     [2026-10-07 15:07:53]               contoh    : ['', '', '', '', '', '', '', '']
[2026-10-07 15:07:53]     [2026-10-07 15:07:53]       [ OK  ] Panjang grouping antara 0–17 karakter
[2026-10-07 15:07:53]     [2026-10-07 15:07:53]       [GAGAL] company_code cocok pola yang dikenal
[2026-10-07 15:07:53]     [2026-10-07 15:07:53]               observasi : 59 baris, 14 menyimpang, 0 kosong
[2026-10-07 15:07:53]     [2026-10-07 15:07:53]               menyimpang: 14 baris (23.7288%)
[2026-10-07 15:07:53]     [2026-10-07 15:07:53]               contoh    : ['', '', '', '', '', '', '', '']
[2026-10-07 15:07:53]     [2026-10-07 15:07:53]       [ OK  ] Panjang company_code antara 0–8 karakter
[2026-10-07 15:07:53]     [2026-10-07 15:07:53]       [GAGAL] est_code cocok salah satu dari 2 pola yang dikenal
[2026-10-07 15:07:53]     [2026-10-07 15:07:53]               observasi : 59 baris, 14 menyimpang, 0 kosong
[2026-10-07 15:07:53]     [2026-10-07 15:07:53]               menyimpang: 14 baris (23.7288%)
[2026-10-07 15:07:53]     [2026-10-07 15:07:53]               contoh    : ['', '', '', '', '', '', '', '']
[2026-10-07 15:07:53]     [2026-10-07 15:07:53]       [ OK  ] Panjang est_code antara 0–4 karakter
[2026-10-07 15:07:53]     [2026-10-07 15:07:53]       [ OK  ] est_new_code cocok salah satu dari 2 pola yang dikenal
[2026-10-07 15:07:53]     [2026-10-07 15:07:53]       [GAGAL] station_id_sap bebas dari string kosong atau hanya spasi (missing tersembunyi)
[2026-10-07 15:07:53]     [2026-10-07 15:07:53]               observasi : 59 baris, 14 menyimpang, 0 kosong
[2026-10-07 15:07:53]     [2026-10-07 15:07:53]               menyimpang: 14 baris (23.7288%)
[2026-10-07 15:07:53]     [2026-10-07 15:07:53]               contoh    : ['', '', '', '', '', '', '', '']
[2026-10-07 15:07:53]     [2026-10-07 15:07:53]       [ OK  ] station_id_sap bebas dari karakter kontrol / non-printable
[2026-10-07 15:07:53]     [2026-10-07 15:07:53]       [ OK  ] station_id_sap bebas dari penggalan HTML/markup (indikasi kebocoran encoding)
[2026-10-07 15:07:53]     [2026-10-07 15:07:53]       [GAGAL] station_sap bebas dari string kosong atau hanya spasi (missing tersembunyi)
[2026-10-07 15:07:53]     [2026-10-07 15:07:53]               observasi : 59 baris, 14 menyimpang, 0 kosong
[2026-10-07 15:07:53]     [2026-10-07 15:07:53]               menyimpang: 14 baris (23.7288%)
[2026-10-07 15:07:53]     [2026-10-07 15:07:53]               contoh    : ['', '', '', '', '', '', '', '']
[2026-10-07 15:07:53]     [2026-10-07 15:07:53]       [ OK  ] station_sap bebas dari karakter kontrol / non-printable
[2026-10-07 15:07:53]     [2026-10-07 15:07:53]       [ OK  ] station_sap bebas dari penggalan HTML/markup (indikasi kebocoran encoding)
[2026-10-07 15:07:53]     [2026-10-07 15:07:53]       [GAGAL] plantation bebas dari string kosong atau hanya spasi (missing tersembunyi)
[2026-10-07 15:07:53]     [2026-10-07 15:07:53]               observasi : 59 baris, 14 menyimpang, 0 kosong
[2026-10-07 15:07:53]     [2026-10-07 15:07:53]               menyimpang: 14 baris (23.7288%)
[2026-10-07 15:07:53]     [2026-10-07 15:07:53]               contoh    : ['', '', '', '', '', '', '', '']
[2026-10-07 15:07:53]     [2026-10-07 15:07:53]       [ OK  ] plantation bebas dari karakter kontrol / non-printable
[2026-10-07 15:07:53]     [2026-10-07 15:07:53]       [ OK  ] plantation bebas dari penggalan HTML/markup (indikasi kebocoran encoding)
[2026-10-07 15:07:53]     [2026-10-07 15:07:53]       [GAGAL] grouping bebas dari string kosong atau hanya spasi (missing tersembunyi)
[2026-10-07 15:07:53]     [2026-10-07 15:07:53]               observasi : 59 baris, 14 menyimpang, 0 kosong
[2026-10-07 15:07:53]     [2026-10-07 15:07:53]               menyimpang: 14 baris (23.7288%)
[2026-10-07 15:07:53]     [2026-10-07 15:07:53]               contoh    : ['', '', '', '', '', '', '', '']
[2026-10-07 15:07:53]     [2026-10-07 15:07:53]       [ OK  ] grouping bebas dari karakter kontrol / non-printable
[2026-10-07 15:07:53]     [2026-10-07 15:07:53]       [ OK  ] grouping bebas dari penggalan HTML/markup (indikasi kebocoran encoding)
[2026-10-07 15:07:53]     [2026-10-07 15:07:53]       [GAGAL] company_code bebas dari string kosong atau hanya spasi (missing tersembunyi)
[2026-10-07 15:07:53]     [2026-10-07 15:07:53]               observasi : 59 baris, 14 menyimpang, 0 kosong
[2026-10-07 15:07:53]     [2026-10-07 15:07:53]               menyimpang: 14 baris (23.7288%)
[2026-10-07 15:07:53]     [2026-10-07 15:07:53]               contoh    : ['', '', '', '', '', '', '', '']
[2026-10-07 15:07:53]     [2026-10-07 15:07:53]       [ OK  ] company_code bebas dari karakter kontrol / non-printable
[2026-10-07 15:07:53]     [2026-10-07 15:07:53]       [ OK  ] company_code bebas dari penggalan HTML/markup (indikasi kebocoran encoding)
[2026-10-07 15:07:53]     [2026-10-07 15:07:53]       [GAGAL] est_code bebas dari string kosong atau hanya spasi (missing tersembunyi)
[2026-10-07 15:07:53]     [2026-10-07 15:07:53]               observasi : 59 baris, 14 menyimpang, 0 kosong
[2026-10-07 15:07:53]     [2026-10-07 15:07:53]               menyimpang: 14 baris (23.7288%)
[2026-10-07 15:07:53]     [2026-10-07 15:07:53]               contoh    : ['', '', '', '', '', '', '', '']
[2026-10-07 15:07:53]     [2026-10-07 15:07:53]       [ OK  ] est_code bebas dari karakter kontrol / non-printable
[2026-10-07 15:07:53]     [2026-10-07 15:07:53]       [ OK  ] est_code bebas dari penggalan HTML/markup (indikasi kebocoran encoding)
[2026-10-07 15:07:53]     [2026-10-07 15:07:53]     VERDIKT: TIDAK LAYAK — ada kegagalan blocking
[2026-10-07 15:07:53]     [2026-10-07 15:07:53]     ====================================================================================================
[2026-10-07 15:07:53]     [2026-10-07 15:07:53]     
[2026-10-07 15:07:53]     [2026-10-07 15:07:53]     Laporan Markdown : /Users/Pooja/Downloads/Great Expectations bronze layer/reports/silver_rs_transactions_validation.md
[2026-10-07 15:07:53]     [2026-10-07 15:07:53]     Laporan JSON     : /Users/Pooja/Downloads/Great Expectations bronze layer/reports/silver_rs_transactions_validation.json
[2026-10-07 15:07:53]     [2026-10-07 15:07:53]   validate exit code = 1  durasi=3.2s
[2026-10-07 15:07:53]     [2026-10-07 15:07:53] END   validate          | dataset=silver_rs_transactions  exit=1  durasi=3.2s  status=GAGAL(1)
[2026-10-07 15:07:53]     [2026-10-07 15:07:53] DONE  silver_rs_transactions       | build=0  validate=1  status=GAGAL
[2026-10-07 15:07:53]     [2026-10-07 15:07:53] 
[2026-10-07 15:07:53]     [2026-10-07 15:07:53] ==============================================================================
[2026-10-07 15:07:53]     [2026-10-07 15:07:53] RINGKASAN VALIDASI
[2026-10-07 15:07:53]     [2026-10-07 15:07:53] ==============================================================================
[2026-10-07 15:07:53]     [2026-10-07 15:07:53]   silver_ars_transactions                    build=0  validate=1  durasi_build=  4m 44.7s  durasi_val=      5.6s  → GAGAL
[2026-10-07 15:07:53]     [2026-10-07 15:07:53]   silver_awl_transactions                    build=0  validate=1  durasi_build=   5m 9.5s  durasi_val=      4.6s  → GAGAL
[2026-10-07 15:07:53]     [2026-10-07 15:07:53]   silver_pzo_tmat_measurement                build=0  validate=1  durasi_build=  1m 59.8s  durasi_val=      4.5s  → GAGAL
[2026-10-07 15:07:53]     [2026-10-07 15:07:53]   silver_rs_transactions                     build=0  validate=1  durasi_build=  2m 16.6s  durasi_val=      3.2s  → GAGAL
[2026-10-07 15:07:53]     [2026-10-07 15:07:53] 
[2026-10-07 15:07:53]     [2026-10-07 15:07:53] Total dataset       : 4
[2026-10-07 15:07:53]     [2026-10-07 15:07:53] Lolos               : 0
[2026-10-07 15:07:53]     [2026-10-07 15:07:53] Gagal blocking      : 4
[2026-10-07 15:07:53]     [2026-10-07 15:07:53] Total durasi run    : 14m 28.6s
[2026-10-07 15:07:53]     [2026-10-07 15:07:53] Log lengkap         : /Users/Pooja/Downloads/Great Expectations bronze layer/scheduler/logs/silver_2026-10-07.log
[2026-10-07 15:07:53]     [2026-10-07 15:07:53] 
[2026-10-07 15:07:53]     [2026-10-07 15:07:53] ==============================================================================
[2026-10-07 15:07:53]     [2026-10-07 15:07:53] FILTER UNTUK EMAIL — layer=silver
[2026-10-07 15:07:53]     [2026-10-07 15:07:53] ==============================================================================
[2026-10-07 15:07:53]     [2026-10-07 15:07:53] dimensi filter: ['1. SCHEMA', '10. FORMAT & PATTERN COMPLIANCE', '4. MISSINGNESS', '5. UNIQUENESS', '6. INTEGRITY', '8. DATA CLEANLINESS & ENCODING']
[2026-10-07 15:07:53]     [2026-10-07 15:07:53]   [lampiran] filter dimensi: ['1. SCHEMA', '10. FORMAT & PATTERN COMPLIANCE', '4. MISSINGNESS', '5. UNIQUENESS', '6. INTEGRITY', '8. DATA CLEANLINESS & ENCODING']
[2026-10-07 15:07:53]     [2026-10-07 15:07:53]   [lampiran] grace=3600s  batas_mtime=13:53:24
[2026-10-07 15:07:53]     [2026-10-07 15:07:53]   [lampiran] proses silver_ars_transactions (umur 579s)
[2026-10-07 15:07:53]     [2026-10-07 15:07:53]     [filter] silver_ars_transactions: 6 dimensi terfilter dari 12 dimensi di source
[2026-10-07 15:07:53]     [2026-10-07 15:07:53]   [lampiran] proses silver_awl_transactions (umur 264s)
[2026-10-07 15:07:53]     [2026-10-07 15:07:53]     [filter] silver_awl_transactions: 6 dimensi terfilter dari 12 dimensi di source
[2026-10-07 15:07:53]     [2026-10-07 15:07:53]   [lampiran] proses silver_pzo_tmat_measurement (umur 140s)
[2026-10-07 15:07:53]     [2026-10-07 15:07:53]     [filter] silver_pzo_tmat_measurement: 6 dimensi terfilter dari 12 dimensi di source
[2026-10-07 15:07:53]     [2026-10-07 15:07:53]   [lampiran] proses silver_rs_transactions (umur 0s)
[2026-10-07 15:07:53]     [2026-10-07 15:07:53]     [filter] silver_rs_transactions: 6 dimensi terfilter dari 12 dimensi di source
[2026-10-07 15:07:53]     [2026-10-07 15:07:53]   [summary] silver: /Users/Pooja/Downloads/Great Expectations bronze layer/reports/_summary_silver_2026-10-07.json
[2026-10-07 15:07:53]     [2026-10-07 15:07:53] Lampiran JSON siap: 5 file
[2026-10-07 15:07:53]     [2026-10-07 15:07:53]   - silver_ars_transactions_email_validation.json           (98.8 KB)
[2026-10-07 15:07:53]     [2026-10-07 15:07:53]   - silver_awl_transactions_email_validation.json           (106.6 KB)
[2026-10-07 15:07:53]     [2026-10-07 15:07:53]   - silver_pzo_tmat_measurement_email_validation.json       (131.5 KB)
[2026-10-07 15:07:53]     [2026-10-07 15:07:53]   - silver_rs_transactions_email_validation.json            (73.3 KB)
[2026-10-07 15:07:53]     [2026-10-07 15:07:53]   - _summary_silver_2026-10-07.json                         (5.6 KB)
[2026-10-07 15:07:53]     [2026-10-07 15:07:53] 
[2026-10-07 15:07:53]     [2026-10-07 15:07:53] Status email: 1 lolos, 3 gagal, 0 error (total 4)
[2026-10-07 15:07:53]     [2026-10-07 15:07:53] 
[2026-10-07 15:07:53]     [2026-10-07 15:07:53] ==============================================================================
[2026-10-07 15:07:53]     [2026-10-07 15:07:53] KIRIM EMAIL
[2026-10-07 15:07:53]     [2026-10-07 15:07:53] ==============================================================================
[2026-10-07 15:07:53]     [2026-10-07 15:07:53] [mailer] --no-email, skip kirim email.
[2026-10-07 15:07:53]     [2026-10-07 15:07:53] 
[2026-10-07 15:07:53]     [2026-10-07 15:07:53] ==============================================================================
[2026-10-07 15:07:53]     [2026-10-07 15:07:53] SELESAI
[2026-10-07 15:07:53]     [2026-10-07 15:07:53] ==============================================================================
[2026-10-07 15:07:53]     [2026-10-07 15:07:53] validasi lengkap : 4 blocking dari 4 dataset (semua 12 dimensi)
[2026-10-07 15:07:53]     [2026-10-07 15:07:53] filter per-layer : 3 gagal, 0 error (dari 4 dataset, dimensi silver)
[2026-10-07 15:07:53]     [2026-10-07 15:07:53] exit code        : 1  (mengikuti filter silver)
[2026-10-07 15:07:53]     [2026-10-07 15:07:53] durasi total     : 14m 28.6s
[2026-10-07 15:07:53]   layer silver exit code = 1 durasi=14m 28.7s
[2026-10-07 15:07:53] 
[2026-10-07 15:07:53] ==============================================================================
[2026-10-07 15:07:53] RINGKASAN CROSS-LAYER
[2026-10-07 15:07:53] ==============================================================================
[2026-10-07 15:07:53]   Silver Layer          exit=1    durasi= 14m 28.7s  → GAGAL
[2026-10-07 15:07:53] 
[2026-10-07 15:07:53] Total layer     : 1
[2026-10-07 15:07:53] Total durasi    : 14m 28.7s
[2026-10-07 15:07:53] 
[2026-10-07 15:07:53] ==============================================================================
[2026-10-07 15:07:53] KIRIM EMAIL CROSS-LAYER
[2026-10-07 15:07:53] ==============================================================================
[2026-10-07 15:07:53] [mailer] ringkasan: total=4  gagal=0  error=4
[2026-10-07 15:07:53] [mailer] lampiran: 2 file
[2026-10-07 15:07:53]   - silver_2026-10-07.log                                   (35.1 KB)
[2026-10-07 15:07:53]   - _summary_silver_2026-10-07.json                         (5.6 KB)
[2026-10-07 15:07:53] [mailer] memanggil mailer.kirim() ...
[2026-10-07 15:07:53] [mailer] EXCEPTION: KeyError: 'validate'
[2026-10-07 15:07:53]     Traceback (most recent call last):
[2026-10-07 15:07:53]       File "/Users/Pooja/Downloads/Great Expectations bronze layer/scheduler/run_all_layers.py", line 543, in main
[2026-10-07 15:07:53]         sukses = mailer.kirim(
[2026-10-07 15:07:53]                  ^^^^^^^^^^^^^
[2026-10-07 15:07:53]       File "/Users/Pooja/Downloads/Great Expectations bronze layer/scheduler/mailer.py", line 307, in kirim
[2026-10-07 15:07:53]         text, html = _bangun_body(ringkasan, log_path)
[2026-10-07 15:07:53]                      ^^^^^^^^^^^^^^^^^^^^^^^^^^^^^^^^^
[2026-10-07 15:07:53]       File "/Users/Pooja/Downloads/Great Expectations bronze layer/scheduler/mailer.py", line 178, in _bangun_body
[2026-10-07 15:07:53]         if r["validate"] == 0:
[2026-10-07 15:07:53]            ~^^^^^^^^^^^^
[2026-10-07 15:07:53]     KeyError: 'validate'
[2026-10-07 15:07:53] 
[2026-10-07 15:07:53] ==============================================================================
[2026-10-07 15:07:53] SELESAI
[2026-10-07 15:07:53] ==============================================================================
[2026-10-07 15:07:53] exit code: 1
[2026-10-07 15:07:53] durasi total: 14m 28.7s
[2026-10-07 15:17:13] 
[2026-10-07 15:17:13] ==============================================================================
[2026-10-07 15:17:13] RUN VALIDASI CROSS-LAYER
[2026-10-07 15:17:13] ==============================================================================
[2026-10-07 15:17:13] ROOT       : /Users/Pooja/Downloads/Great Expectations bronze layer
[2026-10-07 15:17:13] log        : /Users/Pooja/Downloads/Great Expectations bronze layer/scheduler/logs/cross_layer_2026-10-07.log
[2026-10-07 15:17:13] python     : /opt/anaconda3/bin/python
[2026-10-07 15:17:13] start      : 2026-10-07 15:17:13
[2026-10-07 15:17:13] opsi       : source=s3  mode=harian  build=TIDAK  reconcile=YA  email=YA  date=2026-10-06
[2026-10-07 15:17:13] layers     : silver
[2026-10-07 15:17:13] 
[2026-10-07 15:17:13] ==============================================================================
[2026-10-07 15:17:13] LAYER: SILVER
[2026-10-07 15:17:13] ==============================================================================
[2026-10-07 15:17:13]   $ /opt/anaconda3/bin/python /Users/Pooja/Downloads/Great Expectations bronze layer/scheduler/run_validation.py --layer silver --source s3 --mode harian --no-email --no-build --date 2026-10-06 --fallback-latest
[2026-10-07 15:17:28]     [2026-10-07 15:17:13] 
[2026-10-07 15:17:28]     [2026-10-07 15:17:13] ==============================================================================
[2026-10-07 15:17:28]     [2026-10-07 15:17:13] RUN VALIDASI — silver_data_validation.yml
[2026-10-07 15:17:28]     [2026-10-07 15:17:13] ==============================================================================
[2026-10-07 15:17:28]     [2026-10-07 15:17:13] config     : /Users/Pooja/Downloads/Great Expectations bronze layer/silver_data_validation.yml
[2026-10-07 15:17:28]     [2026-10-07 15:17:13] ROOT       : /Users/Pooja/Downloads/Great Expectations bronze layer
[2026-10-07 15:17:28]     [2026-10-07 15:17:13] log        : /Users/Pooja/Downloads/Great Expectations bronze layer/scheduler/logs/silver_2026-10-07.log
[2026-10-07 15:17:28]     [2026-10-07 15:17:13] python     : /opt/anaconda3/bin/python
[2026-10-07 15:17:28]     [2026-10-07 15:17:13] start      : 2026-10-07 15:17:13
[2026-10-07 15:17:28]     [2026-10-07 15:17:13] opsi       : source=s3  mode=harian  build=TIDAK  reconcile=YA  email=TIDAK
[2026-10-07 15:17:28]     [2026-10-07 15:17:13] sanity check: semua path OK
[2026-10-07 15:17:28]     [2026-10-07 15:17:13] Total dataset: 4
[2026-10-07 15:17:28]     [2026-10-07 15:17:13]     1. silver_ars_transactions
[2026-10-07 15:17:28]     [2026-10-07 15:17:13]     2. silver_awl_transactions
[2026-10-07 15:17:28]     [2026-10-07 15:17:13]     3. silver_pzo_tmat_measurement
[2026-10-07 15:17:28]     [2026-10-07 15:17:13]     4. silver_rs_transactions
[2026-10-07 15:17:28]     [2026-10-07 15:17:13] 
[2026-10-07 15:17:28]     [2026-10-07 15:17:13] ==============================================================================
[2026-10-07 15:17:28]     [2026-10-07 15:17:13] [1/4] DATASET: silver_ars_transactions
[2026-10-07 15:17:28]     [2026-10-07 15:17:13] ==============================================================================
[2026-10-07 15:17:28]     [2026-10-07 15:17:13] SKIP  build_reference  | dataset=silver_ars_transactions (--no-build)
[2026-10-07 15:17:28]     [2026-10-07 15:17:13] START validate         | dataset=silver_ars_transactions
[2026-10-07 15:17:28]     [2026-10-07 15:17:13]   $ /opt/anaconda3/bin/python /Users/Pooja/Downloads/Great Expectations bronze layer/validate.py --config /Users/Pooja/Downloads/Great Expectations bronze layer/silver_data_validation.yml --source s3 --dataset silver_ars_transactions --mode harian --no-data-docs --date 2026-10-06 --fallback-latest
[2026-10-07 15:17:28]     [2026-10-07 15:17:17]     Memuat [s3]: s3://kpn-gis-s3-bucket/datalake/silver/ars/ars_transactions/recorded_year=2026/recorded_month=10/recorded_day=06/part-00000-54d0c295-c969-4cd1-86b6-ae8da1302fe3.c000.zstd.parquet
[2026-10-07 15:17:28]     [2026-10-07 15:17:17]     
[2026-10-07 15:17:28]     [2026-10-07 15:17:17]     ====================================================================================================
[2026-10-07 15:17:28]     [2026-10-07 15:17:17]     HASIL VALIDASI — SILVER_ARS_TRANSACTIONS — 8 DIMENSI KUALITAS DATA
[2026-10-07 15:17:28]     [2026-10-07 15:17:17]     ====================================================================================================
[2026-10-07 15:17:28]     [2026-10-07 15:17:17]       Dataset   : silver_ars_transactions  (Silver ARS Transactions -- raw copy dbo.Silver_ARS_Transactions, TANPA join/filter. Window custom 07:00->07:00 hari berikutnya (SAMA dgn idempotency delete sp_ETL_LoadSilver_ARS_Transactions Step 1), BUKAN kalender 00:00-24:00 biasa.)
[2026-10-07 15:17:28]     [2026-10-07 15:17:17]       [GAGAL] Jumlah baris dalam koridor baseline (563–762, median historis 663)
[2026-10-07 15:17:28]     [2026-10-07 15:17:17]               observasi : 507
[2026-10-07 15:17:28]     [2026-10-07 15:17:17]       [ OK  ] Jumlah transaction_id unik dalam rentang baseline (336–912)
[2026-10-07 15:17:28]     [2026-10-07 15:17:17]     
[2026-10-07 15:17:28]     [2026-10-07 15:17:17]     3. FRESHNESS  —  0 lolos / 0 gagal / 1 dilewati
[2026-10-07 15:17:28]     [2026-10-07 15:17:17]     -----------------------------------------------
[2026-10-07 15:17:28]     [2026-10-07 15:17:17]       [GAGAL] value tidak boleh null
[2026-10-07 15:17:28]     [2026-10-07 15:17:17]               observasi : 507 baris, 239 menyimpang, None kosong
[2026-10-07 15:17:28]     [2026-10-07 15:17:17]               menyimpang: 239 baris (47.1400%)
[2026-10-07 15:17:28]     [2026-10-07 15:17:17]               contoh    : [nan, nan, nan, nan, nan, nan, nan, nan]
[2026-10-07 15:17:28]     [2026-10-07 15:17:17]       [ OK  ] record_time tidak boleh null
[2026-10-07 15:17:28]     [2026-10-07 15:17:17]       [ OK  ] is_manual tidak boleh null
[2026-10-07 15:17:28]     [2026-10-07 15:17:17]       [GAGAL] loaded_at >= record_time (data tidak diproses sebelum terjadi)
[2026-10-07 15:17:28]     [2026-10-07 15:17:17]               observasi : 507 baris, 154 menyimpang, 0 kosong
[2026-10-07 15:17:28]     [2026-10-07 15:17:17]               menyimpang: 154 baris (30.3748%)
[2026-10-07 15:17:28]     [2026-10-07 15:17:17]               contoh    : [(numpy.datetime64('2026-10-06T19:01:50.680509000'), numpy.datetime64('2026-10-07T06:00:00.000000000')), (numpy.datetime64('2026-10-06T19:01:50.680509000'), numpy.datetime64('2026-10-07T05:00:00.000000000')), (numpy.datetime64('2026-10-06T19:01:50.680509000'), numpy.datetime64('2026-10-07T04:00:00.000000000')), (numpy.datetime64('2026-10-06T19:01:50.680509000'), numpy.datetime64('2026-10-07T03:00:00.000000000')), (numpy.datetime64('2026-10-06T19:01:50.680509000'), numpy.datetime64('2026-10-07T02:00:00.000000000')), (numpy.datetime64('2026-10-06T19:01:50.680509000'), numpy.datetime64('2026-10-07T01:00:00.000000000')), (numpy.datetime64('2026-10-06T19:01:50.680509000'), numpy.datetime64('2026-10-07T00:00:00.000000000')), (numpy.datetime64('2026-10-06T19:01:50.680509000'), numpy.datetime64('2026-10-06T23:00:00.000000000'))]
[2026-10-07 15:17:28]     [2026-10-07 15:17:17]     
[2026-10-07 15:17:28]     [2026-10-07 15:17:17]     7. DISTRIBUTION  —  0 lolos / 0 gagal / 1 dilewati
[2026-10-07 15:17:28]     [2026-10-07 15:17:17]       [GAGAL] device_name bebas dari spasi di awal/akhir (padding tak sengaja)
[2026-10-07 15:17:28]     [2026-10-07 15:17:17]               observasi : 507 baris, 24 menyimpang, 0 kosong
[2026-10-07 15:17:28]     [2026-10-07 15:17:17]               menyimpang: 24 baris (4.7337%)
[2026-10-07 15:17:28]     [2026-10-07 15:17:17]               contoh    : ['GN-KBQ-F64-HK074-RF-ARS ', 'GN-KBQ-F64-HK074-RF-ARS ', 'GN-KBQ-F64-HK074-RF-ARS ', 'GN-KBQ-F64-HK074-RF-ARS ', 'GN-KBQ-F64-HK074-RF-ARS ', 'GN-KBQ-F64-HK074-RF-ARS ', 'GN-KBQ-F64-HK074-RF-ARS ', 'GN-KBQ-F64-HK074-RF-ARS ']
[2026-10-07 15:17:28]     [2026-10-07 15:17:17]       [ OK  ] device_name bebas dari string kosong atau hanya spasi (missing tersembunyi)
[2026-10-07 15:17:28]     [2026-10-07 15:17:17]       [ OK  ] device_name bebas dari karakter kontrol / non-printable
[2026-10-07 15:17:28]     [2026-10-07 15:17:17]     VERDIKT: TIDAK LAYAK — ada kegagalan blocking
[2026-10-07 15:17:28]     [2026-10-07 15:17:17]     ====================================================================================================
[2026-10-07 15:17:28]     [2026-10-07 15:17:17]     
[2026-10-07 15:17:28]     [2026-10-07 15:17:17]     Laporan Markdown : /Users/Pooja/Downloads/Great Expectations bronze layer/reports/silver_ars_transactions_validation.md
[2026-10-07 15:17:28]     [2026-10-07 15:17:17]     Laporan JSON     : /Users/Pooja/Downloads/Great Expectations bronze layer/reports/silver_ars_transactions_validation.json
[2026-10-07 15:17:28]     [2026-10-07 15:17:17]   validate exit code = 1  durasi=4.3s
[2026-10-07 15:17:28]     [2026-10-07 15:17:17] END   validate          | dataset=silver_ars_transactions  exit=1  durasi=4.3s  status=GAGAL(1)
[2026-10-07 15:17:28]     [2026-10-07 15:17:17] DONE  silver_ars_transactions      | build=0  validate=1  status=GAGAL
[2026-10-07 15:17:28]     [2026-10-07 15:17:17] 
[2026-10-07 15:17:28]     [2026-10-07 15:17:17] ==============================================================================
[2026-10-07 15:17:28]     [2026-10-07 15:17:17] [2/4] DATASET: silver_awl_transactions
[2026-10-07 15:17:28]     [2026-10-07 15:17:17] ==============================================================================
[2026-10-07 15:17:28]     [2026-10-07 15:17:17] SKIP  build_reference  | dataset=silver_awl_transactions (--no-build)
[2026-10-07 15:17:28]     [2026-10-07 15:17:17] START validate         | dataset=silver_awl_transactions
[2026-10-07 15:17:28]     [2026-10-07 15:17:17]   $ /opt/anaconda3/bin/python /Users/Pooja/Downloads/Great Expectations bronze layer/validate.py --config /Users/Pooja/Downloads/Great Expectations bronze layer/silver_data_validation.yml --source s3 --dataset silver_awl_transactions --mode harian --no-data-docs --date 2026-10-06 --fallback-latest
[2026-10-07 15:17:28]     [2026-10-07 15:17:22]     Memuat [s3]: s3://kpn-gis-s3-bucket/datalake/silver/awl/awl_transactions/recorded_year=2026/recorded_month=10/recorded_day=06/part-00001-65317ede-0079-4440-bd2a-2a17c8cc56e6.c000.zstd.parquet
[2026-10-07 15:17:28]     [2026-10-07 15:17:22]     
[2026-10-07 15:17:28]     [2026-10-07 15:17:22]     ====================================================================================================
[2026-10-07 15:17:28]     [2026-10-07 15:17:22]     HASIL VALIDASI — SILVER_AWL_TRANSACTIONS — 8 DIMENSI KUALITAS DATA
[2026-10-07 15:17:28]     [2026-10-07 15:17:22]     ====================================================================================================
[2026-10-07 15:17:28]     [2026-10-07 15:17:22]       Dataset   : silver_awl_transactions  (Silver AWL Transactions -- raw copy dbo.Silver_AWL_Transactions, TANPA join/filter. Partisi kalender 00:00-24:00 biasa.)
[2026-10-07 15:17:28]     [2026-10-07 15:17:22]       [GAGAL] Jumlah kolom tepat 25
[2026-10-07 15:17:28]     [2026-10-07 15:17:22]               observasi : 26
[2026-10-07 15:17:28]     [2026-10-07 15:17:22]       [GAGAL] Tidak ada kolom hilang maupun kolom tak terduga (schema evolution)
[2026-10-07 15:17:28]     [2026-10-07 15:17:22]               observasi : ['BlockGIS', 'BlockSAP', 'Brand', 'CompanyCode', 'Connectivity', 'DeviceID', 'DeviceName', 'ETL_InsertedAt', 'EstCode', 'EstCodeSAP', 'EstNewCode', 'Grouping', 'IsManual', 'JenisDevice', 'Latitude', 'Longitude', 'Plantation', 'RecordTime', 'SensorCategory', 'SensorID', 'SensorName', 'SensorUnit', 'Source', 'TransactionID', 'Value', 'loaded_at']
[2026-10-07 15:17:28]     [2026-10-07 15:17:22]       [ OK  ] Tipe Source = string (object)
[2026-10-07 15:17:28]     [2026-10-07 15:17:22]       [ OK  ] Tipe TransactionID = string (object)
[2026-10-07 15:17:28]     [2026-10-07 15:17:22]       [ OK  ] Tipe SensorID = string (object)
[2026-10-07 15:17:28]     [2026-10-07 15:17:22]       [ OK  ] Tipe SensorName = string (object)
[2026-10-07 15:17:28]     [2026-10-07 15:17:22]       [GAGAL] Jumlah baris dalam koridor baseline (3849–5208, median historis 4529)
[2026-10-07 15:17:28]     [2026-10-07 15:17:22]               observasi : 3244
[2026-10-07 15:17:28]     [2026-10-07 15:17:22]       [ OK  ] Jumlah TransactionID unik dalam rentang baseline (3205–21426)
[2026-10-07 15:17:28]     [2026-10-07 15:17:22]     
[2026-10-07 15:17:28]     [2026-10-07 15:17:22]     3. FRESHNESS  —  0 lolos / 0 gagal / 1 dilewati
[2026-10-07 15:17:28]     [2026-10-07 15:17:22]     -----------------------------------------------
[2026-10-07 15:17:28]     [2026-10-07 15:17:22]       [GAGAL] BlockSAP bukan string kosong / hanya spasi
[2026-10-07 15:17:28]     [2026-10-07 15:17:22]               observasi : 3244 baris, 88 menyimpang, 0 kosong
[2026-10-07 15:17:28]     [2026-10-07 15:17:22]               menyimpang: 88 baris (2.7127%)
[2026-10-07 15:17:28]     [2026-10-07 15:17:22]               contoh    : ['', '', '', '', '', '', '', '']
[2026-10-07 15:17:28]     [2026-10-07 15:17:22]     
[2026-10-07 15:17:28]     [2026-10-07 15:17:22]     5. UNIQUENESS  —  1 lolos / 0 gagal
[2026-10-07 15:17:28]     [2026-10-07 15:17:22]       [GAGAL] loaded_at >= RecordTime (data tidak diproses sebelum terjadi)
[2026-10-07 15:17:28]     [2026-10-07 15:17:22]               observasi : 3244 baris, 343 menyimpang, 0 kosong
[2026-10-07 15:17:28]     [2026-10-07 15:17:22]               menyimpang: 343 baris (10.5734%)
[2026-10-07 15:17:28]     [2026-10-07 15:17:22]               contoh    : [(numpy.datetime64('2026-10-06T19:02:02.265956000'), numpy.datetime64('2026-10-06T21:40:04.000000')), (numpy.datetime64('2026-10-06T19:02:02.265956000'), numpy.datetime64('2026-10-06T21:40:04.000000')), (numpy.datetime64('2026-10-06T19:02:02.265956000'), numpy.datetime64('2026-10-06T21:40:04.000000')), (numpy.datetime64('2026-10-06T19:02:02.265956000'), numpy.datetime64('2026-10-06T21:40:04.000000')), (numpy.datetime64('2026-10-06T19:02:02.265956000'), numpy.datetime64('2026-10-06T20:40:04.000000')), (numpy.datetime64('2026-10-06T19:02:02.265956000'), numpy.datetime64('2026-10-06T20:40:04.000000')), (numpy.datetime64('2026-10-06T19:02:02.265956000'), numpy.datetime64('2026-10-06T20:40:04.000000')), (numpy.datetime64('2026-10-06T19:02:02.265956000'), numpy.datetime64('2026-10-06T20:40:04.000000'))]
[2026-10-07 15:17:28]     [2026-10-07 15:17:22]     
[2026-10-07 15:17:28]     [2026-10-07 15:17:22]     7. DISTRIBUTION  —  0 lolos / 0 gagal / 1 dilewati
[2026-10-07 15:17:28]     [2026-10-07 15:17:22]       [GAGAL] BlockSAP cocok salah satu dari 4 pola yang dikenal
[2026-10-07 15:17:28]     [2026-10-07 15:17:22]               observasi : 3244 baris, 88 menyimpang, 0 kosong
[2026-10-07 15:17:28]     [2026-10-07 15:17:22]               menyimpang: 88 baris (2.7127%)
[2026-10-07 15:17:28]     [2026-10-07 15:17:22]               contoh    : ['', '', '', '', '', '', '', '']
[2026-10-07 15:17:28]     [2026-10-07 15:17:22]       [ OK  ] Panjang BlockSAP antara 0–8 karakter
[2026-10-07 15:17:28]     [2026-10-07 15:17:22]       [ OK  ] Source bebas dari spasi di awal/akhir (padding tak sengaja)
[2026-10-07 15:17:28]     [2026-10-07 15:17:22]       [GAGAL] SensorName bebas dari spasi di awal/akhir (padding tak sengaja)
[2026-10-07 15:17:28]     [2026-10-07 15:17:22]               observasi : 3244 baris, 69 menyimpang, 0 kosong
[2026-10-07 15:17:28]     [2026-10-07 15:17:22]               menyimpang: 69 baris (2.1270%)
[2026-10-07 15:17:28]     [2026-10-07 15:17:22]               contoh    : ['Battery ', 'Battery ', 'Battery ', 'Battery ', 'Battery ', 'Battery ', 'Battery ', 'Battery ']
[2026-10-07 15:17:28]     [2026-10-07 15:17:22]       [ OK  ] SensorName bebas dari string kosong atau hanya spasi (missing tersembunyi)
[2026-10-07 15:17:28]     [2026-10-07 15:17:22]       [ OK  ] SensorName bebas dari karakter kontrol / non-printable
[2026-10-07 15:17:28]     [2026-10-07 15:17:22]       [GAGAL] BlockSAP bebas dari string kosong atau hanya spasi (missing tersembunyi)
[2026-10-07 15:17:28]     [2026-10-07 15:17:22]               observasi : 3244 baris, 88 menyimpang, 0 kosong
[2026-10-07 15:17:28]     [2026-10-07 15:17:22]               menyimpang: 88 baris (2.7127%)
[2026-10-07 15:17:28]     [2026-10-07 15:17:22]               contoh    : ['', '', '', '', '', '', '', '']
[2026-10-07 15:17:28]     [2026-10-07 15:17:22]       [ OK  ] BlockSAP bebas dari karakter kontrol / non-printable
[2026-10-07 15:17:28]     [2026-10-07 15:17:22]       [ OK  ] BlockSAP bebas dari penggalan HTML/markup (indikasi kebocoran encoding)
[2026-10-07 15:17:28]     [2026-10-07 15:17:22]     VERDIKT: TIDAK LAYAK — ada kegagalan blocking
[2026-10-07 15:17:28]     [2026-10-07 15:17:22]     ====================================================================================================
[2026-10-07 15:17:28]     [2026-10-07 15:17:22]     
[2026-10-07 15:17:28]     [2026-10-07 15:17:22]     Laporan Markdown : /Users/Pooja/Downloads/Great Expectations bronze layer/reports/silver_awl_transactions_validation.md
[2026-10-07 15:17:28]     [2026-10-07 15:17:22]     Laporan JSON     : /Users/Pooja/Downloads/Great Expectations bronze layer/reports/silver_awl_transactions_validation.json
[2026-10-07 15:17:28]     [2026-10-07 15:17:22]   validate exit code = 1  durasi=4.1s
[2026-10-07 15:17:28]     [2026-10-07 15:17:22] END   validate          | dataset=silver_awl_transactions  exit=1  durasi=4.1s  status=GAGAL(1)
[2026-10-07 15:17:28]     [2026-10-07 15:17:22] DONE  silver_awl_transactions      | build=0  validate=1  status=GAGAL
[2026-10-07 15:17:28]     [2026-10-07 15:17:22] 
[2026-10-07 15:17:28]     [2026-10-07 15:17:22] ==============================================================================
[2026-10-07 15:17:28]     [2026-10-07 15:17:22] [3/4] DATASET: silver_pzo_tmat_measurement
[2026-10-07 15:17:28]     [2026-10-07 15:17:22] ==============================================================================
[2026-10-07 15:17:28]     [2026-10-07 15:17:22] SKIP  build_reference  | dataset=silver_pzo_tmat_measurement (--no-build)
[2026-10-07 15:17:28]     [2026-10-07 15:17:22] START validate         | dataset=silver_pzo_tmat_measurement
[2026-10-07 15:17:28]     [2026-10-07 15:17:22]   $ /opt/anaconda3/bin/python /Users/Pooja/Downloads/Great Expectations bronze layer/validate.py --config /Users/Pooja/Downloads/Great Expectations bronze layer/silver_data_validation.yml --source s3 --dataset silver_pzo_tmat_measurement --mode harian --no-data-docs --date 2026-10-06 --fallback-latest
[2026-10-07 15:17:28]     [2026-10-07 15:17:25]     Memuat [s3]: s3://kpn-gis-s3-bucket/datalake/silver/pzo/tmat_measurement/recorded_year=2026/recorded_month=10/recorded_day=06/part-00000-f0aeab60-c5b5-4597-9ec8-433223a934e4.c000.zstd.parquet
[2026-10-07 15:17:28]     [2026-10-07 15:17:25]     
[2026-10-07 15:17:28]     [2026-10-07 15:17:25]     ====================================================================================================
[2026-10-07 15:17:28]     [2026-10-07 15:17:25]     HASIL VALIDASI — SILVER_PZO_TMAT_MEASUREMENT — 8 DIMENSI KUALITAS DATA
[2026-10-07 15:17:28]     [2026-10-07 15:17:25]     ====================================================================================================
[2026-10-07 15:17:28]     [2026-10-07 15:17:25]       Dataset   : silver_pzo_tmat_measurement  (Silver PZO TMAT Measurement -- pembacaan manual tinggi muka air piezometer per minggu, digabung dgn master plantation/estate/device/indicator.)
[2026-10-07 15:17:28]     [2026-10-07 15:17:25]       [GAGAL] Jumlah baris dalam koridor baseline (236–319, median historis 278)
[2026-10-07 15:17:28]     [2026-10-07 15:17:25]               observasi : 527
[2026-10-07 15:17:28]     [2026-10-07 15:17:25]       [ OK  ] Jumlah PieRecordID unik dalam rentang baseline (1–1390)
[2026-10-07 15:17:28]     [2026-10-07 15:17:25]     
[2026-10-07 15:17:28]     [2026-10-07 15:17:25]     3. FRESHNESS  —  0 lolos / 0 gagal / 1 dilewati
[2026-10-07 15:17:28]     [2026-10-07 15:17:25]     -----------------------------------------------
[2026-10-07 15:17:28]     [2026-10-07 15:17:25]     VERDIKT: TIDAK LAYAK — ada kegagalan blocking
[2026-10-07 15:17:28]     [2026-10-07 15:17:25]     ====================================================================================================
[2026-10-07 15:17:28]     [2026-10-07 15:17:25]     
[2026-10-07 15:17:28]     [2026-10-07 15:17:25]     Laporan Markdown : /Users/Pooja/Downloads/Great Expectations bronze layer/reports/silver_pzo_tmat_measurement_validation.md
[2026-10-07 15:17:28]     [2026-10-07 15:17:25]     Laporan JSON     : /Users/Pooja/Downloads/Great Expectations bronze layer/reports/silver_pzo_tmat_measurement_validation.json
[2026-10-07 15:17:28]     [2026-10-07 15:17:25]   validate exit code = 1  durasi=3.9s
[2026-10-07 15:17:28]     [2026-10-07 15:17:25] END   validate          | dataset=silver_pzo_tmat_measurement  exit=1  durasi=3.9s  status=GAGAL(1)
[2026-10-07 15:17:28]     [2026-10-07 15:17:25] DONE  silver_pzo_tmat_measurement  | build=0  validate=1  status=GAGAL
[2026-10-07 15:17:28]     [2026-10-07 15:17:25] 
[2026-10-07 15:17:28]     [2026-10-07 15:17:25] ==============================================================================
[2026-10-07 15:17:28]     [2026-10-07 15:17:25] [4/4] DATASET: silver_rs_transactions
[2026-10-07 15:17:28]     [2026-10-07 15:17:25] ==============================================================================
[2026-10-07 15:17:28]     [2026-10-07 15:17:25] SKIP  build_reference  | dataset=silver_rs_transactions (--no-build)
[2026-10-07 15:17:28]     [2026-10-07 15:17:25] START validate         | dataset=silver_rs_transactions
[2026-10-07 15:17:28]     [2026-10-07 15:17:25]   $ /opt/anaconda3/bin/python /Users/Pooja/Downloads/Great Expectations bronze layer/validate.py --config /Users/Pooja/Downloads/Great Expectations bronze layer/silver_data_validation.yml --source s3 --dataset silver_rs_transactions --mode harian --no-data-docs --date 2026-10-06 --fallback-latest
[2026-10-07 15:17:28]     [2026-10-07 15:17:28]     Memuat [s3]: s3://kpn-gis-s3-bucket/datalake/silver/rs/rs_transactions/recorded_year=2026/recorded_month=10/recorded_day=06/part-00000-05737ceb-b2d7-4d18-b7bf-e97a6716be88.c000.zstd.parquet
[2026-10-07 15:17:28]     [2026-10-07 15:17:28]     
[2026-10-07 15:17:28]     [2026-10-07 15:17:28]     ====================================================================================================
[2026-10-07 15:17:28]     [2026-10-07 15:17:28]     HASIL VALIDASI — SILVER_RS_TRANSACTIONS — 8 DIMENSI KUALITAS DATA
[2026-10-07 15:17:28]     [2026-10-07 15:17:28]     ====================================================================================================
[2026-10-07 15:17:28]     [2026-10-07 15:17:28]       Dataset   : silver_rs_transactions  (Silver RS Transactions -- data curah hujan manual per stasiun per periode, digabung dgn master plantation/estate/lokasi.)
[2026-10-07 15:17:28]     [2026-10-07 15:17:28]       [GAGAL] station_id_sap bukan string kosong / hanya spasi
[2026-10-07 15:17:28]     [2026-10-07 15:17:28]               observasi : 59 baris, 14 menyimpang, 0 kosong
[2026-10-07 15:17:28]     [2026-10-07 15:17:28]               menyimpang: 14 baris (23.7288%)
[2026-10-07 15:17:28]     [2026-10-07 15:17:28]               contoh    : ['', '', '', '', '', '', '', '']
[2026-10-07 15:17:28]     [2026-10-07 15:17:28]       [GAGAL] station_sap bukan string kosong / hanya spasi
[2026-10-07 15:17:28]     [2026-10-07 15:17:28]               observasi : 59 baris, 14 menyimpang, 0 kosong
[2026-10-07 15:17:28]     [2026-10-07 15:17:28]               menyimpang: 14 baris (23.7288%)
[2026-10-07 15:17:28]     [2026-10-07 15:17:28]               contoh    : ['', '', '', '', '', '', '', '']
[2026-10-07 15:17:28]     [2026-10-07 15:17:28]       [ OK  ] status bukan string kosong / hanya spasi
[2026-10-07 15:17:28]     [2026-10-07 15:17:28]       [ OK  ] created_name bukan string kosong / hanya spasi
[2026-10-07 15:17:28]     [2026-10-07 15:17:28]       [GAGAL] plantation bukan string kosong / hanya spasi
[2026-10-07 15:17:28]     [2026-10-07 15:17:28]               observasi : 59 baris, 14 menyimpang, 0 kosong
[2026-10-07 15:17:28]     [2026-10-07 15:17:28]               menyimpang: 14 baris (23.7288%)
[2026-10-07 15:17:28]     [2026-10-07 15:17:28]               contoh    : ['', '', '', '', '', '', '', '']
[2026-10-07 15:17:28]     [2026-10-07 15:17:28]       [GAGAL] grouping bukan string kosong / hanya spasi
[2026-10-07 15:17:28]     [2026-10-07 15:17:28]               observasi : 59 baris, 14 menyimpang, 0 kosong
[2026-10-07 15:17:28]     [2026-10-07 15:17:28]               menyimpang: 14 baris (23.7288%)
[2026-10-07 15:17:28]     [2026-10-07 15:17:28]               contoh    : ['', '', '', '', '', '', '', '']
[2026-10-07 15:17:28]     [2026-10-07 15:17:28]       [GAGAL] company_code bukan string kosong / hanya spasi
[2026-10-07 15:17:28]     [2026-10-07 15:17:28]               observasi : 59 baris, 14 menyimpang, 0 kosong
[2026-10-07 15:17:28]     [2026-10-07 15:17:28]               menyimpang: 14 baris (23.7288%)
[2026-10-07 15:17:28]     [2026-10-07 15:17:28]               contoh    : ['', '', '', '', '', '', '', '']
[2026-10-07 15:17:28]     [2026-10-07 15:17:28]       [GAGAL] est_code bukan string kosong / hanya spasi
[2026-10-07 15:17:28]     [2026-10-07 15:17:28]               observasi : 59 baris, 14 menyimpang, 0 kosong
[2026-10-07 15:17:28]     [2026-10-07 15:17:28]               menyimpang: 14 baris (23.7288%)
[2026-10-07 15:17:28]     [2026-10-07 15:17:28]               contoh    : ['', '', '', '', '', '', '', '']
[2026-10-07 15:17:28]     [2026-10-07 15:17:28]       [ OK  ] est_new_code bukan string kosong / hanya spasi
[2026-10-07 15:17:28]     [2026-10-07 15:17:28]       [ OK  ] est_code_sap bukan string kosong / hanya spasi
[2026-10-07 15:17:28]     [2026-10-07 15:17:28]       [GAGAL] station_id_sap cocok salah satu dari 3 pola yang dikenal
[2026-10-07 15:17:28]     [2026-10-07 15:17:28]               observasi : 59 baris, 14 menyimpang, 0 kosong
[2026-10-07 15:17:28]     [2026-10-07 15:17:28]               menyimpang: 14 baris (23.7288%)
[2026-10-07 15:17:28]     [2026-10-07 15:17:28]               contoh    : ['', '', '', '', '', '', '', '']
[2026-10-07 15:17:28]     [2026-10-07 15:17:28]       [ OK  ] Panjang station_id_sap antara 0–16 karakter
[2026-10-07 15:17:28]     [2026-10-07 15:17:28]       [GAGAL] station_sap cocok salah satu dari 3 pola yang dikenal
[2026-10-07 15:17:28]     [2026-10-07 15:17:28]               observasi : 59 baris, 14 menyimpang, 0 kosong
[2026-10-07 15:17:28]     [2026-10-07 15:17:28]               menyimpang: 14 baris (23.7288%)
[2026-10-07 15:17:28]     [2026-10-07 15:17:28]               contoh    : ['', '', '', '', '', '', '', '']
[2026-10-07 15:17:28]     [2026-10-07 15:17:28]       [ OK  ] Panjang station_sap antara 0–10 karakter
[2026-10-07 15:17:28]     [2026-10-07 15:17:28]       [ OK  ] status cocok salah satu dari 2 pola yang dikenal
[2026-10-07 15:17:28]     [2026-10-07 15:17:28]       [GAGAL] plantation cocok pola yang dikenal
[2026-10-07 15:17:28]     [2026-10-07 15:17:28]               observasi : 59 baris, 14 menyimpang, 0 kosong
[2026-10-07 15:17:28]     [2026-10-07 15:17:28]               menyimpang: 14 baris (23.7288%)
[2026-10-07 15:17:28]     [2026-10-07 15:17:28]               contoh    : ['', '', '', '', '', '', '', '']
[2026-10-07 15:17:28]     [2026-10-07 15:17:28]       [ OK  ] Panjang plantation antara 0–8 karakter
[2026-10-07 15:17:28]     [2026-10-07 15:17:28]       [GAGAL] grouping cocok salah satu dari 5 pola yang dikenal
[2026-10-07 15:17:28]     [2026-10-07 15:17:28]               observasi : 59 baris, 14 menyimpang, 0 kosong
[2026-10-07 15:17:28]     [2026-10-07 15:17:28]               menyimpang: 14 baris (23.7288%)
[2026-10-07 15:17:28]     [2026-10-07 15:17:28]               contoh    : ['', '', '', '', '', '', '', '']
[2026-10-07 15:17:28]     [2026-10-07 15:17:28]       [ OK  ] Panjang grouping antara 0–17 karakter
[2026-10-07 15:17:28]     [2026-10-07 15:17:28]       [GAGAL] company_code cocok pola yang dikenal
[2026-10-07 15:17:28]     [2026-10-07 15:17:28]               observasi : 59 baris, 14 menyimpang, 0 kosong
[2026-10-07 15:17:28]     [2026-10-07 15:17:28]               menyimpang: 14 baris (23.7288%)
[2026-10-07 15:17:28]     [2026-10-07 15:17:28]               contoh    : ['', '', '', '', '', '', '', '']
[2026-10-07 15:17:28]     [2026-10-07 15:17:28]       [ OK  ] Panjang company_code antara 0–8 karakter
[2026-10-07 15:17:28]     [2026-10-07 15:17:28]       [GAGAL] est_code cocok salah satu dari 2 pola yang dikenal
[2026-10-07 15:17:28]     [2026-10-07 15:17:28]               observasi : 59 baris, 14 menyimpang, 0 kosong
[2026-10-07 15:17:28]     [2026-10-07 15:17:28]               menyimpang: 14 baris (23.7288%)
[2026-10-07 15:17:28]     [2026-10-07 15:17:28]               contoh    : ['', '', '', '', '', '', '', '']
[2026-10-07 15:17:28]     [2026-10-07 15:17:28]       [ OK  ] Panjang est_code antara 0–4 karakter
[2026-10-07 15:17:28]     [2026-10-07 15:17:28]       [ OK  ] est_new_code cocok salah satu dari 2 pola yang dikenal
[2026-10-07 15:17:28]     [2026-10-07 15:17:28]       [GAGAL] station_id_sap bebas dari string kosong atau hanya spasi (missing tersembunyi)
[2026-10-07 15:17:28]     [2026-10-07 15:17:28]               observasi : 59 baris, 14 menyimpang, 0 kosong
[2026-10-07 15:17:28]     [2026-10-07 15:17:28]               menyimpang: 14 baris (23.7288%)
[2026-10-07 15:17:28]     [2026-10-07 15:17:28]               contoh    : ['', '', '', '', '', '', '', '']
[2026-10-07 15:17:28]     [2026-10-07 15:17:28]       [ OK  ] station_id_sap bebas dari karakter kontrol / non-printable
[2026-10-07 15:17:28]     [2026-10-07 15:17:28]       [ OK  ] station_id_sap bebas dari penggalan HTML/markup (indikasi kebocoran encoding)
[2026-10-07 15:17:28]     [2026-10-07 15:17:28]       [GAGAL] station_sap bebas dari string kosong atau hanya spasi (missing tersembunyi)
[2026-10-07 15:17:28]     [2026-10-07 15:17:28]               observasi : 59 baris, 14 menyimpang, 0 kosong
[2026-10-07 15:17:28]     [2026-10-07 15:17:28]               menyimpang: 14 baris (23.7288%)
[2026-10-07 15:17:28]     [2026-10-07 15:17:28]               contoh    : ['', '', '', '', '', '', '', '']
[2026-10-07 15:17:28]     [2026-10-07 15:17:28]       [ OK  ] station_sap bebas dari karakter kontrol / non-printable
[2026-10-07 15:17:28]     [2026-10-07 15:17:28]       [ OK  ] station_sap bebas dari penggalan HTML/markup (indikasi kebocoran encoding)
[2026-10-07 15:17:28]     [2026-10-07 15:17:28]       [GAGAL] plantation bebas dari string kosong atau hanya spasi (missing tersembunyi)
[2026-10-07 15:17:28]     [2026-10-07 15:17:28]               observasi : 59 baris, 14 menyimpang, 0 kosong
[2026-10-07 15:17:28]     [2026-10-07 15:17:28]               menyimpang: 14 baris (23.7288%)
[2026-10-07 15:17:28]     [2026-10-07 15:17:28]               contoh    : ['', '', '', '', '', '', '', '']
[2026-10-07 15:17:28]     [2026-10-07 15:17:28]       [ OK  ] plantation bebas dari karakter kontrol / non-printable
[2026-10-07 15:17:28]     [2026-10-07 15:17:28]       [ OK  ] plantation bebas dari penggalan HTML/markup (indikasi kebocoran encoding)
[2026-10-07 15:17:28]     [2026-10-07 15:17:28]       [GAGAL] grouping bebas dari string kosong atau hanya spasi (missing tersembunyi)
[2026-10-07 15:17:28]     [2026-10-07 15:17:28]               observasi : 59 baris, 14 menyimpang, 0 kosong
[2026-10-07 15:17:28]     [2026-10-07 15:17:28]               menyimpang: 14 baris (23.7288%)
[2026-10-07 15:17:28]     [2026-10-07 15:17:28]               contoh    : ['', '', '', '', '', '', '', '']
[2026-10-07 15:17:28]     [2026-10-07 15:17:28]       [ OK  ] grouping bebas dari karakter kontrol / non-printable
[2026-10-07 15:17:28]     [2026-10-07 15:17:28]       [ OK  ] grouping bebas dari penggalan HTML/markup (indikasi kebocoran encoding)
[2026-10-07 15:17:28]     [2026-10-07 15:17:28]       [GAGAL] company_code bebas dari string kosong atau hanya spasi (missing tersembunyi)
[2026-10-07 15:17:28]     [2026-10-07 15:17:28]               observasi : 59 baris, 14 menyimpang, 0 kosong
[2026-10-07 15:17:28]     [2026-10-07 15:17:28]               menyimpang: 14 baris (23.7288%)
[2026-10-07 15:17:28]     [2026-10-07 15:17:28]               contoh    : ['', '', '', '', '', '', '', '']
[2026-10-07 15:17:28]     [2026-10-07 15:17:28]       [ OK  ] company_code bebas dari karakter kontrol / non-printable
[2026-10-07 15:17:28]     [2026-10-07 15:17:28]       [ OK  ] company_code bebas dari penggalan HTML/markup (indikasi kebocoran encoding)
[2026-10-07 15:17:28]     [2026-10-07 15:17:28]       [GAGAL] est_code bebas dari string kosong atau hanya spasi (missing tersembunyi)
[2026-10-07 15:17:28]     [2026-10-07 15:17:28]               observasi : 59 baris, 14 menyimpang, 0 kosong
[2026-10-07 15:17:28]     [2026-10-07 15:17:28]               menyimpang: 14 baris (23.7288%)
[2026-10-07 15:17:28]     [2026-10-07 15:17:28]               contoh    : ['', '', '', '', '', '', '', '']
[2026-10-07 15:17:28]     [2026-10-07 15:17:28]       [ OK  ] est_code bebas dari karakter kontrol / non-printable
[2026-10-07 15:17:28]     [2026-10-07 15:17:28]       [ OK  ] est_code bebas dari penggalan HTML/markup (indikasi kebocoran encoding)
[2026-10-07 15:17:28]     [2026-10-07 15:17:28]     VERDIKT: TIDAK LAYAK — ada kegagalan blocking
[2026-10-07 15:17:28]     [2026-10-07 15:17:28]     ====================================================================================================
[2026-10-07 15:17:28]     [2026-10-07 15:17:28]     
[2026-10-07 15:17:28]     [2026-10-07 15:17:28]     Laporan Markdown : /Users/Pooja/Downloads/Great Expectations bronze layer/reports/silver_rs_transactions_validation.md
[2026-10-07 15:17:28]     [2026-10-07 15:17:28]     Laporan JSON     : /Users/Pooja/Downloads/Great Expectations bronze layer/reports/silver_rs_transactions_validation.json
[2026-10-07 15:17:28]     [2026-10-07 15:17:28]   validate exit code = 1  durasi=2.8s
[2026-10-07 15:17:28]     [2026-10-07 15:17:28] END   validate          | dataset=silver_rs_transactions  exit=1  durasi=2.8s  status=GAGAL(1)
[2026-10-07 15:17:28]     [2026-10-07 15:17:28] DONE  silver_rs_transactions       | build=0  validate=1  status=GAGAL
[2026-10-07 15:17:28]     [2026-10-07 15:17:28] 
[2026-10-07 15:17:28]     [2026-10-07 15:17:28] ==============================================================================
[2026-10-07 15:17:28]     [2026-10-07 15:17:28] RINGKASAN VALIDASI
[2026-10-07 15:17:28]     [2026-10-07 15:17:28] ==============================================================================
[2026-10-07 15:17:28]     [2026-10-07 15:17:28]   silver_ars_transactions                    build=0  validate=1  durasi_build=      0.0s  durasi_val=      4.3s  → GAGAL
[2026-10-07 15:17:28]     [2026-10-07 15:17:28]   silver_awl_transactions                    build=0  validate=1  durasi_build=      0.0s  durasi_val=      4.1s  → GAGAL
[2026-10-07 15:17:28]     [2026-10-07 15:17:28]   silver_pzo_tmat_measurement                build=0  validate=1  durasi_build=      0.0s  durasi_val=      3.9s  → GAGAL
[2026-10-07 15:17:28]     [2026-10-07 15:17:28]   silver_rs_transactions                     build=0  validate=1  durasi_build=      0.0s  durasi_val=      2.8s  → GAGAL
[2026-10-07 15:17:28]     [2026-10-07 15:17:28] 
[2026-10-07 15:17:28]     [2026-10-07 15:17:28] Total dataset       : 4
[2026-10-07 15:17:28]     [2026-10-07 15:17:28] Lolos               : 0
[2026-10-07 15:17:28]     [2026-10-07 15:17:28] Gagal blocking      : 4
[2026-10-07 15:17:28]     [2026-10-07 15:17:28] Total durasi run    : 15.1s
[2026-10-07 15:17:28]     [2026-10-07 15:17:28] Log lengkap         : /Users/Pooja/Downloads/Great Expectations bronze layer/scheduler/logs/silver_2026-10-07.log
[2026-10-07 15:17:28]     [2026-10-07 15:17:28] 
[2026-10-07 15:17:28]     [2026-10-07 15:17:28] ==============================================================================
[2026-10-07 15:17:28]     [2026-10-07 15:17:28] FILTER UNTUK EMAIL — layer=silver
[2026-10-07 15:17:28]     [2026-10-07 15:17:28] ==============================================================================
[2026-10-07 15:17:28]     [2026-10-07 15:17:28] dimensi filter: ['1. SCHEMA', '10. FORMAT & PATTERN COMPLIANCE', '4. MISSINGNESS', '5. UNIQUENESS', '6. INTEGRITY', '8. DATA CLEANLINESS & ENCODING']
[2026-10-07 15:17:28]     [2026-10-07 15:17:28]   [lampiran] filter dimensi: ['1. SCHEMA', '10. FORMAT & PATTERN COMPLIANCE', '4. MISSINGNESS', '5. UNIQUENESS', '6. INTEGRITY', '8. DATA CLEANLINESS & ENCODING']
[2026-10-07 15:17:28]     [2026-10-07 15:17:28]   [lampiran] grace=3600s  batas_mtime=14:17:13
[2026-10-07 15:17:28]     [2026-10-07 15:17:28]   [lampiran] proses silver_ars_transactions (umur 11s)
[2026-10-07 15:17:28]     [2026-10-07 15:17:28]     [filter] silver_ars_transactions: 6 dimensi terfilter dari 12 dimensi di source
[2026-10-07 15:17:28]     [2026-10-07 15:17:28]   [lampiran] proses silver_awl_transactions (umur 7s)
[2026-10-07 15:17:28]     [2026-10-07 15:17:28]     [filter] silver_awl_transactions: 6 dimensi terfilter dari 12 dimensi di source
[2026-10-07 15:17:28]     [2026-10-07 15:17:28]   [lampiran] proses silver_pzo_tmat_measurement (umur 3s)
[2026-10-07 15:17:28]     [2026-10-07 15:17:28]     [filter] silver_pzo_tmat_measurement: 6 dimensi terfilter dari 12 dimensi di source
[2026-10-07 15:17:28]     [2026-10-07 15:17:28]   [lampiran] proses silver_rs_transactions (umur 0s)
[2026-10-07 15:17:28]     [2026-10-07 15:17:28]     [filter] silver_rs_transactions: 6 dimensi terfilter dari 12 dimensi di source
[2026-10-07 15:17:28]     [2026-10-07 15:17:28]   [summary] silver: /Users/Pooja/Downloads/Great Expectations bronze layer/reports/_summary_silver_2026-10-07.json
[2026-10-07 15:17:28]     [2026-10-07 15:17:28] Lampiran JSON siap: 5 file
[2026-10-07 15:17:28]     [2026-10-07 15:17:28]   - silver_ars_transactions_email_validation.json           (98.8 KB)
[2026-10-07 15:17:28]     [2026-10-07 15:17:28]   - silver_awl_transactions_email_validation.json           (106.6 KB)
[2026-10-07 15:17:28]     [2026-10-07 15:17:28]   - silver_pzo_tmat_measurement_email_validation.json       (131.5 KB)
[2026-10-07 15:17:28]     [2026-10-07 15:17:28]   - silver_rs_transactions_email_validation.json            (73.3 KB)
[2026-10-07 15:17:28]     [2026-10-07 15:17:28]   - _summary_silver_2026-10-07.json                         (5.6 KB)
[2026-10-07 15:17:28]     [2026-10-07 15:17:28] 
[2026-10-07 15:17:28]     [2026-10-07 15:17:28] Status email: 1 lolos, 3 gagal, 0 error (total 4)
[2026-10-07 15:17:28]     [2026-10-07 15:17:28] 
[2026-10-07 15:17:28]     [2026-10-07 15:17:28] ==============================================================================
[2026-10-07 15:17:28]     [2026-10-07 15:17:28] KIRIM EMAIL
[2026-10-07 15:17:28]     [2026-10-07 15:17:28] ==============================================================================
[2026-10-07 15:17:28]     [2026-10-07 15:17:28] [mailer] --no-email, skip kirim email.
[2026-10-07 15:17:28]     [2026-10-07 15:17:28] 
[2026-10-07 15:17:28]     [2026-10-07 15:17:28] ==============================================================================
[2026-10-07 15:17:28]     [2026-10-07 15:17:28] SELESAI
[2026-10-07 15:17:28]     [2026-10-07 15:17:28] ==============================================================================
[2026-10-07 15:17:28]     [2026-10-07 15:17:28] validasi lengkap : 4 blocking dari 4 dataset (semua 12 dimensi)
[2026-10-07 15:17:28]     [2026-10-07 15:17:28] filter per-layer : 3 gagal, 0 error (dari 4 dataset, dimensi silver)
[2026-10-07 15:17:28]     [2026-10-07 15:17:28] exit code        : 1  (mengikuti filter silver)
[2026-10-07 15:17:28]     [2026-10-07 15:17:28] durasi total     : 15.2s
[2026-10-07 15:17:28]   layer silver exit code = 1 durasi=15.2s
[2026-10-07 15:17:28] 
[2026-10-07 15:17:28] ==============================================================================
[2026-10-07 15:17:28] RINGKASAN CROSS-LAYER
[2026-10-07 15:17:28] ==============================================================================
[2026-10-07 15:17:28]   Silver Layer          exit=1    durasi=     15.2s  → GAGAL
[2026-10-07 15:17:28] 
[2026-10-07 15:17:28] Total layer     : 1
[2026-10-07 15:17:28] Total durasi    : 15.2s
[2026-10-07 15:17:28] 
[2026-10-07 15:17:28] ==============================================================================
[2026-10-07 15:17:28] KIRIM EMAIL CROSS-LAYER
[2026-10-07 15:17:28] ==============================================================================
[2026-10-07 15:17:28] [mailer] ringkasan: total=4  gagal=3  error=0
[2026-10-07 15:17:28] [mailer] lampiran: 2 file
[2026-10-07 15:17:28]   - silver_2026-10-07.log                                   (65.2 KB)
[2026-10-07 15:17:28]   - _summary_silver_2026-10-07.json                         (5.6 KB)
[2026-10-07 15:17:28] [mailer] memanggil mailer.kirim() ...
[2026-10-07 15:17:33] [mailer] START kirim()
[2026-10-07 15:17:33] [mailer]   total=4  gagal=3  error=0  lampiran=2
[2026-10-07 15:17:33] [mailer]   host=sandbox.smtp.mailtrap.io:2525  tls=True  mode=always
[2026-10-07 15:17:33] [mailer]   from=dq-service@company.com
[2026-10-07 15:17:33] [mailer]   to=poojaristha@gmail.com
[2026-10-07 15:17:33] [mailer]   subjek=❌ [DQ] Cross-Layer Validation — 1 lolos, 3 gagal, 0 error — 2026-10-07
[2026-10-07 15:17:33] [mailer]   lampiran ZIP: 1 file (7.7 KB) — berisi 2 file asli
[2026-10-07 15:17:33] [mailer]   lampiran terpasang: 1 item (7.7 KB)
[2026-10-07 15:17:33] [mailer] START koneksi SMTP ke sandbox.smtp.mailtrap.io:2525 ...
[2026-10-07 15:17:33] [mailer]   STARTTLS ...
[2026-10-07 15:17:33] [mailer]   login sebagai 3b2788996e1720 ...
[2026-10-07 15:17:33] [mailer]   send_message ...
[2026-10-07 15:17:33] [mailer] ✅ Email terkirim ke: poojaristha@gmail.com (durasi 5.2s)
[2026-10-07 15:17:33] [mailer]   [cleanup] temp ZIP dihapus: dq_validation_pnku0ilf.zip
[2026-10-07 15:17:33] [mailer] hasil: ✅ terkirim
[2026-10-07 15:17:33] 
[2026-10-07 15:17:33] ==============================================================================
[2026-10-07 15:17:33] SELESAI
[2026-10-07 15:17:33] ==============================================================================
[2026-10-07 15:17:33] exit code: 1
[2026-10-07 15:17:33] durasi total: 20.4s
[2026-10-07 15:19:04] 
[2026-10-07 15:19:04] ==============================================================================
[2026-10-07 15:19:04] RUN VALIDASI CROSS-LAYER
[2026-10-07 15:19:04] ==============================================================================
[2026-10-07 15:19:04] ROOT       : /Users/Pooja/Downloads/Great Expectations bronze layer
[2026-10-07 15:19:04] log        : /Users/Pooja/Downloads/Great Expectations bronze layer/scheduler/logs/cross_layer_2026-10-07.log
[2026-10-07 15:19:04] python     : /opt/anaconda3/bin/python
[2026-10-07 15:19:04] start      : 2026-10-07 15:19:04
[2026-10-07 15:19:04] opsi       : source=s3  mode=harian  build=TIDAK  reconcile=YA  email=YA  date=2026-10-06
[2026-10-07 15:19:04] layers     : gold
[2026-10-07 15:19:04] 
[2026-10-07 15:19:04] ==============================================================================
[2026-10-07 15:19:04] LAYER: GOLD
[2026-10-07 15:19:04] ==============================================================================
[2026-10-07 15:19:04]   $ /opt/anaconda3/bin/python /Users/Pooja/Downloads/Great Expectations bronze layer/scheduler/run_validation.py --layer gold --source s3 --mode harian --no-email --no-build --date 2026-10-06 --fallback-latest
[2026-10-07 15:20:02]     [2026-10-07 15:19:04] 
[2026-10-07 15:20:02]     [2026-10-07 15:19:04] ==============================================================================
[2026-10-07 15:20:02]     [2026-10-07 15:19:04] RUN VALIDASI — gold_data_validation.yml
[2026-10-07 15:20:02]     [2026-10-07 15:19:04] ==============================================================================
[2026-10-07 15:20:02]     [2026-10-07 15:19:04] config     : /Users/Pooja/Downloads/Great Expectations bronze layer/gold_data_validation.yml
[2026-10-07 15:20:02]     [2026-10-07 15:19:04] ROOT       : /Users/Pooja/Downloads/Great Expectations bronze layer
[2026-10-07 15:20:02]     [2026-10-07 15:19:04] log        : /Users/Pooja/Downloads/Great Expectations bronze layer/scheduler/logs/gold_2026-10-07.log
[2026-10-07 15:20:02]     [2026-10-07 15:19:04] python     : /opt/anaconda3/bin/python
[2026-10-07 15:20:02]     [2026-10-07 15:19:04] start      : 2026-10-07 15:19:04
[2026-10-07 15:20:02]     [2026-10-07 15:19:04] opsi       : source=s3  mode=harian  build=TIDAK  reconcile=YA  email=TIDAK
[2026-10-07 15:20:02]     [2026-10-07 15:19:04] sanity check: semua path OK
[2026-10-07 15:20:02]     [2026-10-07 15:19:04] Total dataset: 7
[2026-10-07 15:20:02]     [2026-10-07 15:19:04]     1. gold_ars
[2026-10-07 15:20:02]     [2026-10-07 15:19:04]     2. gold_awl
[2026-10-07 15:20:02]     [2026-10-07 15:19:04]     3. gold_master_awm
[2026-10-07 15:20:02]     [2026-10-07 15:19:04]     4. gold_master_block
[2026-10-07 15:20:02]     [2026-10-07 15:19:04]     5. gold_master_estate
[2026-10-07 15:20:02]     [2026-10-07 15:19:04]     6. gold_master_ombrometer
[2026-10-07 15:20:02]     [2026-10-07 15:19:04]     7. gold_data_tmat
[2026-10-07 15:20:02]     [2026-10-07 15:19:04] 
[2026-10-07 15:20:02]     [2026-10-07 15:19:04] ==============================================================================
[2026-10-07 15:20:02]     [2026-10-07 15:19:04] [1/7] DATASET: gold_ars
[2026-10-07 15:20:02]     [2026-10-07 15:19:04] ==============================================================================
[2026-10-07 15:20:02]     [2026-10-07 15:19:04] SKIP  build_reference  | dataset=gold_ars (--no-build)
[2026-10-07 15:20:02]     [2026-10-07 15:19:04] START validate         | dataset=gold_ars
[2026-10-07 15:20:02]     [2026-10-07 15:19:04]   $ /opt/anaconda3/bin/python /Users/Pooja/Downloads/Great Expectations bronze layer/validate.py --config /Users/Pooja/Downloads/Great Expectations bronze layer/gold_data_validation.yml --source s3 --dataset gold_ars --mode harian --no-data-docs --date 2026-10-06 --fallback-latest
[2026-10-07 15:20:02]     [2026-10-07 15:19:09]     Memuat [s3]: s3://kpn-gis-s3-bucket/datalake/gold/ars/data_ars/recorded_year=2026/recorded_month=10/recorded_day=06/part-00000-6691488a-c655-4734-97ae-12254f61413b.c000.zstd.parquet
[2026-10-07 15:20:02]     [2026-10-07 15:19:09]     
[2026-10-07 15:20:02]     [2026-10-07 15:19:09]     ====================================================================================================
[2026-10-07 15:20:02]     [2026-10-07 15:19:09]     HASIL VALIDASI — GOLD_ARS — 8 DIMENSI KUALITAS DATA
[2026-10-07 15:20:02]     [2026-10-07 15:19:09]     ====================================================================================================
[2026-10-07 15:20:02]     [2026-10-07 15:19:09]       Dataset   : gold_ars  (Gold ARS Transactions -- raw copy dbo.Gold_ARS_Readings, TANPA join/filter. Window custom 07:00->07:00 hari berikutnya (SAMA dgn idempotency delete sp_ETL_LoadSilver_ARS_Transactions Step 1), BUKAN kalender 00:00-24:00 biasa.)
[2026-10-07 15:20:02]     [2026-10-07 15:19:09]       [GAGAL] Jumlah baris dalam koridor baseline (565–764, median historis 665)
[2026-10-07 15:20:02]     [2026-10-07 15:19:09]               observasi : 507
[2026-10-07 15:20:02]     [2026-10-07 15:19:09]     
[2026-10-07 15:20:02]     [2026-10-07 15:19:09]     3. FRESHNESS  —  1 lolos / 3 gagal
[2026-10-07 15:20:02]     [2026-10-07 15:19:09]     ----------------------------------
[2026-10-07 15:20:02]     [2026-10-07 15:19:09]       [GAGAL] Semua recorded_at di dalam window partisi [2026-10-06 00:00 .. 2026-10-06 23:59]
[2026-10-07 15:20:02]     [2026-10-07 15:19:09]               observasi : 507 baris, 98 menyimpang, 0 kosong
[2026-10-07 15:20:02]     [2026-10-07 15:19:09]               menyimpang: 98 baris (19.3294%)
[2026-10-07 15:20:02]     [2026-10-07 15:19:09]               contoh    : [Timestamp('2026-10-07 06:00:00'), Timestamp('2026-10-07 05:00:00'), Timestamp('2026-10-07 04:00:00'), Timestamp('2026-10-07 03:00:00'), Timestamp('2026-10-07 02:00:00'), Timestamp('2026-10-07 01:00:00'), Timestamp('2026-10-07 00:00:00'), Timestamp('2026-10-07 06:00:00')]
[2026-10-07 15:20:02]     [2026-10-07 15:19:09]       [ WARN] recorded_at terbaru menyentuh akhir window partisi
[2026-10-07 15:20:02]     [2026-10-07 15:19:09]               observasi : 2026-10-07 06:00:00
[2026-10-07 15:20:02]     [2026-10-07 15:19:09]       [GAGAL] Lag ingest (loaded_at - recorded_at) <= 2 hari [mode=harian]
[2026-10-07 15:20:02]     [2026-10-07 15:19:09]               observasi : 507 baris, 140 menyimpang, 0 kosong
[2026-10-07 15:20:02]     [2026-10-07 15:19:09]               menyimpang: 140 baris (27.6134%)
[2026-10-07 15:20:02]     [2026-10-07 15:19:09]               contoh    : [-0.4157718886805556, -0.37410522201388885, -0.3324385553472222, -0.29077188868055553, -0.24910522201388888, -0.20743855534722222, -0.16577188868055556, -0.12410522201388889]
[2026-10-07 15:20:02]     [2026-10-07 15:19:09]     
[2026-10-07 15:20:02]     [2026-10-07 15:19:09]     4. MISSINGNESS  —  33 lolos / 0 gagal
[2026-10-07 15:20:02]     [2026-10-07 15:19:09]       [GAGAL] device_id (surrogate key) unik
[2026-10-07 15:20:02]     [2026-10-07 15:19:09]               observasi : 507 baris, 507 menyimpang, 0 kosong
[2026-10-07 15:20:02]     [2026-10-07 15:19:09]               menyimpang: 507 baris (100.0000%)
[2026-10-07 15:20:02]     [2026-10-07 15:19:09]               contoh    : ['MT02-GMPL007RF-GWB-83886080', 'MT02-GMPL007RF-GWB-83886080', 'MT02-GMPL007RF-GWB-83886080', 'MT02-GMPL007RF-GWB-83886080', 'MT02-GMPL007RF-GWB-83886080', 'MT02-GMPL007RF-GWB-83886080', 'MT02-GMPL007RF-GWB-83886080', 'MT02-GMPL007RF-GWB-83886080']
[2026-10-07 15:20:02]     [2026-10-07 15:19:09]     
[2026-10-07 15:20:02]     [2026-10-07 15:19:09]     6. INTEGRITY  —  4 lolos / 0 gagal
[2026-10-07 15:20:02]     [2026-10-07 15:19:09]               alasan    : Query ke SQL Server gagal, jadi tidak ada nilai pembanding: Gagal konek ke SQL Server (Error): ('01000', "[01000] [unixODBC][Driver Manager]Can't open lib 'ODBC Driver 17 for SQL Server' : file not found (0) (SQLDriverConnect)")
[2026-10-07 15:20:02]     [2026-10-07 15:19:09]       Periksa SQLSERVER_HOST/DB/UID/PWD di .env, VPN/firewall ke server, dan apakah ODBC Driver 17 for SQL Server terinstal.
[2026-10-07 15:20:02]     [2026-10-07 15:19:09]     
[2026-10-07 15:20:02]     [2026-10-07 15:19:09]     10. FORMAT & PATTERN COMPLIANCE  —  0 lolos / 0 gagal / 1 dilewati
[2026-10-07 15:20:02]     [2026-10-07 15:19:09]     ------------------------------------------------------------------
[2026-10-07 15:20:02]     [2026-10-07 15:19:09]       [LEWAT] Kepatuhan format terhadap standar bisnis
[2026-10-07 15:20:02]     [2026-10-07 15:19:09]     VERDIKT: TIDAK LAYAK — ada kegagalan blocking
[2026-10-07 15:20:02]     [2026-10-07 15:19:09]     ====================================================================================================
[2026-10-07 15:20:02]     [2026-10-07 15:19:09]     
[2026-10-07 15:20:02]     [2026-10-07 15:19:09]     Laporan Markdown : /Users/Pooja/Downloads/Great Expectations bronze layer/reports/gold_ars_validation.md
[2026-10-07 15:20:02]     [2026-10-07 15:19:09]     Laporan JSON     : /Users/Pooja/Downloads/Great Expectations bronze layer/reports/gold_ars_validation.json
[2026-10-07 15:20:02]     [2026-10-07 15:19:09]   validate exit code = 1  durasi=4.3s
[2026-10-07 15:20:02]     [2026-10-07 15:19:09] END   validate          | dataset=gold_ars  exit=1  durasi=4.3s  status=GAGAL(1)
[2026-10-07 15:20:02]     [2026-10-07 15:19:09] DONE  gold_ars                     | build=0  validate=1  status=GAGAL
[2026-10-07 15:20:02]     [2026-10-07 15:19:09] 
[2026-10-07 15:20:02]     [2026-10-07 15:19:09] ==============================================================================
[2026-10-07 15:20:02]     [2026-10-07 15:19:09] [2/7] DATASET: gold_awl
[2026-10-07 15:20:02]     [2026-10-07 15:19:09] ==============================================================================
[2026-10-07 15:20:02]     [2026-10-07 15:19:09] SKIP  build_reference  | dataset=gold_awl (--no-build)
[2026-10-07 15:20:02]     [2026-10-07 15:19:09] START validate         | dataset=gold_awl
[2026-10-07 15:20:02]     [2026-10-07 15:19:09]   $ /opt/anaconda3/bin/python /Users/Pooja/Downloads/Great Expectations bronze layer/validate.py --config /Users/Pooja/Downloads/Great Expectations bronze layer/gold_data_validation.yml --source s3 --dataset gold_awl --mode harian --no-data-docs --date 2026-10-06 --fallback-latest
[2026-10-07 15:20:02]     [2026-10-07 15:19:12]     Memuat [s3]: s3://kpn-gis-s3-bucket/datalake/gold/awl/data_awl/recorded_year=2026/recorded_month=10/recorded_day=06/part-00000-2464a22c-e5a6-4438-990d-f82064d0ad6b.c000.zstd.parquet
[2026-10-07 15:20:02]     [2026-10-07 15:19:12]     
[2026-10-07 15:20:02]     [2026-10-07 15:19:12]     ====================================================================================================
[2026-10-07 15:20:02]     [2026-10-07 15:19:12]     HASIL VALIDASI — GOLD_AWL — 8 DIMENSI KUALITAS DATA
[2026-10-07 15:20:02]     [2026-10-07 15:19:12]     ====================================================================================================
[2026-10-07 15:20:02]     [2026-10-07 15:19:12]       Dataset   : gold_awl  (Gold AWL Transactions -- raw copy dbo.Gold_AWL_Readings, TANPA join/filter. Window custom 07:00->07:00 hari berikutnya (SAMA dgn idempotency delete sp_ETL_LoadSilver_ARS_Transactions Step 1), BUKAN kalender 00:00-24:00 biasa.)
[2026-10-07 15:20:02]     [2026-10-07 15:19:12]       [GAGAL] Tidak ada kolom hilang maupun kolom tak terduga (schema evolution)
[2026-10-07 15:20:02]     [2026-10-07 15:19:12]               observasi : ['battery_pct', 'block_gis', 'block_sap', 'company_code', 'connectivity', 'device_id', 'device_type', 'dq_gps_available', 'dq_water_level_valid', 'est_code', 'est_code_sap', 'est_new_code', 'is_manual', 'latitude', 'loaded_at', 'longitude', 'plantation_code', 'recorded_at', 'region_name', 'signal_dbm', 'vendor', 'water_level_cm', 'water_level_source']
[2026-10-07 15:20:02]     [2026-10-07 15:19:12]       [ OK  ] Tipe device_id = string (object)
[2026-10-07 15:20:02]     [2026-10-07 15:19:12]       [ OK  ] Tipe recorded_at = datetime (datetime64[us]/datetime64[ns]/datetime64[ms]/datetime64[s]/date)
[2026-10-07 15:20:02]     [2026-10-07 15:19:12]       [ OK  ] Tipe vendor = string (object)
[2026-10-07 15:20:02]     [2026-10-07 15:19:12]       [ OK  ] Tipe device_type = string (object)
[2026-10-07 15:20:02]     [2026-10-07 15:19:12]       [GAGAL] Tipe est_newCode = string (object)
[2026-10-07 15:20:02]     [2026-10-07 15:19:12]               observasi : None
[2026-10-07 15:20:02]     [2026-10-07 15:19:12]       [GAGAL] Tipe est_codeSAP = string (object)
[2026-10-07 15:20:02]     [2026-10-07 15:19:12]               observasi : None
[2026-10-07 15:20:02]     [2026-10-07 15:19:12]       [GAGAL] Tipe blockGIS_id = string (object)
[2026-10-07 15:20:02]     [2026-10-07 15:19:12]               observasi : None
[2026-10-07 15:20:02]     [2026-10-07 15:19:12]       [GAGAL] Tipe blockSAP_id = string (object)
[2026-10-07 15:20:02]     [2026-10-07 15:19:12]               observasi : None
[2026-10-07 15:20:02]     [2026-10-07 15:19:12]       [ OK  ] Tipe water_level_cm = float (float64/float32/float16)
[2026-10-07 15:20:02]     [2026-10-07 15:19:12]       [ OK  ] Tipe water_level_source = string (object)
[2026-10-07 15:20:02]     [2026-10-07 15:19:12]       [GAGAL] Tipe battery_pct = float (float64/float32/float16)
[2026-10-07 15:20:02]     [2026-10-07 15:19:12]               observasi : 725 baris, 657 menyimpang, 68 kosong
[2026-10-07 15:20:02]     [2026-10-07 15:19:12]               menyimpang: 657 baris (100.0000%)
[2026-10-07 15:20:02]     [2026-10-07 15:19:12]               contoh    : [Decimal('92.00'), Decimal('92.00'), Decimal('92.00'), Decimal('92.00'), Decimal('92.00'), Decimal('92.00'), Decimal('92.00'), Decimal('92.00')]
[2026-10-07 15:20:02]     [2026-10-07 15:19:12]       [GAGAL] Tipe signal_dbm = float (float64/float32/float16)
[2026-10-07 15:20:02]     [2026-10-07 15:19:12]               observasi : 725 baris, 657 menyimpang, 68 kosong
[2026-10-07 15:20:02]     [2026-10-07 15:19:12]               menyimpang: 657 baris (100.0000%)
[2026-10-07 15:20:02]     [2026-10-07 15:19:12]               contoh    : [Decimal('12.00'), Decimal('12.00'), Decimal('12.00'), Decimal('12.00'), Decimal('12.00'), Decimal('12.00'), Decimal('14.00'), Decimal('15.00')]
[2026-10-07 15:20:02]     [2026-10-07 15:19:12]       [ OK  ] Tipe dq_water_level_valid = boolean (bool)
[2026-10-07 15:20:02]     [2026-10-07 15:19:12]       [ OK  ] Tipe dq_gps_available = boolean (bool)
[2026-10-07 15:20:02]     [2026-10-07 15:19:12]       [GAGAL] Jumlah baris dalam koridor baseline (323–436, median historis 380)
[2026-10-07 15:20:02]     [2026-10-07 15:19:12]               observasi : 725
[2026-10-07 15:20:02]     [2026-10-07 15:19:12]     
[2026-10-07 15:20:02]     [2026-10-07 15:19:12]     3. FRESHNESS  —  3 lolos / 1 gagal
[2026-10-07 15:20:02]     [2026-10-07 15:19:12]     ----------------------------------
[2026-10-07 15:20:02]     [2026-10-07 15:19:12]       [ OK  ] Semua recorded_at di dalam window partisi [2026-10-06 00:00 .. 2026-10-06 23:59]
[2026-10-07 15:20:02]     [2026-10-07 15:19:12]       [GAGAL] est_newCode tidak boleh null
[2026-10-07 15:20:02]     [2026-10-07 15:19:12]               observasi : None
[2026-10-07 15:20:02]     [2026-10-07 15:19:12]       [GAGAL] est_codeSAP tidak boleh null
[2026-10-07 15:20:02]     [2026-10-07 15:19:12]               observasi : None
[2026-10-07 15:20:02]     [2026-10-07 15:19:12]       [GAGAL] blockGIS_id tidak boleh null
[2026-10-07 15:20:02]     [2026-10-07 15:19:12]               observasi : None
[2026-10-07 15:20:02]     [2026-10-07 15:19:12]       [GAGAL] Proporsi blockSAP_id terisi >= 0.9500
[2026-10-07 15:20:02]     [2026-10-07 15:19:12]               observasi : None
[2026-10-07 15:20:02]     [2026-10-07 15:19:12]       [ OK  ] water_level_cm tidak boleh null
[2026-10-07 15:20:02]     [2026-10-07 15:19:12]       [ OK  ] water_level_source tidak boleh null
[2026-10-07 15:20:02]     [2026-10-07 15:19:12]       [GAGAL] battery_pct tidak boleh null
[2026-10-07 15:20:02]     [2026-10-07 15:19:12]               observasi : 725 baris, 68 menyimpang, None kosong
[2026-10-07 15:20:02]     [2026-10-07 15:19:12]               menyimpang: 68 baris (9.3793%)
[2026-10-07 15:20:02]     [2026-10-07 15:19:12]               contoh    : [None, None, None, None, None, None, None, None]
[2026-10-07 15:20:02]     [2026-10-07 15:19:12]       [GAGAL] signal_dbm tidak boleh null
[2026-10-07 15:20:02]     [2026-10-07 15:19:12]               observasi : 725 baris, 68 menyimpang, None kosong
[2026-10-07 15:20:02]     [2026-10-07 15:19:12]               menyimpang: 68 baris (9.3793%)
[2026-10-07 15:20:02]     [2026-10-07 15:19:12]               contoh    : [None, None, None, None, None, None, None, None]
[2026-10-07 15:20:02]     [2026-10-07 15:19:12]       [ OK  ] dq_water_level_valid tidak boleh null
[2026-10-07 15:20:02]     [2026-10-07 15:19:12]       [ OK  ] dq_gps_available tidak boleh null
[2026-10-07 15:20:02]     [2026-10-07 15:19:12]       [GAGAL] est_newCode bukan string kosong / hanya spasi
[2026-10-07 15:20:02]     [2026-10-07 15:19:12]               observasi : None
[2026-10-07 15:20:02]     [2026-10-07 15:19:12]       [GAGAL] est_codeSAP bukan string kosong / hanya spasi
[2026-10-07 15:20:02]     [2026-10-07 15:19:12]               observasi : None
[2026-10-07 15:20:02]     [2026-10-07 15:19:12]       [GAGAL] blockGIS_id bukan string kosong / hanya spasi
[2026-10-07 15:20:02]     [2026-10-07 15:19:12]               observasi : None
[2026-10-07 15:20:02]     [2026-10-07 15:19:12]       [GAGAL] blockSAP_id bukan string kosong / hanya spasi
[2026-10-07 15:20:02]     [2026-10-07 15:19:12]               observasi : None
[2026-10-07 15:20:02]     [2026-10-07 15:19:12]       [ OK  ] water_level_source bukan string kosong / hanya spasi
[2026-10-07 15:20:02]     [2026-10-07 15:19:12]     
[2026-10-07 15:20:02]     [2026-10-07 15:19:12]     5. UNIQUENESS  —  0 lolos / 1 gagal
[2026-10-07 15:20:02]     [2026-10-07 15:19:12]     -----------------------------------
[2026-10-07 15:20:02]     [2026-10-07 15:19:12]       [GAGAL] device_id (surrogate key) unik
[2026-10-07 15:20:02]     [2026-10-07 15:19:12]               observasi : 725 baris, 724 menyimpang, 0 kosong
[2026-10-07 15:20:02]     [2026-10-07 15:19:12]               menyimpang: 724 baris (99.8621%)
[2026-10-07 15:20:02]     [2026-10-07 15:19:12]               contoh    : ['219241', '219241', '219241', '219241', '219241', '219241', '219241', '219241']
[2026-10-07 15:20:02]     [2026-10-07 15:19:12]     
[2026-10-07 15:20:02]     [2026-10-07 15:19:12]     6. INTEGRITY  —  0 lolos / 4 gagal
[2026-10-07 15:20:02]     [2026-10-07 15:19:12]       [GAGAL] company_code terdaftar di master (10 kode dikenal)
[2026-10-07 15:20:02]     [2026-10-07 15:19:12]               observasi : 725 baris, 12 menyimpang, 0 kosong
[2026-10-07 15:20:02]     [2026-10-07 15:19:12]               menyimpang: 12 baris (1.6552%)
[2026-10-07 15:20:02]     [2026-10-07 15:19:12]               contoh    : ['PT.NJP', 'PT.NJP', 'PT.NJP', 'PT.NJP', 'PT.NJP', 'PT.NJP', 'PT.NJP', 'PT.NJP']
[2026-10-07 15:20:02]     [2026-10-07 15:19:12]       [GAGAL] est_code terdaftar di master (30 kode dikenal)
[2026-10-07 15:20:02]     [2026-10-07 15:19:12]               observasi : 725 baris, 12 menyimpang, 0 kosong
[2026-10-07 15:20:02]     [2026-10-07 15:19:12]               menyimpang: 12 baris (1.6552%)
[2026-10-07 15:20:02]     [2026-10-07 15:19:12]               contoh    : ['KAB', 'KAB', 'KAB', 'KAB', 'KAB', 'KAB', 'KAB', 'KAB']
[2026-10-07 15:20:02]     [2026-10-07 15:19:12]       [GAGAL] est_newCode terdaftar di master (30 kode dikenal)
[2026-10-07 15:20:02]     [2026-10-07 15:19:12]               observasi : None
[2026-10-07 15:20:02]     [2026-10-07 15:19:12]       [GAGAL] est_codeSAP terdaftar di master (30 kode dikenal)
[2026-10-07 15:20:02]     [2026-10-07 15:19:12]               observasi : None
[2026-10-07 15:20:02]     [2026-10-07 15:19:12]     
[2026-10-07 15:20:02]     [2026-10-07 15:19:12]     7. DISTRIBUTION  —  15 lolos / 1 gagal
[2026-10-07 15:20:02]     [2026-10-07 15:19:12]     --------------------------------------
[2026-10-07 15:20:02]     [2026-10-07 15:19:12]       [ OK  ] Rata-rata water_level_cm dalam koridor [45.7735, 262.589]
[2026-10-07 15:20:02]     [2026-10-07 15:19:12]   [stderr] (10 baris penting, 0 warning di-suppress):
[2026-10-07 15:20:02]     [2026-10-07 15:19:12]     Traceback (most recent call last):
[2026-10-07 15:20:02]     [2026-10-07 15:19:12]       File "/Users/Pooja/Downloads/Great Expectations bronze layer/validate.py", line 346, in main
[2026-10-07 15:20:02]     [2026-10-07 15:19:12]         kode |= jalankan_dataset(specs[nama], args, now)
[2026-10-07 15:20:02]     [2026-10-07 15:19:12]                 ^^^^^^^^^^^^^^^^^^^^^^^^^^^^^^^^^^^^^^^^
[2026-10-07 15:20:02]     [2026-10-07 15:19:12]       File "/Users/Pooja/Downloads/Great Expectations bronze layer/validate.py", line 232, in jalankan_dataset
[2026-10-07 15:20:02]     [2026-10-07 15:19:12]         report.cetak_terminal(hasil, summ, meta)
[2026-10-07 15:20:02]     [2026-10-07 15:19:12]       File "/Users/Pooja/Downloads/Great Expectations bronze layer/dqcore/report.py", line 71, in cetak_terminal
[2026-10-07 15:20:02]     [2026-10-07 15:19:12]         f"({it['unexpected_percent']:.4f}%)")
[2026-10-07 15:20:02]     [2026-10-07 15:19:12]            ^^^^^^^^^^^^^^^^^^^^^^^^^^^^^^
[2026-10-07 15:20:02]     [2026-10-07 15:19:12]     TypeError: unsupported format string passed to NoneType.__format__
[2026-10-07 15:20:02]     [2026-10-07 15:19:12]   validate exit code = 1  durasi=3.4s
[2026-10-07 15:20:02]     [2026-10-07 15:19:12] END   validate          | dataset=gold_awl  exit=1  durasi=3.4s  status=GAGAL(1)
[2026-10-07 15:20:02]     [2026-10-07 15:19:12] DONE  gold_awl                     | build=0  validate=1  status=GAGAL
[2026-10-07 15:20:02]     [2026-10-07 15:19:12] 
[2026-10-07 15:20:02]     [2026-10-07 15:19:12] ==============================================================================
[2026-10-07 15:20:02]     [2026-10-07 15:19:12] [3/7] DATASET: gold_master_awm
[2026-10-07 15:20:02]     [2026-10-07 15:19:12] ==============================================================================
[2026-10-07 15:20:02]     [2026-10-07 15:19:12] SKIP  build_reference  | dataset=gold_master_awm (--no-build)
[2026-10-07 15:20:02]     [2026-10-07 15:19:12] START validate         | dataset=gold_master_awm
[2026-10-07 15:20:02]     [2026-10-07 15:19:12]   $ /opt/anaconda3/bin/python /Users/Pooja/Downloads/Great Expectations bronze layer/validate.py --config /Users/Pooja/Downloads/Great Expectations bronze layer/gold_data_validation.yml --source s3 --dataset gold_master_awm --mode harian --no-data-docs --date 2026-10-06 --fallback-latest
[2026-10-07 15:20:02]     [2026-10-07 15:19:38]     Memuat [s3]: s3://kpn-gis-s3-bucket/datalake/gold/awm/master_awm/snapshot_date=2026-10-06/part-00000-547b4294-7c99-4f1d-bf82-a57ae4462123.c000.zstd.parquet
[2026-10-07 15:20:02]     [2026-10-07 15:19:38]     
[2026-10-07 15:20:02]     [2026-10-07 15:19:38]     ====================================================================================================
[2026-10-07 15:20:02]     [2026-10-07 15:19:38]     HASIL VALIDASI — GOLD_MASTER_AWM — 8 DIMENSI KUALITAS DATA
[2026-10-07 15:20:02]     [2026-10-07 15:19:38]     ====================================================================================================
[2026-10-07 15:20:02]     [2026-10-07 15:19:38]       Dataset   : gold_master_awm  (Gold Master AWM -- master data AWM assets dari berbagai sumber (bridge, weir, culvert, dam, flap_gate, pump_house, water_gate, siphon). Snapshot harian dari T_Master_AWM_All.)
[2026-10-07 15:20:02]     [2026-10-07 15:19:38]       [GAGAL] Jumlah kolom tepat 62
[2026-10-07 15:20:02]     [2026-10-07 15:19:38]               observasi : 61
[2026-10-07 15:20:02]     [2026-10-07 15:19:38]       [GAGAL] Tidak ada kolom hilang maupun kolom tak terduga (schema evolution)
[2026-10-07 15:20:02]     [2026-10-07 15:19:38]               observasi : ['afdeling', 'asset_subtype', 'asset_subtype_label', 'asset_type', 'asset_type_label', 'block_gis', 'block_sap', 'bridge_event_type', 'budget_price', 'budget_ref_id', 'company_code', 'condition', 'condition_label', 'created_date', 'created_user', 'culvert_pipe_count', 'door_count', 'duration', 'est_code', 'est_code_sap', 'est_new_code', 'flap_gate_door_type', 'flap_gate_status', 'flow_dir', 'fungsi', 'global_id', 'grouping', 'last_edited_date', 'last_edited_user', 'length', 'loaded_at', 'month', 'object_ref', 'objectid', 'plantation', 'qc', 'qc_remarks', 'qc_tanggal', 'qc_user', 'reference_id', 'remark', 'siphon_count', 'siphon_diameter', 'siphon_material', 'siphon_size', 'source', 'status_asset', 'status_asset_label', 'status_object', 'status_object_label', 'survey_date', 'surveyor', 'variant', 'variant_dimensi', 'variant_label', 'weir_count', 'weir_spillway_level', 'weir_status', 'width', 'year', 'year_budget']
[2026-10-07 15:20:02]     [2026-10-07 15:19:38]       [GAGAL] Tipe gold_id = integer (int64/int32/int16/int8)
[2026-10-07 15:20:02]     [2026-10-07 15:19:38]               observasi : None
[2026-10-07 15:20:02]     [2026-10-07 15:19:38]       [ OK  ] Tipe global_id = string (object)
[2026-10-07 15:20:02]     [2026-10-07 15:19:38]       [ OK  ] Tipe objectid = integer (int64/int32/int16/int8)
[2026-10-07 15:20:02]     [2026-10-07 15:19:38]       [ OK  ] Tipe asset_type = string (object)
[2026-10-07 15:20:02]     [2026-10-07 15:19:38]       [ OK  ] Tipe asset_type_label = string (object)
[2026-10-07 15:20:02]     [2026-10-07 15:19:38]       [GAGAL] Tipe status_asset = integer (int64/int32/int16/int8)
[2026-10-07 15:20:02]     [2026-10-07 15:19:38]               observasi : float64
[2026-10-07 15:20:02]     [2026-10-07 15:19:38]       [ OK  ] Tipe status_asset_label = string (object)
[2026-10-07 15:20:02]     [2026-10-07 15:19:38]       [ OK  ] Tipe fungsi = float (float64/float32/float16)
[2026-10-07 15:20:02]     [2026-10-07 15:19:38]       [ OK  ] Tipe source = float (float64/float32/float16)
[2026-10-07 15:20:02]     [2026-10-07 15:19:38]       [ OK  ] Tipe qc = float (float64/float32/float16)
[2026-10-07 15:20:02]     [2026-10-07 15:19:38]       [GAGAL] Semua loaded_at di dalam window partisi [2026-10-06 00:00 .. 2026-10-06 23:59]
[2026-10-07 15:20:02]     [2026-10-07 15:19:38]               observasi : 29954 baris, 29954 menyimpang, 0 kosong
[2026-10-07 15:20:02]     [2026-10-07 15:19:38]               menyimpang: 29954 baris (100.0000%)
[2026-10-07 15:20:02]     [2026-10-07 15:19:38]               contoh    : [Timestamp('2026-10-05 20:02:23.497237'), Timestamp('2026-10-05 20:02:23.497237'), Timestamp('2026-10-05 20:02:23.497237'), Timestamp('2026-10-05 20:02:23.497237'), Timestamp('2026-10-05 20:02:23.497237'), Timestamp('2026-10-05 20:02:23.497237'), Timestamp('2026-10-05 20:02:23.497237'), Timestamp('2026-10-05 20:02:23.497237')]
[2026-10-07 15:20:02]     [2026-10-07 15:19:38]       [ WARN] loaded_at terbaru menyentuh akhir window partisi
[2026-10-07 15:20:02]     [2026-10-07 15:19:38]               observasi : 2026-10-05 20:02:23.497237
[2026-10-07 15:20:02]     [2026-10-07 15:19:38]       [GAGAL] gold_id tidak boleh null
[2026-10-07 15:20:02]     [2026-10-07 15:19:38]               observasi : None
[2026-10-07 15:20:02]     [2026-10-07 15:19:38]       [ OK  ] global_id tidak boleh null
[2026-10-07 15:20:02]     [2026-10-07 15:19:38]       [ OK  ] Proporsi objectid terisi >= 0.9500
[2026-10-07 15:20:02]     [2026-10-07 15:19:38]       [ OK  ] asset_type tidak boleh null
[2026-10-07 15:20:02]     [2026-10-07 15:19:38]       [ OK  ] asset_type_label tidak boleh null
[2026-10-07 15:20:02]     [2026-10-07 15:19:38]       [GAGAL] company_code tidak boleh null
[2026-10-07 15:20:02]     [2026-10-07 15:19:38]               observasi : 29954 baris, 2 menyimpang, None kosong
[2026-10-07 15:20:02]     [2026-10-07 15:19:38]               menyimpang: 2 baris (0.0067%)
[2026-10-07 15:20:02]     [2026-10-07 15:19:38]               contoh    : [None, None]
[2026-10-07 15:20:02]     [2026-10-07 15:19:38]       [GAGAL] est_code tidak boleh null
[2026-10-07 15:20:02]     [2026-10-07 15:19:38]               observasi : 29954 baris, 2 menyimpang, None kosong
[2026-10-07 15:20:02]     [2026-10-07 15:19:38]               menyimpang: 2 baris (0.0067%)
[2026-10-07 15:20:02]     [2026-10-07 15:19:38]               contoh    : [None, None]
[2026-10-07 15:20:02]     [2026-10-07 15:19:38]       [GAGAL] est_new_code tidak boleh null
[2026-10-07 15:20:02]     [2026-10-07 15:19:38]               observasi : 29954 baris, 2 menyimpang, None kosong
[2026-10-07 15:20:02]     [2026-10-07 15:19:38]               menyimpang: 2 baris (0.0067%)
[2026-10-07 15:20:02]     [2026-10-07 15:19:38]               contoh    : [None, None]
[2026-10-07 15:20:02]     [2026-10-07 15:19:38]       [GAGAL] est_code_sap tidak boleh null
[2026-10-07 15:20:02]     [2026-10-07 15:19:38]               observasi : 29954 baris, 2 menyimpang, None kosong
[2026-10-07 15:20:02]     [2026-10-07 15:19:38]               menyimpang: 2 baris (0.0067%)
[2026-10-07 15:20:02]     [2026-10-07 15:19:38]               contoh    : [None, None]
[2026-10-07 15:20:02]     [2026-10-07 15:19:38]       [ OK  ] Proporsi afdeling terisi >= 0.9500
[2026-10-07 15:20:02]     [2026-10-07 15:19:38]       [ OK  ] Proporsi block_gis terisi >= 0.8588
[2026-10-07 15:20:02]     [2026-10-07 15:19:38]       [GAGAL] afdeling bukan string kosong / hanya spasi
[2026-10-07 15:20:02]     [2026-10-07 15:19:38]               observasi : 29954 baris, 4123 menyimpang, 0 kosong
[2026-10-07 15:20:02]     [2026-10-07 15:19:38]               menyimpang: 4123 baris (13.7644%)
[2026-10-07 15:20:02]     [2026-10-07 15:19:38]               contoh    : ['', '', '', '', '', '', '', '']
[2026-10-07 15:20:02]     [2026-10-07 15:19:38]       [GAGAL] block_gis bukan string kosong / hanya spasi
[2026-10-07 15:20:02]     [2026-10-07 15:19:38]               observasi : 29954 baris, 77 menyimpang, 2680 kosong
[2026-10-07 15:20:02]     [2026-10-07 15:19:38]               menyimpang: 77 baris (0.2823%)
[2026-10-07 15:20:02]     [2026-10-07 15:19:38]               contoh    : ['', '', '', '', '', '', '', '']
[2026-10-07 15:20:02]     [2026-10-07 15:19:38]       [GAGAL] block_sap bukan string kosong / hanya spasi
[2026-10-07 15:20:02]     [2026-10-07 15:19:38]               observasi : 29954 baris, 338 menyimpang, 4123 kosong
[2026-10-07 15:20:02]     [2026-10-07 15:19:38]               menyimpang: 338 baris (1.3085%)
[2026-10-07 15:20:02]     [2026-10-07 15:19:38]               contoh    : ['', '', '', '', '', '', '', '']
[2026-10-07 15:20:02]     [2026-10-07 15:19:38]       [ OK  ] condition_label bukan string kosong / hanya spasi
[2026-10-07 15:20:02]     [2026-10-07 15:19:38]       [ OK  ] status_object_label bukan string kosong / hanya spasi
[2026-10-07 15:20:02]     [2026-10-07 15:19:38]       [GAGAL] qc_remarks bukan string kosong / hanya spasi
[2026-10-07 15:20:02]     [2026-10-07 15:19:38]               observasi : 29954 baris, 8987 menyimpang, 12133 kosong
[2026-10-07 15:20:02]     [2026-10-07 15:19:38]               menyimpang: 8987 baris (50.4293%)
[2026-10-07 15:20:02]     [2026-10-07 15:19:38]               contoh    : ['', '', '', '', '', '', '', '']
[2026-10-07 15:20:02]     [2026-10-07 15:19:38]       [GAGAL] qc_user bukan string kosong / hanya spasi
[2026-10-07 15:20:02]     [2026-10-07 15:19:38]               observasi : 29954 baris, 31 menyimpang, 12446 kosong
[2026-10-07 15:20:02]     [2026-10-07 15:19:38]               menyimpang: 31 baris (0.1771%)
[2026-10-07 15:20:02]     [2026-10-07 15:19:38]               contoh    : ['', '', '', '', '', '', '', '']
[2026-10-07 15:20:02]     [2026-10-07 15:19:38]       [ OK  ] surveyor bukan string kosong / hanya spasi
[2026-10-07 15:20:02]     [2026-10-07 15:19:38]       [ OK  ] remark bukan string kosong / hanya spasi
[2026-10-07 15:20:02]     [2026-10-07 15:19:38]       [GAGAL] Rata-rata length dalam koridor [5.91956, 11.8391]
[2026-10-07 15:20:02]     [2026-10-07 15:19:38]               observasi : 5.882012840220635
[2026-10-07 15:20:02]     [2026-10-07 15:19:38]       [ OK  ] Simpangan baku length <= 10.1354
[2026-10-07 15:20:02]     [2026-10-07 15:19:38]       [ OK  ] Bentuk kuantil (p50/p75/p95/p99) sesuai profil historis
[2026-10-07 15:20:02]     [2026-10-07 15:19:38]       [ OK  ] KL divergence length terhadap baseline < 1
[2026-10-07 15:20:02]     [2026-10-07 15:19:38]       [ OK  ] Outlier ekstrem length: |z-score| < 20
[2026-10-07 15:20:02]     [2026-10-07 15:19:38]       [GAGAL] Rata-rata weir_spillway_level dalam koridor [43.3374, 86.6748]
[2026-10-07 15:20:02]     [2026-10-07 15:19:38]               observasi : 43.269914625092795
[2026-10-07 15:20:02]     [2026-10-07 15:19:38]       [ OK  ] Simpangan baku weir_spillway_level <= 67.325
[2026-10-07 15:20:02]     [2026-10-07 15:19:38]       [ OK  ] Bentuk kuantil (p50/p75/p95/p99) sesuai profil historis
[2026-10-07 15:20:02]     [2026-10-07 15:19:38]       [ OK  ] KL divergence weir_spillway_level terhadap baseline < 1
[2026-10-07 15:20:02]     [2026-10-07 15:19:38]       [ OK  ] Outlier ekstrem weir_spillway_level: |z-score| < 20
[2026-10-07 15:20:02]     [2026-10-07 15:19:38]       [GAGAL] afdeling cocok pola yang dikenal
[2026-10-07 15:20:02]     [2026-10-07 15:19:38]               observasi : 29954 baris, 4123 menyimpang, 0 kosong
[2026-10-07 15:20:02]     [2026-10-07 15:19:38]               menyimpang: 4123 baris (13.7644%)
[2026-10-07 15:20:02]     [2026-10-07 15:19:38]               contoh    : ['', '', '', '', '', '', '', '']
[2026-10-07 15:20:02]     [2026-10-07 15:19:38]       [ OK  ] Panjang afdeling antara 0–5 karakter
[2026-10-07 15:20:02]     [2026-10-07 15:19:38]       [GAGAL] block_gis cocok pola yang dikenal
[2026-10-07 15:20:02]     [2026-10-07 15:19:38]               observasi : 29954 baris, 77 menyimpang, 2680 kosong
[2026-10-07 15:20:02]     [2026-10-07 15:19:38]               menyimpang: 77 baris (0.2823%)
[2026-10-07 15:20:02]     [2026-10-07 15:19:38]               contoh    : ['', '', '', '', '', '', '', '']
[2026-10-07 15:20:02]     [2026-10-07 15:19:38]       [ OK  ] Panjang block_gis antara 0–21 karakter
[2026-10-07 15:20:02]     [2026-10-07 15:19:38]       [GAGAL] block_sap cocok salah satu dari 2 pola yang dikenal
[2026-10-07 15:20:02]     [2026-10-07 15:19:38]               observasi : 29954 baris, 338 menyimpang, 4123 kosong
[2026-10-07 15:20:02]     [2026-10-07 15:19:38]               menyimpang: 338 baris (1.3085%)
[2026-10-07 15:20:02]     [2026-10-07 15:19:38]               contoh    : ['', '', '', '', '', '', '', '']
[2026-10-07 15:20:02]     [2026-10-07 15:19:38]       [ OK  ] Panjang block_sap antara 0–3 karakter
[2026-10-07 15:20:02]     [2026-10-07 15:19:38]       [ OK  ] condition_label cocok salah satu dari 2 pola yang dikenal
[2026-10-07 15:20:02]     [2026-10-07 15:19:38]       [GAGAL] qc_remarks cocok pola yang dikenal
[2026-10-07 15:20:02]     [2026-10-07 15:19:38]               observasi : 29954 baris, 8987 menyimpang, 12133 kosong
[2026-10-07 15:20:02]     [2026-10-07 15:19:38]               menyimpang: 8987 baris (50.4293%)
[2026-10-07 15:20:02]     [2026-10-07 15:19:38]               contoh    : ['', '', '', '', '', '', '', '']
[2026-10-07 15:20:02]     [2026-10-07 15:19:38]       [ OK  ] Panjang qc_remarks antara 0–200 karakter
[2026-10-07 15:20:02]     [2026-10-07 15:19:38]       [GAGAL] qc_user cocok pola yang dikenal
[2026-10-07 15:20:02]     [2026-10-07 15:19:38]               observasi : 29954 baris, 31 menyimpang, 12446 kosong
[2026-10-07 15:20:02]     [2026-10-07 15:19:38]               menyimpang: 31 baris (0.1771%)
[2026-10-07 15:20:02]     [2026-10-07 15:19:38]               contoh    : ['', '', '', '', '', '', '', '']
[2026-10-07 15:20:02]     [2026-10-07 15:19:38]       [ OK  ] Panjang qc_user antara 0–29 karakter
[2026-10-07 15:20:02]     [2026-10-07 15:19:38]       [ OK  ] surveyor cocok pola yang dikenal
[2026-10-07 15:20:02]     [2026-10-07 15:19:38]       [GAGAL] remark cocok pola yang dikenal
[2026-10-07 15:20:02]     [2026-10-07 15:19:38]               observasi : 29954 baris, 58 menyimpang, 12319 kosong
[2026-10-07 15:20:02]     [2026-10-07 15:19:38]               menyimpang: 58 baris (0.3289%)
[2026-10-07 15:20:02]     [2026-10-07 15:19:38]               contoh    : ['pergantian gorong²', 'pergantian gorong²', 'jembatàn betina amblas', 'rorak buntu, jembatàn betina amblas', 'jembatàn betina amblas', 'pwrlu pasanv baru, tertimbun jembatàn titi betina', 'pergantian gorong² beton', 'badan jembatàn mulai amblas']
[2026-10-07 15:20:02]     [2026-10-07 15:19:38]       [ OK  ] Panjang remark antara 1–103 karakter
[2026-10-07 15:20:02]     [2026-10-07 15:19:38]       [ OK  ] budget_ref_id cocok pola yang dikenal
[2026-10-07 15:20:02]     [2026-10-07 15:19:38]       [GAGAL] asset_subtype_label bebas dari spasi di awal/akhir (padding tak sengaja)
[2026-10-07 15:20:02]     [2026-10-07 15:19:38]               observasi : 29954 baris, 285 menyimpang, 6866 kosong
[2026-10-07 15:20:02]     [2026-10-07 15:19:38]               menyimpang: 285 baris (1.2344%)
[2026-10-07 15:20:02]     [2026-10-07 15:19:38]               contoh    : ['Underpass ', 'Underpass ', 'Underpass ', 'Underpass ', 'Underpass ', 'Underpass ', 'Underpass ', 'Underpass ']
[2026-10-07 15:20:02]     [2026-10-07 15:19:38]       [ OK  ] asset_subtype_label bebas dari string kosong atau hanya spasi (missing tersembunyi)
[2026-10-07 15:20:02]     [2026-10-07 15:19:38]       [ OK  ] asset_subtype_label bebas dari karakter kontrol / non-printable
[2026-10-07 15:20:02]     [2026-10-07 15:19:38]       [GAGAL] afdeling bebas dari string kosong atau hanya spasi (missing tersembunyi)
[2026-10-07 15:20:02]     [2026-10-07 15:19:38]               observasi : 29954 baris, 4123 menyimpang, 0 kosong
[2026-10-07 15:20:02]     [2026-10-07 15:19:38]               menyimpang: 4123 baris (13.7644%)
[2026-10-07 15:20:02]     [2026-10-07 15:19:38]               contoh    : ['', '', '', '', '', '', '', '']
[2026-10-07 15:20:02]     [2026-10-07 15:19:38]       [ OK  ] afdeling bebas dari karakter kontrol / non-printable
[2026-10-07 15:20:02]     [2026-10-07 15:19:38]       [ OK  ] afdeling bebas dari penggalan HTML/markup (indikasi kebocoran encoding)
[2026-10-07 15:20:02]     [2026-10-07 15:19:38]       [GAGAL] block_gis bebas dari spasi di awal/akhir (padding tak sengaja)
[2026-10-07 15:20:02]     [2026-10-07 15:19:38]               observasi : 29954 baris, 39 menyimpang, 2680 kosong
[2026-10-07 15:20:02]     [2026-10-07 15:19:38]               menyimpang: 39 baris (0.1430%)
[2026-10-07 15:20:02]     [2026-10-07 15:19:38]               contoh    : ['5 24 ', '69 02 ', ' 42', ' ', ' ', '70 03 ', ' ', '72 03 ']
[2026-10-07 15:20:02]     [2026-10-07 15:19:38]       [GAGAL] block_gis bebas dari string kosong atau hanya spasi (missing tersembunyi)
[2026-10-07 15:20:02]     [2026-10-07 15:19:38]               observasi : 29954 baris, 80 menyimpang, 2680 kosong
[2026-10-07 15:20:02]     [2026-10-07 15:19:38]               menyimpang: 80 baris (0.2933%)
[2026-10-07 15:20:02]     [2026-10-07 15:19:38]               contoh    : ['', '', '', '', '', '', '', '']
[2026-10-07 15:20:02]     [2026-10-07 15:19:38]       [ OK  ] block_gis bebas dari karakter kontrol / non-printable
[2026-10-07 15:20:02]     [2026-10-07 15:19:38]       [ OK  ] block_gis bebas dari penggalan HTML/markup (indikasi kebocoran encoding)
[2026-10-07 15:20:02]     [2026-10-07 15:19:38]       [GAGAL] block_sap bebas dari string kosong atau hanya spasi (missing tersembunyi)
[2026-10-07 15:20:02]     [2026-10-07 15:19:38]               observasi : 29954 baris, 338 menyimpang, 4123 kosong
[2026-10-07 15:20:02]     [2026-10-07 15:19:38]               menyimpang: 338 baris (1.3085%)
[2026-10-07 15:20:02]     [2026-10-07 15:19:38]               contoh    : ['', '', '', '', '', '', '', '']
[2026-10-07 15:20:02]     [2026-10-07 15:19:38]       [ OK  ] block_sap bebas dari karakter kontrol / non-printable
[2026-10-07 15:20:02]     [2026-10-07 15:19:38]       [ OK  ] block_sap bebas dari penggalan HTML/markup (indikasi kebocoran encoding)
[2026-10-07 15:20:02]     [2026-10-07 15:19:38]       [GAGAL] qc_remarks bebas dari spasi di awal/akhir (padding tak sengaja)
[2026-10-07 15:20:02]     [2026-10-07 15:19:38]               observasi : 29954 baris, 27 menyimpang, 12133 kosong
[2026-10-07 15:20:02]     [2026-10-07 15:19:38]               menyimpang: 27 baris (0.1515%)
[2026-10-07 15:20:02]     [2026-10-07 15:19:38]               contoh    : [' mengganti gorong untuk memperlancar aliran air', 'sudah rusak bekas ceges jembatan besi bangkai jembatan ada dipinggir KCB ', 'OK jembatan ', 'QC Jembatan OK, jembtan diatas jalan kolektor anak sungai alam ', 'perlu diperbaiki dengan papan atau plat besi untuk kontrol pringgan Kanal TBS ', 'proses penimbunan tanah. kondisi jembatan batang balak rusak. ', 'overlap pengambilan sensus survey lapangan double ', 'Bersihkan dan foto ulang ']
[2026-10-07 15:20:02]     [2026-10-07 15:19:38]       [GAGAL] qc_remarks bebas dari string kosong atau hanya spasi (missing tersembunyi)
[2026-10-07 15:20:02]     [2026-10-07 15:19:38]               observasi : 29954 baris, 8987 menyimpang, 12133 kosong
[2026-10-07 15:20:02]     [2026-10-07 15:19:38]               menyimpang: 8987 baris (50.4293%)
[2026-10-07 15:20:02]     [2026-10-07 15:19:38]               contoh    : ['', '', '', '', '', '', '', '']
[2026-10-07 15:20:02]     [2026-10-07 15:19:38]       [ OK  ] qc_remarks bebas dari karakter kontrol / non-printable
[2026-10-07 15:20:02]     [2026-10-07 15:19:38]       [ OK  ] qc_remarks bebas dari penggalan HTML/markup (indikasi kebocoran encoding)
[2026-10-07 15:20:02]     [2026-10-07 15:19:38]       [GAGAL] qc_user bebas dari string kosong atau hanya spasi (missing tersembunyi)
[2026-10-07 15:20:02]     [2026-10-07 15:19:38]               observasi : 29954 baris, 31 menyimpang, 12446 kosong
[2026-10-07 15:20:02]     [2026-10-07 15:19:38]               menyimpang: 31 baris (0.1771%)
[2026-10-07 15:20:02]     [2026-10-07 15:19:38]               contoh    : ['', '', '', '', '', '', '', '']
[2026-10-07 15:20:02]     [2026-10-07 15:19:38]       [GAGAL] qc_user bebas dari karakter kontrol / non-printable
[2026-10-07 15:20:02]     [2026-10-07 15:19:38]               observasi : 29954 baris, 1 menyimpang, 12446 kosong
[2026-10-07 15:20:02]     [2026-10-07 15:19:38]               menyimpang: 1 baris (0.0057%)
[2026-10-07 15:20:02]     [2026-10-07 15:19:38]               contoh    : ["',\r\n\t\t\tQC_remarks = '"]
[2026-10-07 15:20:02]     [2026-10-07 15:19:38]       [ OK  ] qc_user bebas dari penggalan HTML/markup (indikasi kebocoran encoding)
[2026-10-07 15:20:02]     [2026-10-07 15:19:38]       [ OK  ] qc_user bebas dari literal 'null'/'None'/'nan' sebagai teks
[2026-10-07 15:20:02]     [2026-10-07 15:19:38]       [GAGAL] variant_label bebas dari spasi di awal/akhir (padding tak sengaja)
[2026-10-07 15:20:02]     [2026-10-07 15:19:38]               observasi : 29954 baris, 1127 menyimpang, 27654 kosong
[2026-10-07 15:20:02]     [2026-10-07 15:19:38]               menyimpang: 1127 baris (49.0000%)
[2026-10-07 15:20:02]     [2026-10-07 15:19:38]               contoh    : [' Weir Tundung PVC 6 inch', ' Weir Tundung PVC 6 inch', ' Weir Tundung PVC 6 inch', ' Weir Tundung PVC 6 inch', ' Weir Tundung PVC 6 inch', 'WEIR PRECAST WALL STD2 300250-2 ', ' Weir Tundung PVC 6 inch', ' Weir Tundung PVC 6 inch']
[2026-10-07 15:20:02]     [2026-10-07 15:19:38]       [ OK  ] variant_label bebas dari string kosong atau hanya spasi (missing tersembunyi)
[2026-10-07 15:20:02]     [2026-10-07 15:19:38]       [ OK  ] variant_label bebas dari karakter kontrol / non-printable
[2026-10-07 15:20:02]     [2026-10-07 15:19:38]       [GAGAL] variant_dimensi bebas dari spasi di awal/akhir (padding tak sengaja)
[2026-10-07 15:20:02]     [2026-10-07 15:19:38]               observasi : 29954 baris, 150 menyimpang, 27654 kosong
[2026-10-07 15:20:02]     [2026-10-07 15:19:38]               menyimpang: 150 baris (6.5217%)
[2026-10-07 15:20:02]     [2026-10-07 15:19:38]               contoh    : ['400 x 80 cm ', '400 x 80 cm ', '400 x 80 cm ', '400 x 80 cm ', '400 x 80 cm ', '400 x 80 cm ', '100 x 75 cm ', '400 x 80 cm ']
[2026-10-07 15:20:02]     [2026-10-07 15:19:38]       [ OK  ] variant_dimensi bebas dari string kosong atau hanya spasi (missing tersembunyi)
[2026-10-07 15:20:02]     [2026-10-07 15:19:38]       [ OK  ] variant_dimensi bebas dari karakter kontrol / non-printable
[2026-10-07 15:20:02]     [2026-10-07 15:19:38]               alasan    : Query ke SQL Server gagal, jadi tidak ada nilai pembanding: Gagal konek ke SQL Server (Error): ('01000', "[01000] [unixODBC][Driver Manager]Can't open lib 'ODBC Driver 17 for SQL Server' : file not found (0) (SQLDriverConnect)")
[2026-10-07 15:20:02]     [2026-10-07 15:19:38]       Periksa SQLSERVER_HOST/DB/UID/PWD di .env, VPN/firewall ke server, dan apakah ODBC Driver 17 for SQL Server terinstal.
[2026-10-07 15:20:02]     [2026-10-07 15:19:38]     
[2026-10-07 15:20:02]     [2026-10-07 15:19:38]     10. FORMAT & PATTERN COMPLIANCE  —  0 lolos / 0 gagal / 1 dilewati
[2026-10-07 15:20:02]     [2026-10-07 15:19:38]     ------------------------------------------------------------------
[2026-10-07 15:20:02]     [2026-10-07 15:19:38]       [LEWAT] Kepatuhan format terhadap standar bisnis
[2026-10-07 15:20:02]     [2026-10-07 15:19:38]     VERDIKT: TIDAK LAYAK — ada kegagalan blocking
[2026-10-07 15:20:02]     [2026-10-07 15:19:38]     ====================================================================================================
[2026-10-07 15:20:02]     [2026-10-07 15:19:38]     
[2026-10-07 15:20:02]     [2026-10-07 15:19:38]     Laporan Markdown : /Users/Pooja/Downloads/Great Expectations bronze layer/reports/gold_master_awm_validation.md
[2026-10-07 15:20:02]     [2026-10-07 15:19:38]     Laporan JSON     : /Users/Pooja/Downloads/Great Expectations bronze layer/reports/gold_master_awm_validation.json
[2026-10-07 15:20:02]     [2026-10-07 15:19:38]   validate exit code = 1  durasi=25.9s
[2026-10-07 15:20:02]     [2026-10-07 15:19:38] END   validate          | dataset=gold_master_awm  exit=1  durasi=25.9s  status=GAGAL(1)
[2026-10-07 15:20:02]     [2026-10-07 15:19:38] DONE  gold_master_awm              | build=0  validate=1  status=GAGAL
[2026-10-07 15:20:02]     [2026-10-07 15:19:38] 
[2026-10-07 15:20:02]     [2026-10-07 15:19:38] ==============================================================================
[2026-10-07 15:20:02]     [2026-10-07 15:19:38] [4/7] DATASET: gold_master_block
[2026-10-07 15:20:02]     [2026-10-07 15:19:38] ==============================================================================
[2026-10-07 15:20:02]     [2026-10-07 15:19:38] SKIP  build_reference  | dataset=gold_master_block (--no-build)
[2026-10-07 15:20:02]     [2026-10-07 15:19:38] START validate         | dataset=gold_master_block
[2026-10-07 15:20:02]     [2026-10-07 15:19:38]   $ /opt/anaconda3/bin/python /Users/Pooja/Downloads/Great Expectations bronze layer/validate.py --config /Users/Pooja/Downloads/Great Expectations bronze layer/gold_data_validation.yml --source s3 --dataset gold_master_block --mode harian --no-data-docs --date 2026-10-06 --fallback-latest
[2026-10-07 15:20:02]     [2026-10-07 15:19:50]     Memuat [s3]: s3://kpn-gis-s3-bucket/datalake/gold/mgb/master_block/snapshot_date=2026-10-06/part-00000-f21950a1-94ea-46fa-8e38-7762802ad51e.c000.zstd.parquet
[2026-10-07 15:20:02]     [2026-10-07 15:19:50]     
[2026-10-07 15:20:02]     [2026-10-07 15:19:50]     ====================================================================================================
[2026-10-07 15:20:02]     [2026-10-07 15:19:50]     HASIL VALIDASI — GOLD_MASTER_BLOCK — 8 DIMENSI KUALITAS DATA
[2026-10-07 15:20:02]     [2026-10-07 15:19:50]     ====================================================================================================
[2026-10-07 15:20:02]     [2026-10-07 15:19:50]       Dataset   : gold_master_block  (Gold Master Block -- master data block mapping dari berbagai sumber (MGB2, COR, SAP, PLA). Snapshot harian dari T_Master_Block_All.)
[2026-10-07 15:20:02]     [2026-10-07 15:19:50]       [GAGAL] Tipe yop = integer (int64/int32/int16/int8)
[2026-10-07 15:20:02]     [2026-10-07 15:19:50]               observasi : float64
[2026-10-07 15:20:02]     [2026-10-07 15:19:50]       [ OK  ] Tipe progeny = string (object)
[2026-10-07 15:20:02]     [2026-10-07 15:19:50]       [ OK  ] Tipe owner_code = string (object)
[2026-10-07 15:20:02]     [2026-10-07 15:19:50]       [ OK  ] Tipe ownership = string (object)
[2026-10-07 15:20:02]     [2026-10-07 15:19:50]       [ OK  ] Tipe topografi = string (object)
[2026-10-07 15:20:02]     [2026-10-07 15:19:50]       [GAGAL] block_sap bukan string kosong / hanya spasi
[2026-10-07 15:20:02]     [2026-10-07 15:19:50]               observasi : 7576 baris, 244 menyimpang, 0 kosong
[2026-10-07 15:20:02]     [2026-10-07 15:19:50]               menyimpang: 244 baris (3.2207%)
[2026-10-07 15:20:02]     [2026-10-07 15:19:50]               contoh    : ['', '', '', '', '', '', '', '']
[2026-10-07 15:20:02]     [2026-10-07 15:19:50]       [ OK  ] zkprs bukan string kosong / hanya spasi
[2026-10-07 15:20:02]     [2026-10-07 15:19:50]       [ OK  ] koperasi_name bukan string kosong / hanya spasi
[2026-10-07 15:20:02]     [2026-10-07 15:19:50]       [GAGAL] progeny bukan string kosong / hanya spasi
[2026-10-07 15:20:02]     [2026-10-07 15:19:50]               observasi : 7576 baris, 361 menyimpang, 0 kosong
[2026-10-07 15:20:02]     [2026-10-07 15:19:50]               menyimpang: 361 baris (4.7650%)
[2026-10-07 15:20:02]     [2026-10-07 15:19:50]               contoh    : ['', '', '', '', '', '', '', '']
[2026-10-07 15:20:02]     [2026-10-07 15:19:50]       [ OK  ] owner_code bukan string kosong / hanya spasi
[2026-10-07 15:20:02]     [2026-10-07 15:19:50]       [ OK  ] ownership bukan string kosong / hanya spasi
[2026-10-07 15:20:02]     [2026-10-07 15:19:50]       [GAGAL] topografi bukan string kosong / hanya spasi
[2026-10-07 15:20:02]     [2026-10-07 15:19:50]               observasi : 7576 baris, 360 menyimpang, 0 kosong
[2026-10-07 15:20:02]     [2026-10-07 15:19:50]               menyimpang: 360 baris (4.7518%)
[2026-10-07 15:20:02]     [2026-10-07 15:19:50]               contoh    : ['', '', '', '', '', '', '', '']
[2026-10-07 15:20:02]     [2026-10-07 15:19:50]       [ OK  ] deskripsi_topografi bukan string kosong / hanya spasi
[2026-10-07 15:20:02]     [2026-10-07 15:19:50]       [GAGAL] soil bukan string kosong / hanya spasi
[2026-10-07 15:20:02]     [2026-10-07 15:19:50]               observasi : 7576 baris, 360 menyimpang, 0 kosong
[2026-10-07 15:20:02]     [2026-10-07 15:19:50]               menyimpang: 360 baris (4.7518%)
[2026-10-07 15:20:02]     [2026-10-07 15:19:50]               contoh    : ['', '', '', '', '', '', '', '']
[2026-10-07 15:20:02]     [2026-10-07 15:19:50]       [GAGAL] crop_type bukan string kosong / hanya spasi
[2026-10-07 15:20:02]     [2026-10-07 15:19:50]               observasi : 7576 baris, 360 menyimpang, 0 kosong
[2026-10-07 15:20:02]     [2026-10-07 15:19:50]               menyimpang: 360 baris (4.7518%)
[2026-10-07 15:20:02]     [2026-10-07 15:19:50]               contoh    : ['', '', '', '', '', '', '', '']
[2026-10-07 15:20:02]     [2026-10-07 15:19:50]       [ OK  ] survey_stage_desc bukan string kosong / hanya spasi
[2026-10-07 15:20:02]     [2026-10-07 15:19:50]       [ OK  ] survey_stage_desc_full bukan string kosong / hanya spasi
[2026-10-07 15:20:02]     [2026-10-07 15:19:50]       [GAGAL] fase_tanaman bukan string kosong / hanya spasi
[2026-10-07 15:20:02]     [2026-10-07 15:19:50]               observasi : 7576 baris, 363 menyimpang, 0 kosong
[2026-10-07 15:20:02]     [2026-10-07 15:19:50]               menyimpang: 363 baris (4.7914%)
[2026-10-07 15:20:02]     [2026-10-07 15:19:50]               contoh    : ['', '', '', '', '', '', '', '']
[2026-10-07 15:20:02]     [2026-10-07 15:19:50]       [ OK  ] update_name bukan string kosong / hanya spasi
[2026-10-07 15:20:02]     [2026-10-07 15:19:50]     
[2026-10-07 15:20:02]     [2026-10-07 15:19:50]       [GAGAL] block_sap cocok salah satu dari 2 pola yang dikenal
[2026-10-07 15:20:02]     [2026-10-07 15:19:50]               observasi : 7576 baris, 244 menyimpang, 0 kosong
[2026-10-07 15:20:02]     [2026-10-07 15:19:50]               menyimpang: 244 baris (3.2207%)
[2026-10-07 15:20:02]     [2026-10-07 15:19:50]               contoh    : ['', '', '', '', '', '', '', '']
[2026-10-07 15:20:02]     [2026-10-07 15:19:50]       [ OK  ] Panjang block_sap antara 0–3 karakter
[2026-10-07 15:20:02]     [2026-10-07 15:19:50]       [ OK  ] zkprs cocok pola yang dikenal
[2026-10-07 15:20:02]     [2026-10-07 15:19:50]       [GAGAL] progeny cocok salah satu dari 4 pola yang dikenal
[2026-10-07 15:20:02]     [2026-10-07 15:19:50]               observasi : 7576 baris, 361 menyimpang, 0 kosong
[2026-10-07 15:20:02]     [2026-10-07 15:19:50]               menyimpang: 361 baris (4.7650%)
[2026-10-07 15:20:02]     [2026-10-07 15:19:50]               contoh    : ['', '', '', '', '', '', '', '']
[2026-10-07 15:20:02]     [2026-10-07 15:19:50]       [ OK  ] Panjang progeny antara 0–13 karakter
[2026-10-07 15:20:02]     [2026-10-07 15:19:50]       [ OK  ] owner_code cocok pola yang dikenal
[2026-10-07 15:20:02]     [2026-10-07 15:19:50]       [GAGAL] topografi cocok pola yang dikenal
[2026-10-07 15:20:02]     [2026-10-07 15:19:50]               observasi : 7576 baris, 360 menyimpang, 0 kosong
[2026-10-07 15:20:02]     [2026-10-07 15:19:50]               menyimpang: 360 baris (4.7518%)
[2026-10-07 15:20:02]     [2026-10-07 15:19:50]               contoh    : ['', '', '', '', '', '', '', '']
[2026-10-07 15:20:02]     [2026-10-07 15:19:50]       [ OK  ] Panjang topografi antara 0–3 karakter
[2026-10-07 15:20:02]     [2026-10-07 15:19:50]       [ OK  ] deskripsi_topografi cocok salah satu dari 2 pola yang dikenal
[2026-10-07 15:20:02]     [2026-10-07 15:19:50]       [GAGAL] soil cocok pola yang dikenal
[2026-10-07 15:20:02]     [2026-10-07 15:19:50]               observasi : 7576 baris, 360 menyimpang, 0 kosong
[2026-10-07 15:20:02]     [2026-10-07 15:19:50]               menyimpang: 360 baris (4.7518%)
[2026-10-07 15:20:02]     [2026-10-07 15:19:50]               contoh    : ['', '', '', '', '', '', '', '']
[2026-10-07 15:20:02]     [2026-10-07 15:19:50]       [ OK  ] Panjang soil antara 0–7 karakter
[2026-10-07 15:20:02]     [2026-10-07 15:19:50]       [GAGAL] crop_type cocok pola yang dikenal
[2026-10-07 15:20:02]     [2026-10-07 15:19:50]               observasi : 7576 baris, 360 menyimpang, 0 kosong
[2026-10-07 15:20:02]     [2026-10-07 15:19:50]               menyimpang: 360 baris (4.7518%)
[2026-10-07 15:20:02]     [2026-10-07 15:19:50]               contoh    : ['', '', '', '', '', '', '', '']
[2026-10-07 15:20:02]     [2026-10-07 15:19:50]       [ OK  ] Panjang crop_type antara 0–4 karakter
[2026-10-07 15:20:02]     [2026-10-07 15:19:50]       [ OK  ] survey_stage_desc cocok salah satu dari 2 pola yang dikenal
[2026-10-07 15:20:02]     [2026-10-07 15:19:50]       [GAGAL] fase_tanaman cocok pola yang dikenal
[2026-10-07 15:20:02]     [2026-10-07 15:19:50]               observasi : 7576 baris, 363 menyimpang, 0 kosong
[2026-10-07 15:20:02]     [2026-10-07 15:19:50]               menyimpang: 363 baris (4.7914%)
[2026-10-07 15:20:02]     [2026-10-07 15:19:50]               contoh    : ['', '', '', '', '', '', '', '']
[2026-10-07 15:20:02]     [2026-10-07 15:19:50]       [ OK  ] Panjang fase_tanaman antara 0–3 karakter
[2026-10-07 15:20:02]     [2026-10-07 15:19:50]       [ OK  ] update_name cocok salah satu dari 3 pola yang dikenal
[2026-10-07 15:20:02]     [2026-10-07 15:19:50]       [GAGAL] block_sap bebas dari string kosong atau hanya spasi (missing tersembunyi)
[2026-10-07 15:20:02]     [2026-10-07 15:19:50]               observasi : 7576 baris, 244 menyimpang, 0 kosong
[2026-10-07 15:20:02]     [2026-10-07 15:19:50]               menyimpang: 244 baris (3.2207%)
[2026-10-07 15:20:02]     [2026-10-07 15:19:50]               contoh    : ['', '', '', '', '', '', '', '']
[2026-10-07 15:20:02]     [2026-10-07 15:19:50]       [ OK  ] block_sap bebas dari karakter kontrol / non-printable
[2026-10-07 15:20:02]     [2026-10-07 15:19:50]       [ OK  ] block_sap bebas dari penggalan HTML/markup (indikasi kebocoran encoding)
[2026-10-07 15:20:02]     [2026-10-07 15:19:50]       [GAGAL] progeny bebas dari string kosong atau hanya spasi (missing tersembunyi)
[2026-10-07 15:20:02]     [2026-10-07 15:19:50]               observasi : 7576 baris, 361 menyimpang, 0 kosong
[2026-10-07 15:20:02]     [2026-10-07 15:19:50]               menyimpang: 361 baris (4.7650%)
[2026-10-07 15:20:02]     [2026-10-07 15:19:50]               contoh    : ['', '', '', '', '', '', '', '']
[2026-10-07 15:20:02]     [2026-10-07 15:19:50]       [ OK  ] progeny bebas dari karakter kontrol / non-printable
[2026-10-07 15:20:02]     [2026-10-07 15:19:50]       [ OK  ] progeny bebas dari penggalan HTML/markup (indikasi kebocoran encoding)
[2026-10-07 15:20:02]     [2026-10-07 15:19:50]       [GAGAL] topografi bebas dari string kosong atau hanya spasi (missing tersembunyi)
[2026-10-07 15:20:02]     [2026-10-07 15:19:50]               observasi : 7576 baris, 360 menyimpang, 0 kosong
[2026-10-07 15:20:02]     [2026-10-07 15:19:50]               menyimpang: 360 baris (4.7518%)
[2026-10-07 15:20:02]     [2026-10-07 15:19:50]               contoh    : ['', '', '', '', '', '', '', '']
[2026-10-07 15:20:02]     [2026-10-07 15:19:50]       [ OK  ] topografi bebas dari karakter kontrol / non-printable
[2026-10-07 15:20:02]     [2026-10-07 15:19:50]       [ OK  ] topografi bebas dari penggalan HTML/markup (indikasi kebocoran encoding)
[2026-10-07 15:20:02]     [2026-10-07 15:19:50]       [GAGAL] soil bebas dari string kosong atau hanya spasi (missing tersembunyi)
[2026-10-07 15:20:02]     [2026-10-07 15:19:50]               observasi : 7576 baris, 360 menyimpang, 0 kosong
[2026-10-07 15:20:02]     [2026-10-07 15:19:50]               menyimpang: 360 baris (4.7518%)
[2026-10-07 15:20:02]     [2026-10-07 15:19:50]               contoh    : ['', '', '', '', '', '', '', '']
[2026-10-07 15:20:02]     [2026-10-07 15:19:50]       [ OK  ] soil bebas dari karakter kontrol / non-printable
[2026-10-07 15:20:02]     [2026-10-07 15:19:50]       [ OK  ] soil bebas dari penggalan HTML/markup (indikasi kebocoran encoding)
[2026-10-07 15:20:02]     [2026-10-07 15:19:50]       [GAGAL] crop_type bebas dari string kosong atau hanya spasi (missing tersembunyi)
[2026-10-07 15:20:02]     [2026-10-07 15:19:50]               observasi : 7576 baris, 360 menyimpang, 0 kosong
[2026-10-07 15:20:02]     [2026-10-07 15:19:50]               menyimpang: 360 baris (4.7518%)
[2026-10-07 15:20:02]     [2026-10-07 15:19:50]               contoh    : ['', '', '', '', '', '', '', '']
[2026-10-07 15:20:02]     [2026-10-07 15:19:50]       [ OK  ] crop_type bebas dari karakter kontrol / non-printable
[2026-10-07 15:20:02]     [2026-10-07 15:19:50]       [ OK  ] crop_type bebas dari penggalan HTML/markup (indikasi kebocoran encoding)
[2026-10-07 15:20:02]     [2026-10-07 15:19:50]       [GAGAL] fase_tanaman bebas dari string kosong atau hanya spasi (missing tersembunyi)
[2026-10-07 15:20:02]     [2026-10-07 15:19:50]               observasi : 7576 baris, 363 menyimpang, 0 kosong
[2026-10-07 15:20:02]     [2026-10-07 15:19:50]               menyimpang: 363 baris (4.7914%)
[2026-10-07 15:20:02]     [2026-10-07 15:19:50]               contoh    : ['', '', '', '', '', '', '', '']
[2026-10-07 15:20:02]     [2026-10-07 15:19:50]       [ OK  ] fase_tanaman bebas dari karakter kontrol / non-printable
[2026-10-07 15:20:02]     [2026-10-07 15:19:50]       [ OK  ] fase_tanaman bebas dari penggalan HTML/markup (indikasi kebocoran encoding)
[2026-10-07 15:20:02]     [2026-10-07 15:19:50]               alasan    : Query ke SQL Server gagal, jadi tidak ada nilai pembanding: Gagal konek ke SQL Server (Error): ('01000', "[01000] [unixODBC][Driver Manager]Can't open lib 'ODBC Driver 17 for SQL Server' : file not found (0) (SQLDriverConnect)")
[2026-10-07 15:20:02]     [2026-10-07 15:19:50]       Periksa SQLSERVER_HOST/DB/UID/PWD di .env, VPN/firewall ke server, dan apakah ODBC Driver 17 for SQL Server terinstal.
[2026-10-07 15:20:02]     [2026-10-07 15:19:50]     
[2026-10-07 15:20:02]     [2026-10-07 15:19:50]     10. FORMAT & PATTERN COMPLIANCE  —  0 lolos / 0 gagal / 1 dilewati
[2026-10-07 15:20:02]     [2026-10-07 15:19:50]     ------------------------------------------------------------------
[2026-10-07 15:20:02]     [2026-10-07 15:19:50]       [LEWAT] Kepatuhan format terhadap standar bisnis
[2026-10-07 15:20:02]     [2026-10-07 15:19:50]     VERDIKT: TIDAK LAYAK — ada kegagalan blocking
[2026-10-07 15:20:02]     [2026-10-07 15:19:50]     ====================================================================================================
[2026-10-07 15:20:02]     [2026-10-07 15:19:50]     
[2026-10-07 15:20:02]     [2026-10-07 15:19:50]     Laporan Markdown : /Users/Pooja/Downloads/Great Expectations bronze layer/reports/gold_master_block_validation.md
[2026-10-07 15:20:02]     [2026-10-07 15:19:50]     Laporan JSON     : /Users/Pooja/Downloads/Great Expectations bronze layer/reports/gold_master_block_validation.json
[2026-10-07 15:20:02]     [2026-10-07 15:19:50]   validate exit code = 1  durasi=12.1s
[2026-10-07 15:20:02]     [2026-10-07 15:19:50] END   validate          | dataset=gold_master_block  exit=1  durasi=12.1s  status=GAGAL(1)
[2026-10-07 15:20:02]     [2026-10-07 15:19:50] DONE  gold_master_block            | build=0  validate=1  status=GAGAL
[2026-10-07 15:20:02]     [2026-10-07 15:19:50] 
[2026-10-07 15:20:02]     [2026-10-07 15:19:50] ==============================================================================
[2026-10-07 15:20:02]     [2026-10-07 15:19:50] [5/7] DATASET: gold_master_estate
[2026-10-07 15:20:02]     [2026-10-07 15:19:50] ==============================================================================
[2026-10-07 15:20:02]     [2026-10-07 15:19:50] SKIP  build_reference  | dataset=gold_master_estate (--no-build)
[2026-10-07 15:20:02]     [2026-10-07 15:19:50] START validate         | dataset=gold_master_estate
[2026-10-07 15:20:02]     [2026-10-07 15:19:50]   $ /opt/anaconda3/bin/python /Users/Pooja/Downloads/Great Expectations bronze layer/validate.py --config /Users/Pooja/Downloads/Great Expectations bronze layer/gold_data_validation.yml --source s3 --dataset gold_master_estate --mode harian --no-data-docs --date 2026-10-06 --fallback-latest
[2026-10-07 15:20:02]     [2026-10-07 15:19:53]     Memuat [s3]: s3://kpn-gis-s3-bucket/datalake/gold/cor/master_estate/snapshot_date=2026-10-06/part-00000-0464459c-4a6f-4472-b20f-cba0f35c630c.c000.zstd.parquet
[2026-10-07 15:20:02]     [2026-10-07 15:19:53]     
[2026-10-07 15:20:02]     [2026-10-07 15:19:53]     ====================================================================================================
[2026-10-07 15:20:02]     [2026-10-07 15:19:53]     HASIL VALIDASI — GOLD_MASTER_ESTATE — 8 DIMENSI KUALITAS DATA
[2026-10-07 15:20:02]     [2026-10-07 15:19:53]     ====================================================================================================
[2026-10-07 15:20:02]     [2026-10-07 15:19:53]       Dataset   : gold_master_estate  (Gold Master Estate - Data master kebun/estate dari sumber enterprise)
[2026-10-07 15:20:02]     [2026-10-07 15:19:53]       [GAGAL] Jumlah kolom tepat 25
[2026-10-07 15:20:02]     [2026-10-07 15:19:53]               observasi : 24
[2026-10-07 15:20:02]     [2026-10-07 15:19:53]       [GAGAL] Tidak ada kolom hilang maupun kolom tak terduga (schema evolution)
[2026-10-07 15:20:02]     [2026-10-07 15:19:53]               observasi : ['company_code', 'est_code', 'est_code_sap', 'est_new_code', 'group_company_name', 'grouping', 'has_sap_code', 'is_ars_monitored', 'is_awl_monitored', 'is_klhk_monitored', 'is_manual_ombro_monitored', 'is_manual_wl_tmas_monitored', 'is_manual_wl_tmat_monitored', 'is_ombrometer_available', 'loaded_at', 'new_est_name', 'plantation', 'region_group', 'region_id', 'source_id', 'x_max', 'x_min', 'y_max', 'y_min']
[2026-10-07 15:20:02]     [2026-10-07 15:19:53]       [ OK  ] Tipe source_id = integer (int64/int32/int16/int8)
[2026-10-07 15:20:02]     [2026-10-07 15:19:53]       [ OK  ] Tipe plantation = string (object)
[2026-10-07 15:20:02]     [2026-10-07 15:19:53]       [ OK  ] Tipe grouping = string (object)
[2026-10-07 15:20:02]     [2026-10-07 15:19:53]       [ OK  ] Tipe group_company_name = string (object)
[2026-10-07 15:20:02]     [2026-10-07 15:19:53]       [GAGAL] Tipe region_id = integer (int64/int32/int16/int8)
[2026-10-07 15:20:02]     [2026-10-07 15:19:53]               observasi : float64
[2026-10-07 15:20:02]     [2026-10-07 15:19:53]       [ OK  ] Tipe region_group = string (object)
[2026-10-07 15:20:02]     [2026-10-07 15:19:53]       [ OK  ] Tipe has_sap_code = boolean (bool)
[2026-10-07 15:20:02]     [2026-10-07 15:19:53]       [ OK  ] Tipe x_min = decimal (object)
[2026-10-07 15:20:02]     [2026-10-07 15:19:53]       [ OK  ] Tipe y_min = decimal (object)
[2026-10-07 15:20:02]     [2026-10-07 15:19:53]       [GAGAL] Tipe snapshot_date = datetime (datetime64[us]/datetime64[ns]/datetime64[ms]/datetime64[s]/date)
[2026-10-07 15:20:02]     [2026-10-07 15:19:53]               observasi : None
[2026-10-07 15:20:02]     [2026-10-07 15:19:53]     
[2026-10-07 15:20:02]     [2026-10-07 15:19:53]     2. VOLUME  —  2 lolos / 0 gagal
[2026-10-07 15:20:02]     [2026-10-07 15:19:53]     -------------------------------
[2026-10-07 15:20:02]     [2026-10-07 15:19:53]       [ OK  ] Tabel tidak kosong
[2026-10-07 15:20:02]     [2026-10-07 15:19:53]       [GAGAL] Semua snapshot_date di dalam window partisi [2026-10-06 00:00 .. 2026-10-06 23:59]
[2026-10-07 15:20:02]     [2026-10-07 15:19:53]               observasi : None
[2026-10-07 15:20:02]     [2026-10-07 15:19:53]       [ WARN] snapshot_date terbaru menyentuh akhir window partisi
[2026-10-07 15:20:02]     [2026-10-07 15:19:53]               observasi : None
[2026-10-07 15:20:02]     [2026-10-07 15:19:53]       [GAGAL] snapshot_date tidak berada di masa depan
[2026-10-07 15:20:02]     [2026-10-07 15:19:53]               observasi : None
[2026-10-07 15:20:02]     [2026-10-07 15:19:53]     
[2026-10-07 15:20:02]     [2026-10-07 15:19:53]     4. MISSINGNESS  —  33 lolos / 1 gagal
[2026-10-07 15:20:02]     [2026-10-07 15:19:53]     -------------------------------------
[2026-10-07 15:20:02]     [2026-10-07 15:19:53]       [ OK  ] source_id tidak boleh null
[2026-10-07 15:20:02]     [2026-10-07 15:19:53]       [GAGAL] snapshot_date tidak boleh null
[2026-10-07 15:20:02]     [2026-10-07 15:19:53]               observasi : None
[2026-10-07 15:20:02]     [2026-10-07 15:19:53]       [ OK  ] plantation bukan string kosong / hanya spasi
[2026-10-07 15:20:02]     [2026-10-07 15:19:53]       [ OK  ] grouping bukan string kosong / hanya spasi
[2026-10-07 15:20:02]     [2026-10-07 15:19:53]       [ OK  ] group_company_name bukan string kosong / hanya spasi
[2026-10-07 15:20:02]     [2026-10-07 15:19:53]       [ OK  ] company_code bukan string kosong / hanya spasi
[2026-10-07 15:20:02]     [2026-10-07 15:19:53]       [GAGAL] Bentuk kuantil (p50/p75/p95/p99) sesuai profil historis
[2026-10-07 15:20:02]     [2026-10-07 15:19:53]               observasi : {'quantiles': [0.5, 0.75, 0.95, 0.99], 'values': [-15227.8203000017, 6285.79989999905, 162877.8728, 210854.079599999]}
[2026-10-07 15:20:02]     [2026-10-07 15:19:53]       [ OK  ] KL divergence y_min terhadap baseline < 1
[2026-10-07 15:20:02]     [2026-10-07 15:19:53]       [ OK  ] Outlier ekstrem y_min: |z-score| < 20
[2026-10-07 15:20:02]     [2026-10-07 15:19:53]       [ OK  ] Rata-rata x_max dalam koridor [1.21614e+07, 2.43228e+07]
[2026-10-07 15:20:02]     [2026-10-07 15:19:53]       [ OK  ] Simpangan baku x_max <= 2.28191e+06
[2026-10-07 15:20:02]     [2026-10-07 15:19:53]       [GAGAL] Bentuk kuantil (p50/p75/p95/p99) sesuai profil historis
[2026-10-07 15:20:02]     [2026-10-07 15:19:53]               observasi : {'quantiles': [0.5, 0.75, 0.95, 0.99], 'values': [9973.74100000039, 38423.8024999984, 172864.339400001, 225195.4899]}
[2026-10-07 15:20:02]     [2026-10-07 15:19:53]       [ OK  ] KL divergence y_max terhadap baseline < 1
[2026-10-07 15:20:02]     [2026-10-07 15:19:53]       [ OK  ] Outlier ekstrem y_max: |z-score| < 20
[2026-10-07 15:20:02]     [2026-10-07 15:19:53]     
[2026-10-07 15:20:02]     [2026-10-07 15:19:53]     8. DATA CLEANLINESS & ENCODING  —  67 lolos / 0 gagal
[2026-10-07 15:20:02]     [2026-10-07 15:19:53]               alasan    : Query ke SQL Server gagal, jadi tidak ada nilai pembanding: Gagal konek ke SQL Server (Error): ('01000', "[01000] [unixODBC][Driver Manager]Can't open lib 'ODBC Driver 17 for SQL Server' : file not found (0) (SQLDriverConnect)")
[2026-10-07 15:20:02]     [2026-10-07 15:19:53]       Periksa SQLSERVER_HOST/DB/UID/PWD di .env, VPN/firewall ke server, dan apakah ODBC Driver 17 for SQL Server terinstal.
[2026-10-07 15:20:02]     [2026-10-07 15:19:53]     
[2026-10-07 15:20:02]     [2026-10-07 15:19:53]     10. FORMAT & PATTERN COMPLIANCE  —  0 lolos / 0 gagal / 1 dilewati
[2026-10-07 15:20:02]     [2026-10-07 15:19:53]     ------------------------------------------------------------------
[2026-10-07 15:20:02]     [2026-10-07 15:19:53]       [LEWAT] Kepatuhan format terhadap standar bisnis
[2026-10-07 15:20:02]     [2026-10-07 15:19:53]     VERDIKT: TIDAK LAYAK — ada kegagalan blocking
[2026-10-07 15:20:02]     [2026-10-07 15:19:53]     ====================================================================================================
[2026-10-07 15:20:02]     [2026-10-07 15:19:53]     
[2026-10-07 15:20:02]     [2026-10-07 15:19:53]     Laporan Markdown : /Users/Pooja/Downloads/Great Expectations bronze layer/reports/gold_master_estate_validation.md
[2026-10-07 15:20:02]     [2026-10-07 15:19:53]     Laporan JSON     : /Users/Pooja/Downloads/Great Expectations bronze layer/reports/gold_master_estate_validation.json
[2026-10-07 15:20:02]     [2026-10-07 15:19:53]   validate exit code = 1  durasi=3.4s
[2026-10-07 15:20:02]     [2026-10-07 15:19:53] END   validate          | dataset=gold_master_estate  exit=1  durasi=3.4s  status=GAGAL(1)
[2026-10-07 15:20:02]     [2026-10-07 15:19:53] DONE  gold_master_estate           | build=0  validate=1  status=GAGAL
[2026-10-07 15:20:02]     [2026-10-07 15:19:53] 
[2026-10-07 15:20:02]     [2026-10-07 15:19:53] ==============================================================================
[2026-10-07 15:20:02]     [2026-10-07 15:19:53] [6/7] DATASET: gold_master_ombrometer
[2026-10-07 15:20:02]     [2026-10-07 15:19:53] ==============================================================================
[2026-10-07 15:20:02]     [2026-10-07 15:19:53] SKIP  build_reference  | dataset=gold_master_ombrometer (--no-build)
[2026-10-07 15:20:02]     [2026-10-07 15:19:53] START validate         | dataset=gold_master_ombrometer
[2026-10-07 15:20:02]     [2026-10-07 15:19:53]   $ /opt/anaconda3/bin/python /Users/Pooja/Downloads/Great Expectations bronze layer/validate.py --config /Users/Pooja/Downloads/Great Expectations bronze layer/gold_data_validation.yml --source s3 --dataset gold_master_ombrometer --mode harian --no-data-docs --date 2026-10-06 --fallback-latest
[2026-10-07 15:20:02]     [2026-10-07 15:19:57]     Memuat [s3]: s3://kpn-gis-s3-bucket/datalake/gold/cor/master_ombrometer/snapshot_date=2026-10-06/part-00000-5a4502a7-61ec-4495-9330-b8859063b7c6.c000.zstd.parquet
[2026-10-07 15:20:02]     [2026-10-07 15:19:57]     
[2026-10-07 15:20:02]     [2026-10-07 15:19:57]     ====================================================================================================
[2026-10-07 15:20:02]     [2026-10-07 15:19:57]     HASIL VALIDASI — GOLD_MASTER_OMBROMETER — 8 DIMENSI KUALITAS DATA
[2026-10-07 15:20:02]     [2026-10-07 15:19:57]     ====================================================================================================
[2026-10-07 15:20:02]     [2026-10-07 15:19:57]       Dataset   : gold_master_ombrometer  (Gold Master Ombrometer - Data master stasiun ombrometer/curh hujan dari berbagai sumber (RIF, SAP, API). Snapshot harian dari T_Master_Ombrometer_All.)
[2026-10-07 15:20:02]     [2026-10-07 15:19:57]       [GAGAL] Jumlah kolom tepat 18
[2026-10-07 15:20:02]     [2026-10-07 15:19:57]               observasi : 17
[2026-10-07 15:20:02]     [2026-10-07 15:19:57]       [GAGAL] Tidak ada kolom hilang maupun kolom tak terduga (schema evolution)
[2026-10-07 15:20:02]     [2026-10-07 15:19:57]               observasi : ['company_code', 'create_by', 'create_date', 'created_name', 'end_date', 'est_code', 'est_code_sap', 'est_new_code', 'grouping', 'loaded_at', 'location', 'plantation', 'start_date', 'station_id', 'station_id_sap', 'station_sap', 'status']
[2026-10-07 15:20:02]     [2026-10-07 15:19:57]       [ OK  ] Tipe station_id = string (object)
[2026-10-07 15:20:02]     [2026-10-07 15:19:57]       [ OK  ] Tipe station_id_sap = string (object)
[2026-10-07 15:20:02]     [2026-10-07 15:19:57]       [ OK  ] Tipe station_sap = string (object)
[2026-10-07 15:20:02]     [2026-10-07 15:19:57]       [ OK  ] Tipe start_date = datetime (datetime64[us]/datetime64[ns]/datetime64[ms]/datetime64[s]/date)
[2026-10-07 15:20:02]     [2026-10-07 15:19:57]       [GAGAL] Tipe snapshot_date = datetime (datetime64[us]/datetime64[ns]/datetime64[ms]/datetime64[s]/date)
[2026-10-07 15:20:02]     [2026-10-07 15:19:57]               observasi : None
[2026-10-07 15:20:02]     [2026-10-07 15:19:57]     
[2026-10-07 15:20:02]     [2026-10-07 15:19:57]     2. VOLUME  —  2 lolos / 0 gagal
[2026-10-07 15:20:02]     [2026-10-07 15:19:57]     -------------------------------
[2026-10-07 15:20:02]     [2026-10-07 15:19:57]       [ OK  ] Tabel tidak kosong
[2026-10-07 15:20:02]     [2026-10-07 15:19:57]       [GAGAL] plantation bukan string kosong / hanya spasi
[2026-10-07 15:20:02]     [2026-10-07 15:19:57]               observasi : 61 baris, 1 menyimpang, 0 kosong
[2026-10-07 15:20:02]     [2026-10-07 15:19:57]               menyimpang: 1 baris (1.6393%)
[2026-10-07 15:20:02]     [2026-10-07 15:19:57]               contoh    : ['']
[2026-10-07 15:20:02]     [2026-10-07 15:19:57]       [GAGAL] grouping bukan string kosong / hanya spasi
[2026-10-07 15:20:02]     [2026-10-07 15:19:57]               observasi : 61 baris, 1 menyimpang, 0 kosong
[2026-10-07 15:20:02]     [2026-10-07 15:19:57]               menyimpang: 1 baris (1.6393%)
[2026-10-07 15:20:02]     [2026-10-07 15:19:57]               contoh    : ['']
[2026-10-07 15:20:02]     [2026-10-07 15:19:57]       [GAGAL] company_code bukan string kosong / hanya spasi
[2026-10-07 15:20:02]     [2026-10-07 15:19:57]               observasi : 61 baris, 1 menyimpang, 0 kosong
[2026-10-07 15:20:02]     [2026-10-07 15:19:57]               menyimpang: 1 baris (1.6393%)
[2026-10-07 15:20:02]     [2026-10-07 15:19:57]               contoh    : ['']
[2026-10-07 15:20:02]     [2026-10-07 15:19:57]       [ OK  ] est_code bukan string kosong / hanya spasi
[2026-10-07 15:20:02]     [2026-10-07 15:19:57]       [ OK  ] est_new_code bukan string kosong / hanya spasi
[2026-10-07 15:20:02]     [2026-10-07 15:19:57]       [GAGAL] plantation cocok pola yang dikenal
[2026-10-07 15:20:02]     [2026-10-07 15:19:57]               observasi : 61 baris, 1 menyimpang, 0 kosong
[2026-10-07 15:20:02]     [2026-10-07 15:19:57]               menyimpang: 1 baris (1.6393%)
[2026-10-07 15:20:02]     [2026-10-07 15:19:57]               contoh    : ['']
[2026-10-07 15:20:02]     [2026-10-07 15:19:57]       [ OK  ] Panjang plantation antara 0–8 karakter
[2026-10-07 15:20:02]     [2026-10-07 15:19:57]       [GAGAL] grouping cocok salah satu dari 5 pola yang dikenal
[2026-10-07 15:20:02]     [2026-10-07 15:19:57]               observasi : 61 baris, 1 menyimpang, 0 kosong
[2026-10-07 15:20:02]     [2026-10-07 15:19:57]               menyimpang: 1 baris (1.6393%)
[2026-10-07 15:20:02]     [2026-10-07 15:19:57]               contoh    : ['']
[2026-10-07 15:20:02]     [2026-10-07 15:19:57]       [ OK  ] Panjang grouping antara 0–17 karakter
[2026-10-07 15:20:02]     [2026-10-07 15:19:57]       [GAGAL] company_code cocok pola yang dikenal
[2026-10-07 15:20:02]     [2026-10-07 15:19:57]               observasi : 61 baris, 1 menyimpang, 0 kosong
[2026-10-07 15:20:02]     [2026-10-07 15:19:57]               menyimpang: 1 baris (1.6393%)
[2026-10-07 15:20:02]     [2026-10-07 15:19:57]               contoh    : ['']
[2026-10-07 15:20:02]     [2026-10-07 15:19:57]       [ OK  ] Panjang company_code antara 0–8 karakter
[2026-10-07 15:20:02]     [2026-10-07 15:19:57]       [ OK  ] est_code cocok salah satu dari 2 pola yang dikenal
[2026-10-07 15:20:02]     [2026-10-07 15:19:57]       [GAGAL] plantation bebas dari string kosong atau hanya spasi (missing tersembunyi)
[2026-10-07 15:20:02]     [2026-10-07 15:19:57]               observasi : 61 baris, 1 menyimpang, 0 kosong
[2026-10-07 15:20:02]     [2026-10-07 15:19:57]               menyimpang: 1 baris (1.6393%)
[2026-10-07 15:20:02]     [2026-10-07 15:19:57]               contoh    : ['']
[2026-10-07 15:20:02]     [2026-10-07 15:19:57]       [ OK  ] plantation bebas dari karakter kontrol / non-printable
[2026-10-07 15:20:02]     [2026-10-07 15:19:57]       [ OK  ] plantation bebas dari penggalan HTML/markup (indikasi kebocoran encoding)
[2026-10-07 15:20:02]     [2026-10-07 15:19:57]       [GAGAL] grouping bebas dari string kosong atau hanya spasi (missing tersembunyi)
[2026-10-07 15:20:02]     [2026-10-07 15:19:57]               observasi : 61 baris, 1 menyimpang, 0 kosong
[2026-10-07 15:20:02]     [2026-10-07 15:19:57]               menyimpang: 1 baris (1.6393%)
[2026-10-07 15:20:02]     [2026-10-07 15:19:57]               contoh    : ['']
[2026-10-07 15:20:02]     [2026-10-07 15:19:57]       [ OK  ] grouping bebas dari karakter kontrol / non-printable
[2026-10-07 15:20:02]     [2026-10-07 15:19:57]       [ OK  ] grouping bebas dari penggalan HTML/markup (indikasi kebocoran encoding)
[2026-10-07 15:20:02]     [2026-10-07 15:19:57]       [GAGAL] company_code bebas dari string kosong atau hanya spasi (missing tersembunyi)
[2026-10-07 15:20:02]     [2026-10-07 15:19:57]               observasi : 61 baris, 1 menyimpang, 0 kosong
[2026-10-07 15:20:02]     [2026-10-07 15:19:57]               menyimpang: 1 baris (1.6393%)
[2026-10-07 15:20:02]     [2026-10-07 15:19:57]               contoh    : ['']
[2026-10-07 15:20:02]     [2026-10-07 15:19:57]       [ OK  ] company_code bebas dari karakter kontrol / non-printable
[2026-10-07 15:20:02]     [2026-10-07 15:19:57]       [ OK  ] company_code bebas dari penggalan HTML/markup (indikasi kebocoran encoding)
[2026-10-07 15:20:02]     [2026-10-07 15:19:57]       [GAGAL] company_code hanya berisi karakter ASCII yang dapat dicetak
[2026-10-07 15:20:02]     [2026-10-07 15:19:57]               observasi : 61 baris, 1 menyimpang, 0 kosong
[2026-10-07 15:20:02]     [2026-10-07 15:19:57]               menyimpang: 1 baris (1.6393%)
[2026-10-07 15:20:02]     [2026-10-07 15:19:57]               contoh    : ['']
[2026-10-07 15:20:02]     [2026-10-07 15:19:57]       [ OK  ] est_code hanya berisi karakter ASCII yang dapat dicetak
[2026-10-07 15:20:02]     [2026-10-07 15:19:57]       [ OK  ] est_new_code hanya berisi karakter ASCII yang dapat dicetak
[2026-10-07 15:20:02]     [2026-10-07 15:19:57]               alasan    : Query ke SQL Server gagal, jadi tidak ada nilai pembanding: Gagal konek ke SQL Server (Error): ('01000', "[01000] [unixODBC][Driver Manager]Can't open lib 'ODBC Driver 17 for SQL Server' : file not found (0) (SQLDriverConnect)")
[2026-10-07 15:20:02]     [2026-10-07 15:19:57]       Periksa SQLSERVER_HOST/DB/UID/PWD di .env, VPN/firewall ke server, dan apakah ODBC Driver 17 for SQL Server terinstal.
[2026-10-07 15:20:02]     [2026-10-07 15:19:57]     
[2026-10-07 15:20:02]     [2026-10-07 15:19:57]     10. FORMAT & PATTERN COMPLIANCE  —  0 lolos / 0 gagal / 1 dilewati
[2026-10-07 15:20:02]     [2026-10-07 15:19:57]     ------------------------------------------------------------------
[2026-10-07 15:20:02]     [2026-10-07 15:19:57]       [LEWAT] Kepatuhan format terhadap standar bisnis
[2026-10-07 15:20:02]     [2026-10-07 15:19:57]     VERDIKT: TIDAK LAYAK — ada kegagalan blocking
[2026-10-07 15:20:02]     [2026-10-07 15:19:57]     ====================================================================================================
[2026-10-07 15:20:02]     [2026-10-07 15:19:57]     
[2026-10-07 15:20:02]     [2026-10-07 15:19:57]     Laporan Markdown : /Users/Pooja/Downloads/Great Expectations bronze layer/reports/gold_master_ombrometer_validation.md
[2026-10-07 15:20:02]     [2026-10-07 15:19:57]     Laporan JSON     : /Users/Pooja/Downloads/Great Expectations bronze layer/reports/gold_master_ombrometer_validation.json
[2026-10-07 15:20:02]     [2026-10-07 15:19:57]   validate exit code = 1  durasi=4.1s
[2026-10-07 15:20:02]     [2026-10-07 15:19:57] END   validate          | dataset=gold_master_ombrometer  exit=1  durasi=4.1s  status=GAGAL(1)
[2026-10-07 15:20:02]     [2026-10-07 15:19:57] DONE  gold_master_ombrometer       | build=0  validate=1  status=GAGAL
[2026-10-07 15:20:02]     [2026-10-07 15:19:57] 
[2026-10-07 15:20:02]     [2026-10-07 15:19:57] ==============================================================================
[2026-10-07 15:20:02]     [2026-10-07 15:19:57] [7/7] DATASET: gold_data_tmat
[2026-10-07 15:20:02]     [2026-10-07 15:19:57] ==============================================================================
[2026-10-07 15:20:02]     [2026-10-07 15:19:57] SKIP  build_reference  | dataset=gold_data_tmat (--no-build)
[2026-10-07 15:20:02]     [2026-10-07 15:19:57] START validate         | dataset=gold_data_tmat
[2026-10-07 15:20:02]     [2026-10-07 15:19:57]   $ /opt/anaconda3/bin/python /Users/Pooja/Downloads/Great Expectations bronze layer/validate.py --config /Users/Pooja/Downloads/Great Expectations bronze layer/gold_data_validation.yml --source s3 --dataset gold_data_tmat --mode harian --no-data-docs --date 2026-10-06 --fallback-latest
[2026-10-07 15:20:02]     [2026-10-07 15:20:02]       [fallback] partisi '2026-10-06' tidak ditemukan (SourceError), pakai partisi terbaru
[2026-10-07 15:20:02]     [2026-10-07 15:20:02]     Memuat [s3]: s3://kpn-gis-s3-bucket/datalake/gold/pzo/data_tmat/recorded_year=2025/recorded_month=05/recorded_week=02/part-00000-cdf5de3c-726c-4032-96d2-777612247ff1-c000.zstd.parquet
[2026-10-07 15:20:02]     [2026-10-07 15:20:02]     
[2026-10-07 15:20:02]     [2026-10-07 15:20:02]     ====================================================================================================
[2026-10-07 15:20:02]     [2026-10-07 15:20:02]     HASIL VALIDASI — GOLD_DATA_TMAT — 8 DIMENSI KUALITAS DATA
[2026-10-07 15:20:02]     [2026-10-07 15:20:02]     ====================================================================================================
[2026-10-07 15:20:02]     [2026-10-07 15:20:02]       Dataset   : gold_data_tmat  (Gold Data TMAT - Data ketinggian air tanah (TMAT) dari berbagai sumber. Snapshot harian dari T_Data_TMAT_All.)
[2026-10-07 15:20:02]     [2026-10-07 15:20:02]       [GAGAL] Jumlah kolom tepat 26
[2026-10-07 15:20:02]     [2026-10-07 15:20:02]               observasi : 45
[2026-10-07 15:20:02]     [2026-10-07 15:20:02]       [GAGAL] Tidak ada kolom hilang maupun kolom tak terduga (schema evolution)
[2026-10-07 15:20:02]     [2026-10-07 15:20:02]               observasi : ['block_mapping', 'company_code', 'division', 'est_code', 'est_code_sap', 'est_new_code', 'grouping_name', 'indicator_alias', 'indicator_alias_report', 'indicator_name', 'is_above_target', 'is_below_target', 'is_klhk', 'is_within_target', 'jarak_meter', 'jenis', 'ketinggian', 'kondisi', 'latitude', 'loaded_at', 'longitude', 'measurement_date', 'measurement_date_only', 'measurement_id', 'nama_user', 'pie_record_id', 'piezo_class_id', 'piezo_class_label', 'piezo_type_id', 'piezo_type_label', 'plantation', 'recorded_month', 'recorded_week', 'recorded_year', 'status', 'unit', 'user_id', 'water_level_gap', 'week_end_date', 'week_id', 'week_month', 'week_name', 'week_of_month', 'week_start_date', 'week_year']
[2026-10-07 15:20:02]     [2026-10-07 15:20:02]       [GAGAL] Tipe point_id = string (object)
[2026-10-07 15:20:02]     [2026-10-07 15:20:02]               observasi : None
[2026-10-07 15:20:02]     [2026-10-07 15:20:02]       [ OK  ] Tipe week_id = integer (int64/int32/int16/int8)
[2026-10-07 15:20:02]     [2026-10-07 15:20:02]       [ OK  ] Tipe plantation = string (object)
[2026-10-07 15:20:02]     [2026-10-07 15:20:02]       [GAGAL] Tipe grouping = string (object)
[2026-10-07 15:20:02]     [2026-10-07 15:20:02]               observasi : None
[2026-10-07 15:20:02]     [2026-10-07 15:20:02]       [ OK  ] Tipe company_code = string (object)
[2026-10-07 15:20:02]     [2026-10-07 15:20:02]       [ OK  ] Tipe est_code = string (object)
[2026-10-07 15:20:02]     [2026-10-07 15:20:02]       [ OK  ] Tipe est_new_code = string (object)
[2026-10-07 15:20:02]     [2026-10-07 15:20:02]       [ OK  ] Tipe est_code_sap = string (object)
[2026-10-07 15:20:02]     [2026-10-07 15:20:02]       [GAGAL] Tipe block_gis = string (object)
[2026-10-07 15:20:02]     [2026-10-07 15:20:02]               observasi : None
[2026-10-07 15:20:02]     [2026-10-07 15:20:02]       [GAGAL] Tipe block_sap = string (object)
[2026-10-07 15:20:02]     [2026-10-07 15:20:02]               observasi : None
[2026-10-07 15:20:02]     [2026-10-07 15:20:02]       [ OK  ] Tipe piezo_type_id = integer (int64/int32/int16/int8)
[2026-10-07 15:20:02]     [2026-10-07 15:20:02]       [ OK  ] Tipe piezo_class_id = integer (int64/int32/int16/int8)
[2026-10-07 15:20:02]     [2026-10-07 15:20:02]       [GAGAL] Tipe point_latitude = decimal (object)
[2026-10-07 15:20:02]     [2026-10-07 15:20:02]               observasi : None
[2026-10-07 15:20:02]     [2026-10-07 15:20:02]       [GAGAL] Tipe point_longitude = decimal (object)
[2026-10-07 15:20:02]     [2026-10-07 15:20:02]               observasi : None
[2026-10-07 15:20:02]     [2026-10-07 15:20:02]       [GAGAL] Tipe recorded_date = datetime (datetime64[us]/datetime64[ns]/datetime64[ms]/datetime64[s]/date)
[2026-10-07 15:20:02]     [2026-10-07 15:20:02]               observasi : None
[2026-10-07 15:20:02]     [2026-10-07 15:20:02]       [ OK  ] Tipe ketinggian = decimal (object)
[2026-10-07 15:20:02]     [2026-10-07 15:20:02]       [ OK  ] Tipe unit = string (object)
[2026-10-07 15:20:02]     [2026-10-07 15:20:02]       [ OK  ] Tipe kondisi = string (object)
[2026-10-07 15:20:02]     [2026-10-07 15:20:02]       [GAGAL] Tipe indicator_id = integer (int64/int32/int16/int8)
[2026-10-07 15:20:02]     [2026-10-07 15:20:02]               observasi : None
[2026-10-07 15:20:02]     [2026-10-07 15:20:02]       [ OK  ] Tipe indicator_name = string (object)
[2026-10-07 15:20:02]     [2026-10-07 15:20:02]       [ OK  ] Tipe indicator_alias = string (object)
[2026-10-07 15:20:02]     [2026-10-07 15:20:02]       [ OK  ] Tipe recorded_month = string (object)
[2026-10-07 15:20:02]     [2026-10-07 15:20:02]       [ OK  ] Tipe recorded_week = string (object)
[2026-10-07 15:20:02]     [2026-10-07 15:20:02]       [GAGAL] Tipe recorded_year = integer (int64/int32/int16/int8)
[2026-10-07 15:20:02]     [2026-10-07 15:20:02]               observasi : 2373 baris, 2373 menyimpang, 0 kosong
[2026-10-07 15:20:02]     [2026-10-07 15:20:02]               menyimpang: 2373 baris (100.0000%)
[2026-10-07 15:20:02]     [2026-10-07 15:20:02]               contoh    : ['2025', '2025', '2025', '2025', '2025', '2025', '2025', '2025']
[2026-10-07 15:20:02]     [2026-10-07 15:20:02]       [ OK  ] Tipe loaded_at = datetime (datetime64[us]/datetime64[ns]/datetime64[ms]/datetime64[s]/date)
[2026-10-07 15:20:02]     [2026-10-07 15:20:02]       [GAGAL] Tipe snapshot_date = datetime (datetime64[us]/datetime64[ns]/datetime64[ms]/datetime64[s]/date)
[2026-10-07 15:20:02]     [2026-10-07 15:20:02]               observasi : None
[2026-10-07 15:20:02]     [2026-10-07 15:20:02]     
[2026-10-07 15:20:02]     [2026-10-07 15:20:02]     2. VOLUME  —  1 lolos / 1 gagal
[2026-10-07 15:20:02]     [2026-10-07 15:20:02]     -------------------------------
[2026-10-07 15:20:02]     [2026-10-07 15:20:02]       [ OK  ] Tabel tidak kosong
[2026-10-07 15:20:02]     [2026-10-07 15:20:02]       [GAGAL] Jumlah baris dalam koridor baseline (151–204, median historis 178)
[2026-10-07 15:20:02]     [2026-10-07 15:20:02]               observasi : 2373
[2026-10-07 15:20:02]     [2026-10-07 15:20:02]     
[2026-10-07 15:20:02]     [2026-10-07 15:20:02]     3. FRESHNESS  —  0 lolos / 3 gagal
[2026-10-07 15:20:02]     [2026-10-07 15:20:02]     ----------------------------------
[2026-10-07 15:20:02]     [2026-10-07 15:20:02]       [GAGAL] Semua recorded_date di dalam window partisi [7776-12-24 00:00 .. 7776-12-24 23:59]
[2026-10-07 15:20:02]     [2026-10-07 15:20:02]               observasi : None
[2026-10-07 15:20:02]     [2026-10-07 15:20:02]       [ WARN] recorded_date terbaru menyentuh akhir window partisi
[2026-10-07 15:20:02]     [2026-10-07 15:20:02]               observasi : None
[2026-10-07 15:20:02]     [2026-10-07 15:20:02]       [GAGAL] recorded_date tidak berada di masa depan
[2026-10-07 15:20:02]     [2026-10-07 15:20:02]               observasi : None
[2026-10-07 15:20:02]     [2026-10-07 15:20:02]     
[2026-10-07 15:20:02]     [2026-10-07 15:20:02]     4. MISSINGNESS  —  25 lolos / 12 gagal
[2026-10-07 15:20:02]     [2026-10-07 15:20:02]     --------------------------------------
[2026-10-07 15:20:02]     [2026-10-07 15:20:02]       [GAGAL] point_id tidak boleh null
[2026-10-07 15:20:02]     [2026-10-07 15:20:02]               observasi : None
[2026-10-07 15:20:02]     [2026-10-07 15:20:02]       [ OK  ] Proporsi week_id terisi >= 0.9500
[2026-10-07 15:20:02]     [2026-10-07 15:20:02]       [ OK  ] Proporsi plantation terisi >= 0.9500
[2026-10-07 15:20:02]     [2026-10-07 15:20:02]       [GAGAL] Proporsi grouping terisi >= 0.9500
[2026-10-07 15:20:02]     [2026-10-07 15:20:02]               observasi : None
[2026-10-07 15:20:02]     [2026-10-07 15:20:02]       [ OK  ] Proporsi company_code terisi >= 0.9500
[2026-10-07 15:20:02]     [2026-10-07 15:20:02]       [ OK  ] Proporsi est_code terisi >= 0.9500
[2026-10-07 15:20:02]     [2026-10-07 15:20:02]       [ OK  ] Proporsi est_new_code terisi >= 0.9500
[2026-10-07 15:20:02]     [2026-10-07 15:20:02]       [ OK  ] Proporsi est_code_sap terisi >= 0.9500
[2026-10-07 15:20:02]     [2026-10-07 15:20:02]       [GAGAL] Proporsi block_gis terisi >= 0.9500
[2026-10-07 15:20:02]     [2026-10-07 15:20:02]               observasi : None
[2026-10-07 15:20:02]     [2026-10-07 15:20:02]       [GAGAL] Proporsi block_sap terisi >= 0.0000
[2026-10-07 15:20:02]     [2026-10-07 15:20:02]               observasi : None
[2026-10-07 15:20:02]     [2026-10-07 15:20:02]       [ OK  ] Proporsi piezo_type_id terisi >= 0.9500
[2026-10-07 15:20:02]     [2026-10-07 15:20:02]       [ OK  ] Proporsi piezo_class_id terisi >= 0.9500
[2026-10-07 15:20:02]     [2026-10-07 15:20:02]       [GAGAL] Proporsi point_latitude terisi >= 0.9500
[2026-10-07 15:20:02]     [2026-10-07 15:20:02]               observasi : None
[2026-10-07 15:20:02]     [2026-10-07 15:20:02]       [GAGAL] Proporsi point_longitude terisi >= 0.9500
[2026-10-07 15:20:02]     [2026-10-07 15:20:02]               observasi : None
[2026-10-07 15:20:02]     [2026-10-07 15:20:02]       [GAGAL] recorded_date tidak boleh null
[2026-10-07 15:20:02]     [2026-10-07 15:20:02]               observasi : None
[2026-10-07 15:20:02]     [2026-10-07 15:20:02]       [ OK  ] Proporsi ketinggian terisi >= 0.9500
[2026-10-07 15:20:02]     [2026-10-07 15:20:02]       [ OK  ] Proporsi unit terisi >= 0.9500
[2026-10-07 15:20:02]     [2026-10-07 15:20:02]       [ OK  ] Proporsi kondisi terisi >= 0.9500
[2026-10-07 15:20:02]     [2026-10-07 15:20:02]       [GAGAL] Proporsi indicator_id terisi >= 0.9500
[2026-10-07 15:20:02]     [2026-10-07 15:20:02]               observasi : None
[2026-10-07 15:20:02]     [2026-10-07 15:20:02]       [ OK  ] Proporsi indicator_name terisi >= 0.9500
[2026-10-07 15:20:02]     [2026-10-07 15:20:02]       [ OK  ] Proporsi indicator_alias terisi >= 0.9500
[2026-10-07 15:20:02]     [2026-10-07 15:20:02]       [ OK  ] loaded_at tidak boleh null
[2026-10-07 15:20:02]     [2026-10-07 15:20:02]       [GAGAL] point_id bukan string kosong / hanya spasi
[2026-10-07 15:20:02]     [2026-10-07 15:20:02]               observasi : None
[2026-10-07 15:20:02]     [2026-10-07 15:20:02]       [ OK  ] plantation bukan string kosong / hanya spasi
[2026-10-07 15:20:02]     [2026-10-07 15:20:02]       [GAGAL] grouping bukan string kosong / hanya spasi
[2026-10-07 15:20:02]     [2026-10-07 15:20:02]               observasi : None
[2026-10-07 15:20:02]     [2026-10-07 15:20:02]       [ OK  ] company_code bukan string kosong / hanya spasi
[2026-10-07 15:20:02]     [2026-10-07 15:20:02]       [ OK  ] est_code bukan string kosong / hanya spasi
[2026-10-07 15:20:02]     [2026-10-07 15:20:02]       [ OK  ] est_new_code bukan string kosong / hanya spasi
[2026-10-07 15:20:02]     [2026-10-07 15:20:02]       [ OK  ] est_code_sap bukan string kosong / hanya spasi
[2026-10-07 15:20:02]     [2026-10-07 15:20:02]       [GAGAL] block_gis bukan string kosong / hanya spasi
[2026-10-07 15:20:02]     [2026-10-07 15:20:02]               observasi : None
[2026-10-07 15:20:02]     [2026-10-07 15:20:02]       [GAGAL] block_sap bukan string kosong / hanya spasi
[2026-10-07 15:20:02]     [2026-10-07 15:20:02]               observasi : None
[2026-10-07 15:20:02]     [2026-10-07 15:20:02]       [ OK  ] unit bukan string kosong / hanya spasi
[2026-10-07 15:20:02]     [2026-10-07 15:20:02]       [ OK  ] kondisi bukan string kosong / hanya spasi
[2026-10-07 15:20:02]     [2026-10-07 15:20:02]       [ OK  ] indicator_name bukan string kosong / hanya spasi
[2026-10-07 15:20:02]     [2026-10-07 15:20:02]       [ OK  ] indicator_alias bukan string kosong / hanya spasi
[2026-10-07 15:20:02]     [2026-10-07 15:20:02]       [GAGAL] point_id (surrogate key) unik
[2026-10-07 15:20:02]     [2026-10-07 15:20:02]               observasi : None
[2026-10-07 15:20:02]     [2026-10-07 15:20:02]     
[2026-10-07 15:20:02]     [2026-10-07 15:20:02]     6. INTEGRITY  —  4 lolos / 3 gagal
[2026-10-07 15:20:02]     [2026-10-07 15:20:02]     ----------------------------------
[2026-10-07 15:20:02]     [2026-10-07 15:20:02]       [ OK  ] company_code terdaftar di master (15 kode dikenal)
[2026-10-07 15:20:02]     [2026-10-07 15:20:02]       [GAGAL] est_code selalu sama dengan est_new_code
[2026-10-07 15:20:02]     [2026-10-07 15:20:02]               observasi : 2373 baris, 2356 menyimpang, 0 kosong
[2026-10-07 15:20:02]     [2026-10-07 15:20:02]               menyimpang: 2356 baris (99.2836%)
[2026-10-07 15:20:02]     [2026-10-07 15:20:02]               contoh    : [('AGT', 'THP20'), ('AGT', 'THP20'), ('AGT', 'THP20'), ('AGT', 'THP20'), ('AGT', 'THP20'), ('AGT', 'THP20'), ('AGT', 'THP20'), ('AGT', 'THP20')]
[2026-10-07 15:20:02]     [2026-10-07 15:20:02]       [GAGAL] block_gis selalu sama dengan block_sap
[2026-10-07 15:20:02]     [2026-10-07 15:20:02]               observasi : None
[2026-10-07 15:20:02]     [2026-10-07 15:20:02]       [GAGAL] recorded_date >= loaded_at (data tidak diproses sebelum terjadi)
[2026-10-07 15:20:02]     [2026-10-07 15:20:02]               observasi : None
[2026-10-07 15:20:02]     [2026-10-07 15:20:02]     
[2026-10-07 15:20:02]     [2026-10-07 15:20:02]     7. DISTRIBUTION  —  12 lolos / 8 gagal
[2026-10-07 15:20:02]     [2026-10-07 15:20:02]     --------------------------------------
[2026-10-07 15:20:02]     [2026-10-07 15:20:02]       [GAGAL] Rata-rata week_id dalam koridor [519, 1046]
[2026-10-07 15:20:02]     [2026-10-07 15:20:02]               observasi : 453.0
[2026-10-07 15:20:02]     [2026-10-07 15:20:02]       [ OK  ] Simpangan baku week_id <= 1e-06
[2026-10-07 15:20:02]     [2026-10-07 15:20:02]       [ OK  ] Bentuk kuantil (p50/p75/p95/p99) sesuai profil historis
[2026-10-07 15:20:02]     [2026-10-07 15:20:02]       [GAGAL] KL divergence week_id terhadap baseline < 1
[2026-10-07 15:20:02]     [2026-10-07 15:20:02]               observasi : 5.298317366548036
[2026-10-07 15:20:02]     [2026-10-07 15:20:02]       [ WARN] Outlier ekstrem week_id: |z-score| < 20
[2026-10-07 15:20:02]     [2026-10-07 15:20:02]               observasi : 2373 baris, 2373 menyimpang, 0 kosong
[2026-10-07 15:20:02]     [2026-10-07 15:20:02]               menyimpang: 2373 baris (100.0000%)
[2026-10-07 15:20:02]     [2026-10-07 15:20:02]               contoh    : [453, 453, 453, 453, 453, 453, 453, 453]
[2026-10-07 15:20:02]     [2026-10-07 15:20:02]       [GAGAL] Rata-rata indicator_id dalam koridor [3, 11.4513]
[2026-10-07 15:20:02]     [2026-10-07 15:20:02]               observasi : None
[2026-10-07 15:20:02]     [2026-10-07 15:20:02]       [GAGAL] Simpangan baku indicator_id <= 2.19995
[2026-10-07 15:20:02]     [2026-10-07 15:20:02]               observasi : None
[2026-10-07 15:20:02]     [2026-10-07 15:20:02]       [GAGAL] Bentuk kuantil (p50/p75/p95/p99) sesuai profil historis
[2026-10-07 15:20:02]     [2026-10-07 15:20:02]               observasi : None
[2026-10-07 15:20:02]     [2026-10-07 15:20:02]       [GAGAL] KL divergence indicator_id terhadap baseline < 1
[2026-10-07 15:20:02]     [2026-10-07 15:20:02]               observasi : None
[2026-10-07 15:20:02]     [2026-10-07 15:20:02]       [ WARN] Outlier ekstrem indicator_id: |z-score| < 20
[2026-10-07 15:20:02]     [2026-10-07 15:20:02]               observasi : None
[2026-10-07 15:20:02]     [2026-10-07 15:20:02]     
[2026-10-07 15:20:02]     [2026-10-07 15:20:02]     8. DATA CLEANLINESS & ENCODING  —  73 lolos / 32 gagal
[2026-10-07 15:20:02]     [2026-10-07 15:20:02]       [GAGAL] point_id cocok salah satu dari 2 pola yang dikenal
[2026-10-07 15:20:02]     [2026-10-07 15:20:02]               observasi : None
[2026-10-07 15:20:02]     [2026-10-07 15:20:02]       [GAGAL] Panjang point_id antara 6–7 karakter
[2026-10-07 15:20:02]     [2026-10-07 15:20:02]               observasi : None
[2026-10-07 15:20:02]     [2026-10-07 15:20:02]       [ OK  ] plantation cocok salah satu dari 2 pola yang dikenal
[2026-10-07 15:20:02]     [2026-10-07 15:20:02]       [ OK  ] Panjang plantation antara 4–8 karakter
[2026-10-07 15:20:02]     [2026-10-07 15:20:02]       [GAGAL] grouping cocok salah satu dari 4 pola yang dikenal
[2026-10-07 15:20:02]     [2026-10-07 15:20:02]               observasi : None
[2026-10-07 15:20:02]     [2026-10-07 15:20:02]       [GAGAL] Panjang grouping antara 8–17 karakter
[2026-10-07 15:20:02]     [2026-10-07 15:20:02]               observasi : None
[2026-10-07 15:20:02]     [2026-10-07 15:20:02]       [ OK  ] company_code cocok pola yang dikenal
[2026-10-07 15:20:02]     [2026-10-07 15:20:02]       [ OK  ] Panjang company_code antara 6–8 karakter
[2026-10-07 15:20:02]     [2026-10-07 15:20:02]       [ OK  ] est_code cocok salah satu dari 2 pola yang dikenal
[2026-10-07 15:20:02]     [2026-10-07 15:20:02]       [ OK  ] Panjang est_code antara 3–4 karakter
[2026-10-07 15:20:02]     [2026-10-07 15:20:02]       [GAGAL] block_gis cocok pola yang dikenal
[2026-10-07 15:20:02]     [2026-10-07 15:20:02]               observasi : None
[2026-10-07 15:20:02]     [2026-10-07 15:20:02]       [GAGAL] Panjang block_gis antara 1–32 karakter
[2026-10-07 15:20:02]     [2026-10-07 15:20:02]               observasi : None
[2026-10-07 15:20:02]     [2026-10-07 15:20:02]       [GAGAL] block_sap cocok pola yang dikenal
[2026-10-07 15:20:02]     [2026-10-07 15:20:02]               observasi : None
[2026-10-07 15:20:02]     [2026-10-07 15:20:02]       [GAGAL] Panjang block_sap antara 3–3 karakter
[2026-10-07 15:20:02]     [2026-10-07 15:20:02]               observasi : None
[2026-10-07 15:20:02]     [2026-10-07 15:20:02]       [ OK  ] unit cocok pola yang dikenal
[2026-10-07 15:20:02]     [2026-10-07 15:20:02]       [ OK  ] Panjang unit antara 2–2 karakter
[2026-10-07 15:20:02]     [2026-10-07 15:20:02]       [GAGAL] kondisi cocok salah satu dari 2 pola yang dikenal
[2026-10-07 15:20:02]     [2026-10-07 15:20:02]               observasi : 2373 baris, 55 menyimpang, 0 kosong
[2026-10-07 15:20:02]     [2026-10-07 15:20:02]               menyimpang: 55 baris (2.3177%)
[2026-10-07 15:20:02]     [2026-10-07 15:20:02]               contoh    : ['BANJIR', 'BANJIR', 'BANJIR', 'BANJIR', 'BANJIR', 'BANJIR', 'BANJIR', 'BANJIR']
[2026-10-07 15:20:02]     [2026-10-07 15:20:02]       [ OK  ] Panjang kondisi antara 4–15 karakter
[2026-10-07 15:20:02]     [2026-10-07 15:20:02]       [GAGAL] indicator_name cocok salah satu dari 2 pola yang dikenal
[2026-10-07 15:20:02]     [2026-10-07 15:20:02]               observasi : 2373 baris, 55 menyimpang, 0 kosong
[2026-10-07 15:20:02]     [2026-10-07 15:20:02]               menyimpang: 55 baris (2.3177%)
[2026-10-07 15:20:02]     [2026-10-07 15:20:02]               contoh    : ['<0', '<0', '<0', '<0', '<0', '<0', '<0', '<0']
[2026-10-07 15:20:02]     [2026-10-07 15:20:02]       [GAGAL] Panjang indicator_name antara 3–5 karakter
[2026-10-07 15:20:02]     [2026-10-07 15:20:02]               observasi : 2373 baris, 55 menyimpang, 0 kosong
[2026-10-07 15:20:02]     [2026-10-07 15:20:02]               menyimpang: 55 baris (2.3177%)
[2026-10-07 15:20:02]     [2026-10-07 15:20:02]               contoh    : ['<0', '<0', '<0', '<0', '<0', '<0', '<0', '<0']
[2026-10-07 15:20:02]     [2026-10-07 15:20:02]       [ OK  ] indicator_alias cocok salah satu dari 4 pola yang dikenal
[2026-10-07 15:20:02]     [2026-10-07 15:20:02]       [ OK  ] Panjang indicator_alias antara 11–44 karakter
[2026-10-07 15:20:02]     [2026-10-07 15:20:02]       [GAGAL] point_id bebas dari spasi di awal/akhir (padding tak sengaja)
[2026-10-07 15:20:02]     [2026-10-07 15:20:02]               observasi : None
[2026-10-07 15:20:02]     [2026-10-07 15:20:02]       [GAGAL] point_id bebas dari string kosong atau hanya spasi (missing tersembunyi)
[2026-10-07 15:20:02]     [2026-10-07 15:20:02]               observasi : None
[2026-10-07 15:20:02]     [2026-10-07 15:20:02]       [GAGAL] point_id bebas dari karakter kontrol / non-printable
[2026-10-07 15:20:02]     [2026-10-07 15:20:02]               observasi : None
[2026-10-07 15:20:02]     [2026-10-07 15:20:02]       [ WARN] point_id bebas dari penggalan HTML/markup (indikasi kebocoran encoding)
[2026-10-07 15:20:02]     [2026-10-07 15:20:02]               observasi : None
[2026-10-07 15:20:02]     [2026-10-07 15:20:02]       [ WARN] point_id bebas dari literal 'null'/'None'/'nan' sebagai teks
[2026-10-07 15:20:02]     [2026-10-07 15:20:02]               observasi : None
[2026-10-07 15:20:02]     [2026-10-07 15:20:02]       [GAGAL] grouping bebas dari spasi di awal/akhir (padding tak sengaja)
[2026-10-07 15:20:02]     [2026-10-07 15:20:02]               observasi : None
[2026-10-07 15:20:02]     [2026-10-07 15:20:02]       [GAGAL] grouping bebas dari string kosong atau hanya spasi (missing tersembunyi)
[2026-10-07 15:20:02]     [2026-10-07 15:20:02]               observasi : None
[2026-10-07 15:20:02]     [2026-10-07 15:20:02]       [GAGAL] grouping bebas dari karakter kontrol / non-printable
[2026-10-07 15:20:02]     [2026-10-07 15:20:02]               observasi : None
[2026-10-07 15:20:02]     [2026-10-07 15:20:02]       [ WARN] grouping bebas dari penggalan HTML/markup (indikasi kebocoran encoding)
[2026-10-07 15:20:02]     [2026-10-07 15:20:02]               observasi : None
[2026-10-07 15:20:02]     [2026-10-07 15:20:02]       [ WARN] grouping bebas dari literal 'null'/'None'/'nan' sebagai teks
[2026-10-07 15:20:02]     [2026-10-07 15:20:02]               observasi : None
[2026-10-07 15:20:02]     [2026-10-07 15:20:02]       [GAGAL] block_gis bebas dari spasi di awal/akhir (padding tak sengaja)
[2026-10-07 15:20:02]     [2026-10-07 15:20:02]               observasi : None
[2026-10-07 15:20:02]     [2026-10-07 15:20:02]       [GAGAL] block_gis bebas dari string kosong atau hanya spasi (missing tersembunyi)
[2026-10-07 15:20:02]     [2026-10-07 15:20:02]               observasi : None
[2026-10-07 15:20:02]     [2026-10-07 15:20:02]       [GAGAL] block_gis bebas dari karakter kontrol / non-printable
[2026-10-07 15:20:02]     [2026-10-07 15:20:02]               observasi : None
[2026-10-07 15:20:02]     [2026-10-07 15:20:02]       [ WARN] block_gis bebas dari penggalan HTML/markup (indikasi kebocoran encoding)
[2026-10-07 15:20:02]     [2026-10-07 15:20:02]               observasi : None
[2026-10-07 15:20:02]     [2026-10-07 15:20:02]       [ WARN] block_gis bebas dari literal 'null'/'None'/'nan' sebagai teks
[2026-10-07 15:20:02]     [2026-10-07 15:20:02]               observasi : None
[2026-10-07 15:20:02]     [2026-10-07 15:20:02]       [GAGAL] block_sap bebas dari spasi di awal/akhir (padding tak sengaja)
[2026-10-07 15:20:02]     [2026-10-07 15:20:02]               observasi : None
[2026-10-07 15:20:02]     [2026-10-07 15:20:02]       [GAGAL] block_sap bebas dari string kosong atau hanya spasi (missing tersembunyi)
[2026-10-07 15:20:02]     [2026-10-07 15:20:02]               observasi : None
[2026-10-07 15:20:02]     [2026-10-07 15:20:02]       [GAGAL] block_sap bebas dari karakter kontrol / non-printable
[2026-10-07 15:20:02]     [2026-10-07 15:20:02]               observasi : None
[2026-10-07 15:20:02]     [2026-10-07 15:20:02]       [ WARN] block_sap bebas dari penggalan HTML/markup (indikasi kebocoran encoding)
[2026-10-07 15:20:02]     [2026-10-07 15:20:02]               observasi : None
[2026-10-07 15:20:02]     [2026-10-07 15:20:02]       [ WARN] block_sap bebas dari literal 'null'/'None'/'nan' sebagai teks
[2026-10-07 15:20:02]     [2026-10-07 15:20:02]               observasi : None
[2026-10-07 15:20:02]     [2026-10-07 15:20:02]               alasan    : Query ke SQL Server gagal, jadi tidak ada nilai pembanding: Gagal konek ke SQL Server (Error): ('01000', "[01000] [unixODBC][Driver Manager]Can't open lib 'ODBC Driver 17 for SQL Server' : file not found (0) (SQLDriverConnect)")
[2026-10-07 15:20:02]     [2026-10-07 15:20:02]       Periksa SQLSERVER_HOST/DB/UID/PWD di .env, VPN/firewall ke server, dan apakah ODBC Driver 17 for SQL Server terinstal.
[2026-10-07 15:20:02]     [2026-10-07 15:20:02]     
[2026-10-07 15:20:02]     [2026-10-07 15:20:02]     10. FORMAT & PATTERN COMPLIANCE  —  0 lolos / 0 gagal / 1 dilewati
[2026-10-07 15:20:02]     [2026-10-07 15:20:02]     ------------------------------------------------------------------
[2026-10-07 15:20:02]     [2026-10-07 15:20:02]       [LEWAT] Kepatuhan format terhadap standar bisnis
[2026-10-07 15:20:02]     [2026-10-07 15:20:02]     VERDIKT: TIDAK LAYAK — ada kegagalan blocking
[2026-10-07 15:20:02]     [2026-10-07 15:20:02]     ====================================================================================================
[2026-10-07 15:20:02]     [2026-10-07 15:20:02]     
[2026-10-07 15:20:02]     [2026-10-07 15:20:02]     Laporan Markdown : /Users/Pooja/Downloads/Great Expectations bronze layer/reports/gold_data_tmat_validation.md
[2026-10-07 15:20:02]     [2026-10-07 15:20:02]     Laporan JSON     : /Users/Pooja/Downloads/Great Expectations bronze layer/reports/gold_data_tmat_validation.json
[2026-10-07 15:20:02]     [2026-10-07 15:20:02]   validate exit code = 1  durasi=4.8s
[2026-10-07 15:20:02]     [2026-10-07 15:20:02] END   validate          | dataset=gold_data_tmat  exit=1  durasi=4.8s  status=GAGAL(1)
[2026-10-07 15:20:02]     [2026-10-07 15:20:02] DONE  gold_data_tmat               | build=0  validate=1  status=GAGAL
[2026-10-07 15:20:02]     [2026-10-07 15:20:02] 
[2026-10-07 15:20:02]     [2026-10-07 15:20:02] ==============================================================================
[2026-10-07 15:20:02]     [2026-10-07 15:20:02] RINGKASAN VALIDASI
[2026-10-07 15:20:02]     [2026-10-07 15:20:02] ==============================================================================
[2026-10-07 15:20:02]     [2026-10-07 15:20:02]   gold_ars                                   build=0  validate=1  durasi_build=      0.0s  durasi_val=      4.3s  → GAGAL
[2026-10-07 15:20:02]     [2026-10-07 15:20:02]   gold_awl                                   build=0  validate=1  durasi_build=      0.0s  durasi_val=      3.4s  → GAGAL
[2026-10-07 15:20:02]     [2026-10-07 15:20:02]   gold_master_awm                            build=0  validate=1  durasi_build=      0.0s  durasi_val=     25.9s  → GAGAL
[2026-10-07 15:20:02]     [2026-10-07 15:20:02]   gold_master_block                          build=0  validate=1  durasi_build=      0.0s  durasi_val=     12.1s  → GAGAL
[2026-10-07 15:20:02]     [2026-10-07 15:20:02]   gold_master_estate                         build=0  validate=1  durasi_build=      0.0s  durasi_val=      3.4s  → GAGAL
[2026-10-07 15:20:02]     [2026-10-07 15:20:02]   gold_master_ombrometer                     build=0  validate=1  durasi_build=      0.0s  durasi_val=      4.1s  → GAGAL
[2026-10-07 15:20:02]     [2026-10-07 15:20:02]   gold_data_tmat                             build=0  validate=1  durasi_build=      0.0s  durasi_val=      4.8s  → GAGAL
[2026-10-07 15:20:02]     [2026-10-07 15:20:02] 
[2026-10-07 15:20:02]     [2026-10-07 15:20:02] Total dataset       : 7
[2026-10-07 15:20:02]     [2026-10-07 15:20:02] Lolos               : 0
[2026-10-07 15:20:02]     [2026-10-07 15:20:02] Gagal blocking      : 7
[2026-10-07 15:20:02]     [2026-10-07 15:20:02] Total durasi run    : 57.9s
[2026-10-07 15:20:02]     [2026-10-07 15:20:02] Log lengkap         : /Users/Pooja/Downloads/Great Expectations bronze layer/scheduler/logs/gold_2026-10-07.log
[2026-10-07 15:20:02]     [2026-10-07 15:20:02] 
[2026-10-07 15:20:02]     [2026-10-07 15:20:02] ==============================================================================
[2026-10-07 15:20:02]     [2026-10-07 15:20:02] FILTER UNTUK EMAIL — layer=gold
[2026-10-07 15:20:02]     [2026-10-07 15:20:02] ==============================================================================
[2026-10-07 15:20:02]     [2026-10-07 15:20:02] dimensi filter: ['6. INTEGRITY', '7. DISTRIBUTION']
[2026-10-07 15:20:02]     [2026-10-07 15:20:02]   [lampiran] filter dimensi: ['6. INTEGRITY', '7. DISTRIBUTION']
[2026-10-07 15:20:02]     [2026-10-07 15:20:02]   [lampiran] grace=3600s  batas_mtime=14:19:04
[2026-10-07 15:20:02]     [2026-10-07 15:20:02]   [lampiran] proses gold_ars (umur 54s)
[2026-10-07 15:20:02]     [2026-10-07 15:20:02]     [filter] gold_ars: 2 dimensi terfilter dari 12 dimensi di source
[2026-10-07 15:20:02]     [2026-10-07 15:20:02]   [lampiran] skip gold_awl: JSON umur 2418267s melebihi grace 3600s
[2026-10-07 15:20:02]     [2026-10-07 15:20:02]   [lampiran] proses gold_data_tmat (umur 0s)
[2026-10-07 15:20:02]     [2026-10-07 15:20:02]     [filter] gold_data_tmat: 2 dimensi terfilter dari 12 dimensi di source
[2026-10-07 15:20:02]     [2026-10-07 15:20:02]   [lampiran] proses gold_master_awm (umur 25s)
[2026-10-07 15:20:02]     [2026-10-07 15:20:02]     [filter] gold_master_awm: 2 dimensi terfilter dari 12 dimensi di source
[2026-10-07 15:20:02]     [2026-10-07 15:20:02]   [lampiran] proses gold_master_block (umur 13s)
[2026-10-07 15:20:02]     [2026-10-07 15:20:02]     [filter] gold_master_block: 2 dimensi terfilter dari 12 dimensi di source
[2026-10-07 15:20:02]     [2026-10-07 15:20:02]   [lampiran] proses gold_master_estate (umur 9s)
[2026-10-07 15:20:02]     [2026-10-07 15:20:02]     [filter] gold_master_estate: 2 dimensi terfilter dari 12 dimensi di source
[2026-10-07 15:20:02]     [2026-10-07 15:20:02]   [lampiran] proses gold_master_ombrometer (umur 5s)
[2026-10-07 15:20:02]     [2026-10-07 15:20:02]     [filter] gold_master_ombrometer: 2 dimensi terfilter dari 12 dimensi di source
[2026-10-07 15:20:02]     [2026-10-07 15:20:02]   [summary] gold: /Users/Pooja/Downloads/Great Expectations bronze layer/reports/_summary_gold_2026-10-07.json
[2026-10-07 15:20:02]     [2026-10-07 15:20:02] Lampiran JSON siap: 7 file
[2026-10-07 15:20:02]     [2026-10-07 15:20:02]   - gold_ars_email_validation.json                          (6.1 KB)
[2026-10-07 15:20:02]     [2026-10-07 15:20:02]   - gold_data_tmat_email_validation.json                    (17.4 KB)
[2026-10-07 15:20:02]     [2026-10-07 15:20:02]   - gold_master_awm_email_validation.json                   (27.9 KB)
[2026-10-07 15:20:02]     [2026-10-07 15:20:02]   - gold_master_block_email_validation.json                 (18.6 KB)
[2026-10-07 15:20:02]     [2026-10-07 15:20:02]   - gold_master_estate_email_validation.json                (21.7 KB)
[2026-10-07 15:20:02]     [2026-10-07 15:20:02]   - gold_master_ombrometer_email_validation.json            (6.8 KB)
[2026-10-07 15:20:02]     [2026-10-07 15:20:02]   - _summary_gold_2026-10-07.json                           (4.1 KB)
[2026-10-07 15:20:02]     [2026-10-07 15:20:02] 
[2026-10-07 15:20:02]     [2026-10-07 15:20:02] Status email: 3 lolos, 3 gagal, 1 error (total 7)
[2026-10-07 15:20:02]     [2026-10-07 15:20:02] 
[2026-10-07 15:20:02]     [2026-10-07 15:20:02] ==============================================================================
[2026-10-07 15:20:02]     [2026-10-07 15:20:02] KIRIM EMAIL
[2026-10-07 15:20:02]     [2026-10-07 15:20:02] ==============================================================================
[2026-10-07 15:20:02]     [2026-10-07 15:20:02] [mailer] --no-email, skip kirim email.
[2026-10-07 15:20:02]     [2026-10-07 15:20:02] 
[2026-10-07 15:20:02]     [2026-10-07 15:20:02] ==============================================================================
[2026-10-07 15:20:02]     [2026-10-07 15:20:02] SELESAI
[2026-10-07 15:20:02]     [2026-10-07 15:20:02] ==============================================================================
[2026-10-07 15:20:02]     [2026-10-07 15:20:02] validasi lengkap : 7 blocking dari 7 dataset (semua 12 dimensi)
[2026-10-07 15:20:02]     [2026-10-07 15:20:02] filter per-layer : 3 gagal, 1 error (dari 7 dataset, dimensi gold)
[2026-10-07 15:20:02]     [2026-10-07 15:20:02] exit code        : 1  (mengikuti filter gold)
[2026-10-07 15:20:02]     [2026-10-07 15:20:02] durasi total     : 58.0s
[2026-10-07 15:20:02]   layer gold exit code = 1 durasi=58.1s
[2026-10-07 15:20:02] 
[2026-10-07 15:20:02] ==============================================================================
[2026-10-07 15:20:02] RINGKASAN CROSS-LAYER
[2026-10-07 15:20:02] ==============================================================================
[2026-10-07 15:20:02]   Gold Layer            exit=1    durasi=     58.1s  → GAGAL
[2026-10-07 15:20:02] 
[2026-10-07 15:20:02] Total layer     : 1
[2026-10-07 15:20:02] Total durasi    : 58.1s
[2026-10-07 15:20:02] 
[2026-10-07 15:20:02] ==============================================================================
[2026-10-07 15:20:02] KIRIM EMAIL CROSS-LAYER
[2026-10-07 15:20:02] ==============================================================================
[2026-10-07 15:20:02] [mailer] ringkasan: total=7  gagal=3  error=1
[2026-10-07 15:20:02] [mailer] lampiran: 2 file
[2026-10-07 15:20:02]   - gold_2026-10-07.log                                     (86.0 KB)
[2026-10-07 15:20:02]   - _summary_gold_2026-10-07.json                           (4.1 KB)
[2026-10-07 15:20:02] [mailer] memanggil mailer.kirim() ...
[2026-10-07 15:20:22] [mailer] START kirim()
[2026-10-07 15:20:22] [mailer]   total=7  gagal=3  error=1  lampiran=2
[2026-10-07 15:20:22] [mailer]   host=sandbox.smtp.mailtrap.io:2525  tls=True  mode=always
[2026-10-07 15:20:22] [mailer]   from=dq-service@company.com
[2026-10-07 15:20:22] [mailer]   to=poojaristha@gmail.com
[2026-10-07 15:20:22] [mailer]   subjek=⚠️ [DQ] Cross-Layer Validation — 3 lolos, 3 gagal, 1 error — 2026-10-07
[2026-10-07 15:20:22] [mailer]   lampiran ZIP: 1 file (11.2 KB) — berisi 2 file asli
[2026-10-07 15:20:22] [mailer]   lampiran terpasang: 1 item (11.2 KB)
[2026-10-07 15:20:22] [mailer] START koneksi SMTP ke sandbox.smtp.mailtrap.io:2525 ...
[2026-10-07 15:20:22] [mailer]   STARTTLS ...
[2026-10-07 15:20:22] [mailer]   login sebagai 3b2788996e1720 ...
[2026-10-07 15:20:22] [mailer]   send_message ...
[2026-10-07 15:20:22] [mailer] ✅ Email terkirim ke: poojaristha@gmail.com (durasi 19.7s)
[2026-10-07 15:20:22] [mailer]   [cleanup] temp ZIP dihapus: dq_validation_tr9rvkb0.zip
[2026-10-07 15:20:22] [mailer] hasil: ✅ terkirim
[2026-10-07 15:20:22] 
[2026-10-07 15:20:22] ==============================================================================
[2026-10-07 15:20:22] SELESAI
[2026-10-07 15:20:22] ==============================================================================
[2026-10-07 15:20:22] exit code: 1
[2026-10-07 15:20:22] durasi total: 1m 17.8s
[2026-10-07 15:52:18] 
[2026-10-07 15:52:18] ==============================================================================
[2026-10-07 15:52:18] RUN VALIDASI CROSS-LAYER
[2026-10-07 15:52:18] ==============================================================================
[2026-10-07 15:52:18] ROOT       : /Users/Pooja/Downloads/Great Expectations bronze layer
[2026-10-07 15:52:18] log        : /Users/Pooja/Downloads/Great Expectations bronze layer/scheduler/logs/cross_layer_2026-10-07.log
[2026-10-07 15:52:18] python     : /opt/anaconda3/bin/python
[2026-10-07 15:52:18] start      : 2026-10-07 15:52:18
[2026-10-07 15:52:18] opsi       : source=s3  mode=harian  build=TIDAK  reconcile=YA  email=YA  date=2026-10-06
[2026-10-07 15:52:18] layers     : gold
[2026-10-07 15:52:18] 
[2026-10-07 15:52:18] ==============================================================================
[2026-10-07 15:52:18] LAYER: GOLD
[2026-10-07 15:52:18] ==============================================================================
[2026-10-07 15:52:18]   $ /opt/anaconda3/bin/python /Users/Pooja/Downloads/Great Expectations bronze layer/scheduler/run_validation.py --layer gold --source s3 --mode harian --no-email --no-build --date 2026-10-06 --fallback-latest
[2026-10-07 15:53:13]     [2026-10-07 15:52:18] 
[2026-10-07 15:53:13]     [2026-10-07 15:52:18] ==============================================================================
[2026-10-07 15:53:13]     [2026-10-07 15:52:18] RUN VALIDASI — gold_data_validation.yml
[2026-10-07 15:53:13]     [2026-10-07 15:52:18] ==============================================================================
[2026-10-07 15:53:13]     [2026-10-07 15:52:18] config     : /Users/Pooja/Downloads/Great Expectations bronze layer/gold_data_validation.yml
[2026-10-07 15:53:13]     [2026-10-07 15:52:18] ROOT       : /Users/Pooja/Downloads/Great Expectations bronze layer
[2026-10-07 15:53:13]     [2026-10-07 15:52:18] log        : /Users/Pooja/Downloads/Great Expectations bronze layer/scheduler/logs/gold_2026-10-07.log
[2026-10-07 15:53:13]     [2026-10-07 15:52:18] python     : /opt/anaconda3/bin/python
[2026-10-07 15:53:13]     [2026-10-07 15:52:18] start      : 2026-10-07 15:52:18
[2026-10-07 15:53:13]     [2026-10-07 15:52:18] opsi       : source=s3  mode=harian  build=TIDAK  reconcile=YA  email=TIDAK
[2026-10-07 15:53:13]     [2026-10-07 15:52:18] sanity check: semua path OK
[2026-10-07 15:53:13]     [2026-10-07 15:52:18] Total dataset: 7
[2026-10-07 15:53:13]     [2026-10-07 15:52:18]     1. gold_ars
[2026-10-07 15:53:13]     [2026-10-07 15:52:18]     2. gold_awl
[2026-10-07 15:53:13]     [2026-10-07 15:52:18]     3. gold_master_awm
[2026-10-07 15:53:13]     [2026-10-07 15:52:18]     4. gold_master_block
[2026-10-07 15:53:13]     [2026-10-07 15:52:18]     5. gold_master_estate
[2026-10-07 15:53:13]     [2026-10-07 15:52:18]     6. gold_master_ombrometer
[2026-10-07 15:53:13]     [2026-10-07 15:52:18]     7. gold_data_tmat
[2026-10-07 15:53:13]     [2026-10-07 15:52:18] 
[2026-10-07 15:53:13]     [2026-10-07 15:52:18] ==============================================================================
[2026-10-07 15:53:13]     [2026-10-07 15:52:18] [1/7] DATASET: gold_ars
[2026-10-07 15:53:13]     [2026-10-07 15:52:18] ==============================================================================
[2026-10-07 15:53:13]     [2026-10-07 15:52:18] SKIP  build_reference  | dataset=gold_ars (--no-build)
[2026-10-07 15:53:13]     [2026-10-07 15:52:18] START validate         | dataset=gold_ars
[2026-10-07 15:53:13]     [2026-10-07 15:52:18]   $ /opt/anaconda3/bin/python /Users/Pooja/Downloads/Great Expectations bronze layer/validate.py --config /Users/Pooja/Downloads/Great Expectations bronze layer/gold_data_validation.yml --source s3 --dataset gold_ars --mode harian --no-data-docs --date 2026-10-06 --fallback-latest
[2026-10-07 15:53:13]     [2026-10-07 15:52:25]     Memuat [s3]: s3://kpn-gis-s3-bucket/datalake/gold/ars/data_ars/recorded_year=2026/recorded_month=10/recorded_day=06/part-00000-6691488a-c655-4734-97ae-12254f61413b.c000.zstd.parquet
[2026-10-07 15:53:13]     [2026-10-07 15:52:25]     
[2026-10-07 15:53:13]     [2026-10-07 15:52:25]     ====================================================================================================
[2026-10-07 15:53:13]     [2026-10-07 15:52:25]     HASIL VALIDASI — GOLD_ARS — 8 DIMENSI KUALITAS DATA
[2026-10-07 15:53:13]     [2026-10-07 15:52:25]     ====================================================================================================
[2026-10-07 15:53:13]     [2026-10-07 15:52:25]       Dataset   : gold_ars  (Gold ARS Transactions -- raw copy dbo.Gold_ARS_Readings, TANPA join/filter. Window custom 07:00->07:00 hari berikutnya (SAMA dgn idempotency delete sp_ETL_LoadSilver_ARS_Transactions Step 1), BUKAN kalender 00:00-24:00 biasa.)
[2026-10-07 15:53:13]     [2026-10-07 15:52:25]       [GAGAL] Jumlah baris dalam koridor baseline (565–764, median historis 665)
[2026-10-07 15:53:13]     [2026-10-07 15:52:25]               observasi : 507
[2026-10-07 15:53:13]     [2026-10-07 15:52:25]     
[2026-10-07 15:53:13]     [2026-10-07 15:52:25]     3. FRESHNESS  —  1 lolos / 3 gagal
[2026-10-07 15:53:13]     [2026-10-07 15:52:25]     ----------------------------------
[2026-10-07 15:53:13]     [2026-10-07 15:52:25]       [GAGAL] Semua recorded_at di dalam window partisi [2026-10-06 00:00 .. 2026-10-06 23:59]
[2026-10-07 15:53:13]     [2026-10-07 15:52:25]               observasi : 507 baris, 98 menyimpang, 0 kosong
[2026-10-07 15:53:13]     [2026-10-07 15:52:25]               menyimpang: 98 baris (19.3294%)
[2026-10-07 15:53:13]     [2026-10-07 15:52:25]               contoh    : [Timestamp('2026-10-07 06:00:00'), Timestamp('2026-10-07 05:00:00'), Timestamp('2026-10-07 04:00:00'), Timestamp('2026-10-07 03:00:00'), Timestamp('2026-10-07 02:00:00'), Timestamp('2026-10-07 01:00:00'), Timestamp('2026-10-07 00:00:00'), Timestamp('2026-10-07 06:00:00')]
[2026-10-07 15:53:13]     [2026-10-07 15:52:25]       [ WARN] recorded_at terbaru menyentuh akhir window partisi
[2026-10-07 15:53:13]     [2026-10-07 15:52:25]               observasi : 2026-10-07 06:00:00
[2026-10-07 15:53:13]     [2026-10-07 15:52:25]       [GAGAL] Lag ingest (loaded_at - recorded_at) <= 2 hari [mode=harian]
[2026-10-07 15:53:13]     [2026-10-07 15:52:25]               observasi : 507 baris, 140 menyimpang, 0 kosong
[2026-10-07 15:53:13]     [2026-10-07 15:52:25]               menyimpang: 140 baris (27.6134%)
[2026-10-07 15:53:13]     [2026-10-07 15:52:25]               contoh    : [-0.4157718886805556, -0.37410522201388885, -0.3324385553472222, -0.29077188868055553, -0.24910522201388888, -0.20743855534722222, -0.16577188868055556, -0.12410522201388889]
[2026-10-07 15:53:13]     [2026-10-07 15:52:25]     
[2026-10-07 15:53:13]     [2026-10-07 15:52:25]     4. MISSINGNESS  —  33 lolos / 0 gagal
[2026-10-07 15:53:13]     [2026-10-07 15:52:25]       [GAGAL] device_id (surrogate key) unik
[2026-10-07 15:53:13]     [2026-10-07 15:52:25]               observasi : 507 baris, 507 menyimpang, 0 kosong
[2026-10-07 15:53:13]     [2026-10-07 15:52:25]               menyimpang: 507 baris (100.0000%)
[2026-10-07 15:53:13]     [2026-10-07 15:52:25]               contoh    : ['MT02-GMPL007RF-GWB-83886080', 'MT02-GMPL007RF-GWB-83886080', 'MT02-GMPL007RF-GWB-83886080', 'MT02-GMPL007RF-GWB-83886080', 'MT02-GMPL007RF-GWB-83886080', 'MT02-GMPL007RF-GWB-83886080', 'MT02-GMPL007RF-GWB-83886080', 'MT02-GMPL007RF-GWB-83886080']
[2026-10-07 15:53:13]     [2026-10-07 15:52:25]     
[2026-10-07 15:53:13]     [2026-10-07 15:52:25]     6. INTEGRITY  —  4 lolos / 0 gagal
[2026-10-07 15:53:13]     [2026-10-07 15:52:25]               alasan    : Query ke SQL Server gagal, jadi tidak ada nilai pembanding: Gagal konek ke SQL Server (Error): ('01000', "[01000] [unixODBC][Driver Manager]Can't open lib 'ODBC Driver 17 for SQL Server' : file not found (0) (SQLDriverConnect)")
[2026-10-07 15:53:13]     [2026-10-07 15:52:25]       Periksa SQLSERVER_HOST/DB/UID/PWD di .env, VPN/firewall ke server, dan apakah ODBC Driver 17 for SQL Server terinstal.
[2026-10-07 15:53:13]     [2026-10-07 15:52:25]     
[2026-10-07 15:53:13]     [2026-10-07 15:52:25]     10. FORMAT & PATTERN COMPLIANCE  —  0 lolos / 0 gagal / 1 dilewati
[2026-10-07 15:53:13]     [2026-10-07 15:52:25]     ------------------------------------------------------------------
[2026-10-07 15:53:13]     [2026-10-07 15:52:25]       [LEWAT] Kepatuhan format terhadap standar bisnis
[2026-10-07 15:53:13]     [2026-10-07 15:52:25]     VERDIKT: TIDAK LAYAK — ada kegagalan blocking
[2026-10-07 15:53:13]     [2026-10-07 15:52:25]     ====================================================================================================
[2026-10-07 15:53:13]     [2026-10-07 15:52:25]     
[2026-10-07 15:53:13]     [2026-10-07 15:52:25]     Laporan Markdown : /Users/Pooja/Downloads/Great Expectations bronze layer/reports/gold_ars_validation.md
[2026-10-07 15:53:13]     [2026-10-07 15:52:25]     Laporan JSON     : /Users/Pooja/Downloads/Great Expectations bronze layer/reports/gold_ars_validation.json
[2026-10-07 15:53:13]     [2026-10-07 15:52:25]   validate exit code = 1  durasi=7.3s
[2026-10-07 15:53:13]     [2026-10-07 15:52:25] END   validate          | dataset=gold_ars  exit=1  durasi=7.3s  status=GAGAL(1)
[2026-10-07 15:53:13]     [2026-10-07 15:52:25] DONE  gold_ars                     | build=0  validate=1  status=GAGAL
[2026-10-07 15:53:13]     [2026-10-07 15:52:25] 
[2026-10-07 15:53:13]     [2026-10-07 15:52:25] ==============================================================================
[2026-10-07 15:53:13]     [2026-10-07 15:52:25] [2/7] DATASET: gold_awl
[2026-10-07 15:53:13]     [2026-10-07 15:52:25] ==============================================================================
[2026-10-07 15:53:13]     [2026-10-07 15:52:25] SKIP  build_reference  | dataset=gold_awl (--no-build)
[2026-10-07 15:53:13]     [2026-10-07 15:52:25] START validate         | dataset=gold_awl
[2026-10-07 15:53:13]     [2026-10-07 15:52:25]   $ /opt/anaconda3/bin/python /Users/Pooja/Downloads/Great Expectations bronze layer/validate.py --config /Users/Pooja/Downloads/Great Expectations bronze layer/gold_data_validation.yml --source s3 --dataset gold_awl --mode harian --no-data-docs --date 2026-10-06 --fallback-latest
[2026-10-07 15:53:13]     [2026-10-07 15:52:28]     Memuat [s3]: s3://kpn-gis-s3-bucket/datalake/gold/awl/data_awl/recorded_year=2026/recorded_month=10/recorded_day=06/part-00000-2464a22c-e5a6-4438-990d-f82064d0ad6b.c000.zstd.parquet
[2026-10-07 15:53:13]     [2026-10-07 15:52:28]     
[2026-10-07 15:53:13]     [2026-10-07 15:52:28]     ====================================================================================================
[2026-10-07 15:53:13]     [2026-10-07 15:52:28]     HASIL VALIDASI — GOLD_AWL — 8 DIMENSI KUALITAS DATA
[2026-10-07 15:53:13]     [2026-10-07 15:52:28]     ====================================================================================================
[2026-10-07 15:53:13]     [2026-10-07 15:52:28]       Dataset   : gold_awl  (Gold AWL Transactions -- raw copy dbo.Gold_AWL_Readings, TANPA join/filter. Window custom 07:00->07:00 hari berikutnya (SAMA dgn idempotency delete sp_ETL_LoadSilver_ARS_Transactions Step 1), BUKAN kalender 00:00-24:00 biasa.)
[2026-10-07 15:53:13]     [2026-10-07 15:52:28]       [GAGAL] Tidak ada kolom hilang maupun kolom tak terduga (schema evolution)
[2026-10-07 15:53:13]     [2026-10-07 15:52:28]               observasi : ['battery_pct', 'block_gis', 'block_sap', 'company_code', 'connectivity', 'device_id', 'device_type', 'dq_gps_available', 'dq_water_level_valid', 'est_code', 'est_code_sap', 'est_new_code', 'is_manual', 'latitude', 'loaded_at', 'longitude', 'plantation_code', 'recorded_at', 'region_name', 'signal_dbm', 'vendor', 'water_level_cm', 'water_level_source']
[2026-10-07 15:53:13]     [2026-10-07 15:52:28]       [ OK  ] Tipe device_id = string (object)
[2026-10-07 15:53:13]     [2026-10-07 15:52:28]       [ OK  ] Tipe recorded_at = datetime (datetime64[us]/datetime64[ns]/datetime64[ms]/datetime64[s]/date)
[2026-10-07 15:53:13]     [2026-10-07 15:52:28]       [ OK  ] Tipe vendor = string (object)
[2026-10-07 15:53:13]     [2026-10-07 15:52:28]       [ OK  ] Tipe device_type = string (object)
[2026-10-07 15:53:13]     [2026-10-07 15:52:28]       [GAGAL] Tipe est_newCode = string (object)
[2026-10-07 15:53:13]     [2026-10-07 15:52:28]               observasi : None
[2026-10-07 15:53:13]     [2026-10-07 15:52:28]       [GAGAL] Tipe est_codeSAP = string (object)
[2026-10-07 15:53:13]     [2026-10-07 15:52:28]               observasi : None
[2026-10-07 15:53:13]     [2026-10-07 15:52:28]       [GAGAL] Tipe blockGIS_id = string (object)
[2026-10-07 15:53:13]     [2026-10-07 15:52:28]               observasi : None
[2026-10-07 15:53:13]     [2026-10-07 15:52:28]       [GAGAL] Tipe blockSAP_id = string (object)
[2026-10-07 15:53:13]     [2026-10-07 15:52:28]               observasi : None
[2026-10-07 15:53:13]     [2026-10-07 15:52:28]       [ OK  ] Tipe water_level_cm = float (float64/float32/float16)
[2026-10-07 15:53:13]     [2026-10-07 15:52:28]       [ OK  ] Tipe water_level_source = string (object)
[2026-10-07 15:53:13]     [2026-10-07 15:52:28]       [GAGAL] Tipe battery_pct = float (float64/float32/float16)
[2026-10-07 15:53:13]     [2026-10-07 15:52:28]               observasi : 725 baris, 657 menyimpang, 68 kosong
[2026-10-07 15:53:13]     [2026-10-07 15:52:28]               menyimpang: 657 baris (100.0000%)
[2026-10-07 15:53:13]     [2026-10-07 15:52:28]               contoh    : [Decimal('92.00'), Decimal('92.00'), Decimal('92.00'), Decimal('92.00'), Decimal('92.00'), Decimal('92.00'), Decimal('92.00'), Decimal('92.00')]
[2026-10-07 15:53:13]     [2026-10-07 15:52:28]       [GAGAL] Tipe signal_dbm = float (float64/float32/float16)
[2026-10-07 15:53:13]     [2026-10-07 15:52:28]               observasi : 725 baris, 657 menyimpang, 68 kosong
[2026-10-07 15:53:13]     [2026-10-07 15:52:28]               menyimpang: 657 baris (100.0000%)
[2026-10-07 15:53:13]     [2026-10-07 15:52:28]               contoh    : [Decimal('12.00'), Decimal('12.00'), Decimal('12.00'), Decimal('12.00'), Decimal('12.00'), Decimal('12.00'), Decimal('14.00'), Decimal('15.00')]
[2026-10-07 15:53:13]     [2026-10-07 15:52:28]       [ OK  ] Tipe dq_water_level_valid = boolean (bool)
[2026-10-07 15:53:13]     [2026-10-07 15:52:28]       [ OK  ] Tipe dq_gps_available = boolean (bool)
[2026-10-07 15:53:13]     [2026-10-07 15:52:28]       [GAGAL] Jumlah baris dalam koridor baseline (323–436, median historis 380)
[2026-10-07 15:53:13]     [2026-10-07 15:52:28]               observasi : 725
[2026-10-07 15:53:13]     [2026-10-07 15:52:28]     
[2026-10-07 15:53:13]     [2026-10-07 15:52:28]     3. FRESHNESS  —  3 lolos / 1 gagal
[2026-10-07 15:53:13]     [2026-10-07 15:52:28]     ----------------------------------
[2026-10-07 15:53:13]     [2026-10-07 15:52:28]       [ OK  ] Semua recorded_at di dalam window partisi [2026-10-06 00:00 .. 2026-10-06 23:59]
[2026-10-07 15:53:13]     [2026-10-07 15:52:28]       [GAGAL] est_newCode tidak boleh null
[2026-10-07 15:53:13]     [2026-10-07 15:52:28]               observasi : None
[2026-10-07 15:53:13]     [2026-10-07 15:52:28]       [GAGAL] est_codeSAP tidak boleh null
[2026-10-07 15:53:13]     [2026-10-07 15:52:28]               observasi : None
[2026-10-07 15:53:13]     [2026-10-07 15:52:28]       [GAGAL] blockGIS_id tidak boleh null
[2026-10-07 15:53:13]     [2026-10-07 15:52:28]               observasi : None
[2026-10-07 15:53:13]     [2026-10-07 15:52:28]       [GAGAL] Proporsi blockSAP_id terisi >= 0.9500
[2026-10-07 15:53:13]     [2026-10-07 15:52:28]               observasi : None
[2026-10-07 15:53:13]     [2026-10-07 15:52:28]       [ OK  ] water_level_cm tidak boleh null
[2026-10-07 15:53:13]     [2026-10-07 15:52:28]       [ OK  ] water_level_source tidak boleh null
[2026-10-07 15:53:13]     [2026-10-07 15:52:28]       [GAGAL] battery_pct tidak boleh null
[2026-10-07 15:53:13]     [2026-10-07 15:52:28]               observasi : 725 baris, 68 menyimpang, None kosong
[2026-10-07 15:53:13]     [2026-10-07 15:52:28]               menyimpang: 68 baris (9.3793%)
[2026-10-07 15:53:13]     [2026-10-07 15:52:28]               contoh    : [None, None, None, None, None, None, None, None]
[2026-10-07 15:53:13]     [2026-10-07 15:52:28]       [GAGAL] signal_dbm tidak boleh null
[2026-10-07 15:53:13]     [2026-10-07 15:52:28]               observasi : 725 baris, 68 menyimpang, None kosong
[2026-10-07 15:53:13]     [2026-10-07 15:52:28]               menyimpang: 68 baris (9.3793%)
[2026-10-07 15:53:13]     [2026-10-07 15:52:28]               contoh    : [None, None, None, None, None, None, None, None]
[2026-10-07 15:53:13]     [2026-10-07 15:52:28]       [ OK  ] dq_water_level_valid tidak boleh null
[2026-10-07 15:53:13]     [2026-10-07 15:52:28]       [ OK  ] dq_gps_available tidak boleh null
[2026-10-07 15:53:13]     [2026-10-07 15:52:28]       [GAGAL] est_newCode bukan string kosong / hanya spasi
[2026-10-07 15:53:13]     [2026-10-07 15:52:28]               observasi : None
[2026-10-07 15:53:13]     [2026-10-07 15:52:28]       [GAGAL] est_codeSAP bukan string kosong / hanya spasi
[2026-10-07 15:53:13]     [2026-10-07 15:52:28]               observasi : None
[2026-10-07 15:53:13]     [2026-10-07 15:52:28]       [GAGAL] blockGIS_id bukan string kosong / hanya spasi
[2026-10-07 15:53:13]     [2026-10-07 15:52:28]               observasi : None
[2026-10-07 15:53:13]     [2026-10-07 15:52:28]       [GAGAL] blockSAP_id bukan string kosong / hanya spasi
[2026-10-07 15:53:13]     [2026-10-07 15:52:28]               observasi : None
[2026-10-07 15:53:13]     [2026-10-07 15:52:28]       [ OK  ] water_level_source bukan string kosong / hanya spasi
[2026-10-07 15:53:13]     [2026-10-07 15:52:28]     
[2026-10-07 15:53:13]     [2026-10-07 15:52:28]     5. UNIQUENESS  —  0 lolos / 1 gagal
[2026-10-07 15:53:13]     [2026-10-07 15:52:28]     -----------------------------------
[2026-10-07 15:53:13]     [2026-10-07 15:52:28]       [GAGAL] device_id (surrogate key) unik
[2026-10-07 15:53:13]     [2026-10-07 15:52:28]               observasi : 725 baris, 724 menyimpang, 0 kosong
[2026-10-07 15:53:13]     [2026-10-07 15:52:28]               menyimpang: 724 baris (99.8621%)
[2026-10-07 15:53:13]     [2026-10-07 15:52:28]               contoh    : ['219241', '219241', '219241', '219241', '219241', '219241', '219241', '219241']
[2026-10-07 15:53:13]     [2026-10-07 15:52:28]     
[2026-10-07 15:53:13]     [2026-10-07 15:52:28]     6. INTEGRITY  —  0 lolos / 4 gagal
[2026-10-07 15:53:13]     [2026-10-07 15:52:28]       [GAGAL] company_code terdaftar di master (10 kode dikenal)
[2026-10-07 15:53:13]     [2026-10-07 15:52:28]               observasi : 725 baris, 12 menyimpang, 0 kosong
[2026-10-07 15:53:13]     [2026-10-07 15:52:28]               menyimpang: 12 baris (1.6552%)
[2026-10-07 15:53:13]     [2026-10-07 15:52:28]               contoh    : ['PT.NJP', 'PT.NJP', 'PT.NJP', 'PT.NJP', 'PT.NJP', 'PT.NJP', 'PT.NJP', 'PT.NJP']
[2026-10-07 15:53:13]     [2026-10-07 15:52:28]       [GAGAL] est_code terdaftar di master (30 kode dikenal)
[2026-10-07 15:53:13]     [2026-10-07 15:52:28]               observasi : 725 baris, 12 menyimpang, 0 kosong
[2026-10-07 15:53:13]     [2026-10-07 15:52:28]               menyimpang: 12 baris (1.6552%)
[2026-10-07 15:53:13]     [2026-10-07 15:52:28]               contoh    : ['KAB', 'KAB', 'KAB', 'KAB', 'KAB', 'KAB', 'KAB', 'KAB']
[2026-10-07 15:53:13]     [2026-10-07 15:52:28]       [GAGAL] est_newCode terdaftar di master (30 kode dikenal)
[2026-10-07 15:53:13]     [2026-10-07 15:52:28]               observasi : None
[2026-10-07 15:53:13]     [2026-10-07 15:52:28]       [GAGAL] est_codeSAP terdaftar di master (30 kode dikenal)
[2026-10-07 15:53:13]     [2026-10-07 15:52:28]               observasi : None
[2026-10-07 15:53:13]     [2026-10-07 15:52:28]     
[2026-10-07 15:53:13]     [2026-10-07 15:52:28]     7. DISTRIBUTION  —  15 lolos / 1 gagal
[2026-10-07 15:53:13]     [2026-10-07 15:52:28]     --------------------------------------
[2026-10-07 15:53:13]     [2026-10-07 15:52:28]       [ OK  ] Rata-rata water_level_cm dalam koridor [45.7735, 262.589]
[2026-10-07 15:53:13]     [2026-10-07 15:52:28]   [stderr] (10 baris penting, 0 warning di-suppress):
[2026-10-07 15:53:13]     [2026-10-07 15:52:28]     Traceback (most recent call last):
[2026-10-07 15:53:13]     [2026-10-07 15:52:28]       File "/Users/Pooja/Downloads/Great Expectations bronze layer/validate.py", line 421, in main
[2026-10-07 15:53:13]     [2026-10-07 15:52:28]         kode |= jalankan_dataset(specs[nama], args, now)
[2026-10-07 15:53:13]     [2026-10-07 15:52:28]                 ^^^^^^^^^^^^^^^^^^^^^^^^^^^^^^^^^^^^^^^^
[2026-10-07 15:53:13]     [2026-10-07 15:52:28]       File "/Users/Pooja/Downloads/Great Expectations bronze layer/validate.py", line 307, in jalankan_dataset
[2026-10-07 15:53:13]     [2026-10-07 15:52:28]         report.cetak_terminal(hasil, summ, meta)
[2026-10-07 15:53:13]     [2026-10-07 15:52:28]       File "/Users/Pooja/Downloads/Great Expectations bronze layer/dqcore/report.py", line 71, in cetak_terminal
[2026-10-07 15:53:13]     [2026-10-07 15:52:28]         f"({it['unexpected_percent']:.4f}%)")
[2026-10-07 15:53:13]     [2026-10-07 15:52:28]            ^^^^^^^^^^^^^^^^^^^^^^^^^^^^^^
[2026-10-07 15:53:13]     [2026-10-07 15:52:28]     TypeError: unsupported format string passed to NoneType.__format__
[2026-10-07 15:53:13]     [2026-10-07 15:52:28]   validate exit code = 1  durasi=3.2s
[2026-10-07 15:53:13]     [2026-10-07 15:52:28] END   validate          | dataset=gold_awl  exit=1  durasi=3.2s  status=GAGAL(1)
[2026-10-07 15:53:13]     [2026-10-07 15:52:28] DONE  gold_awl                     | build=0  validate=1  status=GAGAL
[2026-10-07 15:53:13]     [2026-10-07 15:52:28] 
[2026-10-07 15:53:13]     [2026-10-07 15:52:28] ==============================================================================
[2026-10-07 15:53:13]     [2026-10-07 15:52:28] [3/7] DATASET: gold_master_awm
[2026-10-07 15:53:13]     [2026-10-07 15:52:28] ==============================================================================
[2026-10-07 15:53:13]     [2026-10-07 15:52:28] SKIP  build_reference  | dataset=gold_master_awm (--no-build)
[2026-10-07 15:53:13]     [2026-10-07 15:52:28] START validate         | dataset=gold_master_awm
[2026-10-07 15:53:13]     [2026-10-07 15:52:28]   $ /opt/anaconda3/bin/python /Users/Pooja/Downloads/Great Expectations bronze layer/validate.py --config /Users/Pooja/Downloads/Great Expectations bronze layer/gold_data_validation.yml --source s3 --dataset gold_master_awm --mode harian --no-data-docs --date 2026-10-06 --fallback-latest
[2026-10-07 15:53:13]     [2026-10-07 15:52:54]     Memuat [s3]: s3://kpn-gis-s3-bucket/datalake/gold/awm/master_awm/snapshot_date=2026-10-06/part-00000-547b4294-7c99-4f1d-bf82-a57ae4462123.c000.zstd.parquet
[2026-10-07 15:53:13]     [2026-10-07 15:52:54]     
[2026-10-07 15:53:13]     [2026-10-07 15:52:54]     ====================================================================================================
[2026-10-07 15:53:13]     [2026-10-07 15:52:54]     HASIL VALIDASI — GOLD_MASTER_AWM — 8 DIMENSI KUALITAS DATA
[2026-10-07 15:53:13]     [2026-10-07 15:52:54]     ====================================================================================================
[2026-10-07 15:53:13]     [2026-10-07 15:52:54]       Dataset   : gold_master_awm  (Gold Master AWM -- master data AWM assets dari berbagai sumber (bridge, weir, culvert, dam, flap_gate, pump_house, water_gate, siphon). Snapshot harian dari T_Master_AWM_All.)
[2026-10-07 15:53:13]     [2026-10-07 15:52:54]       [GAGAL] Jumlah kolom tepat 62
[2026-10-07 15:53:13]     [2026-10-07 15:52:54]               observasi : 61
[2026-10-07 15:53:13]     [2026-10-07 15:52:54]       [GAGAL] Tidak ada kolom hilang maupun kolom tak terduga (schema evolution)
[2026-10-07 15:53:13]     [2026-10-07 15:52:54]               observasi : ['afdeling', 'asset_subtype', 'asset_subtype_label', 'asset_type', 'asset_type_label', 'block_gis', 'block_sap', 'bridge_event_type', 'budget_price', 'budget_ref_id', 'company_code', 'condition', 'condition_label', 'created_date', 'created_user', 'culvert_pipe_count', 'door_count', 'duration', 'est_code', 'est_code_sap', 'est_new_code', 'flap_gate_door_type', 'flap_gate_status', 'flow_dir', 'fungsi', 'global_id', 'grouping', 'last_edited_date', 'last_edited_user', 'length', 'loaded_at', 'month', 'object_ref', 'objectid', 'plantation', 'qc', 'qc_remarks', 'qc_tanggal', 'qc_user', 'reference_id', 'remark', 'siphon_count', 'siphon_diameter', 'siphon_material', 'siphon_size', 'source', 'status_asset', 'status_asset_label', 'status_object', 'status_object_label', 'survey_date', 'surveyor', 'variant', 'variant_dimensi', 'variant_label', 'weir_count', 'weir_spillway_level', 'weir_status', 'width', 'year', 'year_budget']
[2026-10-07 15:53:13]     [2026-10-07 15:52:54]       [GAGAL] Tipe gold_id = integer (int64/int32/int16/int8)
[2026-10-07 15:53:13]     [2026-10-07 15:52:54]               observasi : None
[2026-10-07 15:53:13]     [2026-10-07 15:52:54]       [ OK  ] Tipe global_id = string (object)
[2026-10-07 15:53:13]     [2026-10-07 15:52:54]       [ OK  ] Tipe objectid = integer (int64/int32/int16/int8)
[2026-10-07 15:53:13]     [2026-10-07 15:52:54]       [ OK  ] Tipe asset_type = string (object)
[2026-10-07 15:53:13]     [2026-10-07 15:52:54]       [ OK  ] Tipe asset_type_label = string (object)
[2026-10-07 15:53:13]     [2026-10-07 15:52:54]       [GAGAL] Tipe status_asset = integer (int64/int32/int16/int8)
[2026-10-07 15:53:13]     [2026-10-07 15:52:54]               observasi : float64
[2026-10-07 15:53:13]     [2026-10-07 15:52:54]       [ OK  ] Tipe status_asset_label = string (object)
[2026-10-07 15:53:13]     [2026-10-07 15:52:54]       [ OK  ] Tipe fungsi = float (float64/float32/float16)
[2026-10-07 15:53:13]     [2026-10-07 15:52:54]       [ OK  ] Tipe source = float (float64/float32/float16)
[2026-10-07 15:53:13]     [2026-10-07 15:52:54]       [ OK  ] Tipe qc = float (float64/float32/float16)
[2026-10-07 15:53:13]     [2026-10-07 15:52:54]       [GAGAL] Semua loaded_at di dalam window partisi [2026-10-06 00:00 .. 2026-10-06 23:59]
[2026-10-07 15:53:13]     [2026-10-07 15:52:54]               observasi : 29954 baris, 29954 menyimpang, 0 kosong
[2026-10-07 15:53:13]     [2026-10-07 15:52:54]               menyimpang: 29954 baris (100.0000%)
[2026-10-07 15:53:13]     [2026-10-07 15:52:54]               contoh    : [Timestamp('2026-10-05 20:02:23.497237'), Timestamp('2026-10-05 20:02:23.497237'), Timestamp('2026-10-05 20:02:23.497237'), Timestamp('2026-10-05 20:02:23.497237'), Timestamp('2026-10-05 20:02:23.497237'), Timestamp('2026-10-05 20:02:23.497237'), Timestamp('2026-10-05 20:02:23.497237'), Timestamp('2026-10-05 20:02:23.497237')]
[2026-10-07 15:53:13]     [2026-10-07 15:52:54]       [ WARN] loaded_at terbaru menyentuh akhir window partisi
[2026-10-07 15:53:13]     [2026-10-07 15:52:54]               observasi : 2026-10-05 20:02:23.497237
[2026-10-07 15:53:13]     [2026-10-07 15:52:54]       [GAGAL] gold_id tidak boleh null
[2026-10-07 15:53:13]     [2026-10-07 15:52:54]               observasi : None
[2026-10-07 15:53:13]     [2026-10-07 15:52:54]       [ OK  ] global_id tidak boleh null
[2026-10-07 15:53:13]     [2026-10-07 15:52:54]       [ OK  ] Proporsi objectid terisi >= 0.9500
[2026-10-07 15:53:13]     [2026-10-07 15:52:54]       [ OK  ] asset_type tidak boleh null
[2026-10-07 15:53:13]     [2026-10-07 15:52:54]       [ OK  ] asset_type_label tidak boleh null
[2026-10-07 15:53:13]     [2026-10-07 15:52:54]       [GAGAL] company_code tidak boleh null
[2026-10-07 15:53:13]     [2026-10-07 15:52:54]               observasi : 29954 baris, 2 menyimpang, None kosong
[2026-10-07 15:53:13]     [2026-10-07 15:52:54]               menyimpang: 2 baris (0.0067%)
[2026-10-07 15:53:13]     [2026-10-07 15:52:54]               contoh    : [None, None]
[2026-10-07 15:53:13]     [2026-10-07 15:52:54]       [GAGAL] est_code tidak boleh null
[2026-10-07 15:53:13]     [2026-10-07 15:52:54]               observasi : 29954 baris, 2 menyimpang, None kosong
[2026-10-07 15:53:13]     [2026-10-07 15:52:54]               menyimpang: 2 baris (0.0067%)
[2026-10-07 15:53:13]     [2026-10-07 15:52:54]               contoh    : [None, None]
[2026-10-07 15:53:13]     [2026-10-07 15:52:54]       [GAGAL] est_new_code tidak boleh null
[2026-10-07 15:53:13]     [2026-10-07 15:52:54]               observasi : 29954 baris, 2 menyimpang, None kosong
[2026-10-07 15:53:13]     [2026-10-07 15:52:54]               menyimpang: 2 baris (0.0067%)
[2026-10-07 15:53:13]     [2026-10-07 15:52:54]               contoh    : [None, None]
[2026-10-07 15:53:13]     [2026-10-07 15:52:54]       [GAGAL] est_code_sap tidak boleh null
[2026-10-07 15:53:13]     [2026-10-07 15:52:54]               observasi : 29954 baris, 2 menyimpang, None kosong
[2026-10-07 15:53:13]     [2026-10-07 15:52:54]               menyimpang: 2 baris (0.0067%)
[2026-10-07 15:53:13]     [2026-10-07 15:52:54]               contoh    : [None, None]
[2026-10-07 15:53:13]     [2026-10-07 15:52:54]       [ OK  ] Proporsi afdeling terisi >= 0.9500
[2026-10-07 15:53:13]     [2026-10-07 15:52:54]       [ OK  ] Proporsi block_gis terisi >= 0.8588
[2026-10-07 15:53:13]     [2026-10-07 15:52:54]       [GAGAL] afdeling bukan string kosong / hanya spasi
[2026-10-07 15:53:13]     [2026-10-07 15:52:54]               observasi : 29954 baris, 4123 menyimpang, 0 kosong
[2026-10-07 15:53:13]     [2026-10-07 15:52:54]               menyimpang: 4123 baris (13.7644%)
[2026-10-07 15:53:13]     [2026-10-07 15:52:54]               contoh    : ['', '', '', '', '', '', '', '']
[2026-10-07 15:53:13]     [2026-10-07 15:52:54]       [GAGAL] block_gis bukan string kosong / hanya spasi
[2026-10-07 15:53:13]     [2026-10-07 15:52:54]               observasi : 29954 baris, 77 menyimpang, 2680 kosong
[2026-10-07 15:53:13]     [2026-10-07 15:52:54]               menyimpang: 77 baris (0.2823%)
[2026-10-07 15:53:13]     [2026-10-07 15:52:54]               contoh    : ['', '', '', '', '', '', '', '']
[2026-10-07 15:53:13]     [2026-10-07 15:52:54]       [GAGAL] block_sap bukan string kosong / hanya spasi
[2026-10-07 15:53:13]     [2026-10-07 15:52:54]               observasi : 29954 baris, 338 menyimpang, 4123 kosong
[2026-10-07 15:53:13]     [2026-10-07 15:52:54]               menyimpang: 338 baris (1.3085%)
[2026-10-07 15:53:13]     [2026-10-07 15:52:54]               contoh    : ['', '', '', '', '', '', '', '']
[2026-10-07 15:53:13]     [2026-10-07 15:52:54]       [ OK  ] condition_label bukan string kosong / hanya spasi
[2026-10-07 15:53:13]     [2026-10-07 15:52:54]       [ OK  ] status_object_label bukan string kosong / hanya spasi
[2026-10-07 15:53:13]     [2026-10-07 15:52:54]       [GAGAL] qc_remarks bukan string kosong / hanya spasi
[2026-10-07 15:53:13]     [2026-10-07 15:52:54]               observasi : 29954 baris, 8987 menyimpang, 12133 kosong
[2026-10-07 15:53:13]     [2026-10-07 15:52:54]               menyimpang: 8987 baris (50.4293%)
[2026-10-07 15:53:13]     [2026-10-07 15:52:54]               contoh    : ['', '', '', '', '', '', '', '']
[2026-10-07 15:53:13]     [2026-10-07 15:52:54]       [GAGAL] qc_user bukan string kosong / hanya spasi
[2026-10-07 15:53:13]     [2026-10-07 15:52:54]               observasi : 29954 baris, 31 menyimpang, 12446 kosong
[2026-10-07 15:53:13]     [2026-10-07 15:52:54]               menyimpang: 31 baris (0.1771%)
[2026-10-07 15:53:13]     [2026-10-07 15:52:54]               contoh    : ['', '', '', '', '', '', '', '']
[2026-10-07 15:53:13]     [2026-10-07 15:52:54]       [ OK  ] surveyor bukan string kosong / hanya spasi
[2026-10-07 15:53:13]     [2026-10-07 15:52:54]       [ OK  ] remark bukan string kosong / hanya spasi
[2026-10-07 15:53:13]     [2026-10-07 15:52:54]       [GAGAL] Rata-rata length dalam koridor [5.91956, 11.8391]
[2026-10-07 15:53:13]     [2026-10-07 15:52:54]               observasi : 5.882012840220635
[2026-10-07 15:53:13]     [2026-10-07 15:52:54]       [ OK  ] Simpangan baku length <= 10.1354
[2026-10-07 15:53:13]     [2026-10-07 15:52:54]       [ OK  ] Bentuk kuantil (p50/p75/p95/p99) sesuai profil historis
[2026-10-07 15:53:13]     [2026-10-07 15:52:54]       [ OK  ] KL divergence length terhadap baseline < 1
[2026-10-07 15:53:13]     [2026-10-07 15:52:54]       [ OK  ] Outlier ekstrem length: |z-score| < 20
[2026-10-07 15:53:13]     [2026-10-07 15:52:54]       [GAGAL] Rata-rata weir_spillway_level dalam koridor [43.3374, 86.6748]
[2026-10-07 15:53:13]     [2026-10-07 15:52:54]               observasi : 43.269914625092795
[2026-10-07 15:53:13]     [2026-10-07 15:52:54]       [ OK  ] Simpangan baku weir_spillway_level <= 67.325
[2026-10-07 15:53:13]     [2026-10-07 15:52:54]       [ OK  ] Bentuk kuantil (p50/p75/p95/p99) sesuai profil historis
[2026-10-07 15:53:13]     [2026-10-07 15:52:54]       [ OK  ] KL divergence weir_spillway_level terhadap baseline < 1
[2026-10-07 15:53:13]     [2026-10-07 15:52:54]       [ OK  ] Outlier ekstrem weir_spillway_level: |z-score| < 20
[2026-10-07 15:53:13]     [2026-10-07 15:52:54]       [GAGAL] afdeling cocok pola yang dikenal
[2026-10-07 15:53:13]     [2026-10-07 15:52:54]               observasi : 29954 baris, 4123 menyimpang, 0 kosong
[2026-10-07 15:53:13]     [2026-10-07 15:52:54]               menyimpang: 4123 baris (13.7644%)
[2026-10-07 15:53:13]     [2026-10-07 15:52:54]               contoh    : ['', '', '', '', '', '', '', '']
[2026-10-07 15:53:13]     [2026-10-07 15:52:54]       [ OK  ] Panjang afdeling antara 0–5 karakter
[2026-10-07 15:53:13]     [2026-10-07 15:52:54]       [GAGAL] block_gis cocok pola yang dikenal
[2026-10-07 15:53:13]     [2026-10-07 15:52:54]               observasi : 29954 baris, 77 menyimpang, 2680 kosong
[2026-10-07 15:53:13]     [2026-10-07 15:52:54]               menyimpang: 77 baris (0.2823%)
[2026-10-07 15:53:13]     [2026-10-07 15:52:54]               contoh    : ['', '', '', '', '', '', '', '']
[2026-10-07 15:53:13]     [2026-10-07 15:52:54]       [ OK  ] Panjang block_gis antara 0–21 karakter
[2026-10-07 15:53:13]     [2026-10-07 15:52:54]       [GAGAL] block_sap cocok salah satu dari 2 pola yang dikenal
[2026-10-07 15:53:13]     [2026-10-07 15:52:54]               observasi : 29954 baris, 338 menyimpang, 4123 kosong
[2026-10-07 15:53:13]     [2026-10-07 15:52:54]               menyimpang: 338 baris (1.3085%)
[2026-10-07 15:53:13]     [2026-10-07 15:52:54]               contoh    : ['', '', '', '', '', '', '', '']
[2026-10-07 15:53:13]     [2026-10-07 15:52:54]       [ OK  ] Panjang block_sap antara 0–3 karakter
[2026-10-07 15:53:13]     [2026-10-07 15:52:54]       [ OK  ] condition_label cocok salah satu dari 2 pola yang dikenal
[2026-10-07 15:53:13]     [2026-10-07 15:52:54]       [GAGAL] qc_remarks cocok pola yang dikenal
[2026-10-07 15:53:13]     [2026-10-07 15:52:54]               observasi : 29954 baris, 8987 menyimpang, 12133 kosong
[2026-10-07 15:53:13]     [2026-10-07 15:52:54]               menyimpang: 8987 baris (50.4293%)
[2026-10-07 15:53:13]     [2026-10-07 15:52:54]               contoh    : ['', '', '', '', '', '', '', '']
[2026-10-07 15:53:13]     [2026-10-07 15:52:54]       [ OK  ] Panjang qc_remarks antara 0–200 karakter
[2026-10-07 15:53:13]     [2026-10-07 15:52:54]       [GAGAL] qc_user cocok pola yang dikenal
[2026-10-07 15:53:13]     [2026-10-07 15:52:54]               observasi : 29954 baris, 31 menyimpang, 12446 kosong
[2026-10-07 15:53:13]     [2026-10-07 15:52:54]               menyimpang: 31 baris (0.1771%)
[2026-10-07 15:53:13]     [2026-10-07 15:52:54]               contoh    : ['', '', '', '', '', '', '', '']
[2026-10-07 15:53:13]     [2026-10-07 15:52:54]       [ OK  ] Panjang qc_user antara 0–29 karakter
[2026-10-07 15:53:13]     [2026-10-07 15:52:54]       [ OK  ] surveyor cocok pola yang dikenal
[2026-10-07 15:53:13]     [2026-10-07 15:52:54]       [GAGAL] remark cocok pola yang dikenal
[2026-10-07 15:53:13]     [2026-10-07 15:52:54]               observasi : 29954 baris, 58 menyimpang, 12319 kosong
[2026-10-07 15:53:13]     [2026-10-07 15:52:54]               menyimpang: 58 baris (0.3289%)
[2026-10-07 15:53:13]     [2026-10-07 15:52:54]               contoh    : ['pergantian gorong²', 'pergantian gorong²', 'jembatàn betina amblas', 'rorak buntu, jembatàn betina amblas', 'jembatàn betina amblas', 'pwrlu pasanv baru, tertimbun jembatàn titi betina', 'pergantian gorong² beton', 'badan jembatàn mulai amblas']
[2026-10-07 15:53:13]     [2026-10-07 15:52:54]       [ OK  ] Panjang remark antara 1–103 karakter
[2026-10-07 15:53:13]     [2026-10-07 15:52:54]       [ OK  ] budget_ref_id cocok pola yang dikenal
[2026-10-07 15:53:13]     [2026-10-07 15:52:54]       [GAGAL] asset_subtype_label bebas dari spasi di awal/akhir (padding tak sengaja)
[2026-10-07 15:53:13]     [2026-10-07 15:52:54]               observasi : 29954 baris, 285 menyimpang, 6866 kosong
[2026-10-07 15:53:13]     [2026-10-07 15:52:54]               menyimpang: 285 baris (1.2344%)
[2026-10-07 15:53:13]     [2026-10-07 15:52:54]               contoh    : ['Underpass ', 'Underpass ', 'Underpass ', 'Underpass ', 'Underpass ', 'Underpass ', 'Underpass ', 'Underpass ']
[2026-10-07 15:53:13]     [2026-10-07 15:52:54]       [ OK  ] asset_subtype_label bebas dari string kosong atau hanya spasi (missing tersembunyi)
[2026-10-07 15:53:13]     [2026-10-07 15:52:54]       [ OK  ] asset_subtype_label bebas dari karakter kontrol / non-printable
[2026-10-07 15:53:13]     [2026-10-07 15:52:54]       [GAGAL] afdeling bebas dari string kosong atau hanya spasi (missing tersembunyi)
[2026-10-07 15:53:13]     [2026-10-07 15:52:54]               observasi : 29954 baris, 4123 menyimpang, 0 kosong
[2026-10-07 15:53:13]     [2026-10-07 15:52:54]               menyimpang: 4123 baris (13.7644%)
[2026-10-07 15:53:13]     [2026-10-07 15:52:54]               contoh    : ['', '', '', '', '', '', '', '']
[2026-10-07 15:53:13]     [2026-10-07 15:52:54]       [ OK  ] afdeling bebas dari karakter kontrol / non-printable
[2026-10-07 15:53:13]     [2026-10-07 15:52:54]       [ OK  ] afdeling bebas dari penggalan HTML/markup (indikasi kebocoran encoding)
[2026-10-07 15:53:13]     [2026-10-07 15:52:54]       [GAGAL] block_gis bebas dari spasi di awal/akhir (padding tak sengaja)
[2026-10-07 15:53:13]     [2026-10-07 15:52:54]               observasi : 29954 baris, 39 menyimpang, 2680 kosong
[2026-10-07 15:53:13]     [2026-10-07 15:52:54]               menyimpang: 39 baris (0.1430%)
[2026-10-07 15:53:13]     [2026-10-07 15:52:54]               contoh    : ['5 24 ', '69 02 ', ' 42', ' ', ' ', '70 03 ', ' ', '72 03 ']
[2026-10-07 15:53:13]     [2026-10-07 15:52:54]       [GAGAL] block_gis bebas dari string kosong atau hanya spasi (missing tersembunyi)
[2026-10-07 15:53:13]     [2026-10-07 15:52:54]               observasi : 29954 baris, 80 menyimpang, 2680 kosong
[2026-10-07 15:53:13]     [2026-10-07 15:52:54]               menyimpang: 80 baris (0.2933%)
[2026-10-07 15:53:13]     [2026-10-07 15:52:54]               contoh    : ['', '', '', '', '', '', '', '']
[2026-10-07 15:53:13]     [2026-10-07 15:52:54]       [ OK  ] block_gis bebas dari karakter kontrol / non-printable
[2026-10-07 15:53:13]     [2026-10-07 15:52:54]       [ OK  ] block_gis bebas dari penggalan HTML/markup (indikasi kebocoran encoding)
[2026-10-07 15:53:13]     [2026-10-07 15:52:54]       [GAGAL] block_sap bebas dari string kosong atau hanya spasi (missing tersembunyi)
[2026-10-07 15:53:13]     [2026-10-07 15:52:54]               observasi : 29954 baris, 338 menyimpang, 4123 kosong
[2026-10-07 15:53:13]     [2026-10-07 15:52:54]               menyimpang: 338 baris (1.3085%)
[2026-10-07 15:53:13]     [2026-10-07 15:52:54]               contoh    : ['', '', '', '', '', '', '', '']
[2026-10-07 15:53:13]     [2026-10-07 15:52:54]       [ OK  ] block_sap bebas dari karakter kontrol / non-printable
[2026-10-07 15:53:13]     [2026-10-07 15:52:54]       [ OK  ] block_sap bebas dari penggalan HTML/markup (indikasi kebocoran encoding)
[2026-10-07 15:53:13]     [2026-10-07 15:52:54]       [GAGAL] qc_remarks bebas dari spasi di awal/akhir (padding tak sengaja)
[2026-10-07 15:53:13]     [2026-10-07 15:52:54]               observasi : 29954 baris, 27 menyimpang, 12133 kosong
[2026-10-07 15:53:13]     [2026-10-07 15:52:54]               menyimpang: 27 baris (0.1515%)
[2026-10-07 15:53:13]     [2026-10-07 15:52:54]               contoh    : [' mengganti gorong untuk memperlancar aliran air', 'sudah rusak bekas ceges jembatan besi bangkai jembatan ada dipinggir KCB ', 'OK jembatan ', 'QC Jembatan OK, jembtan diatas jalan kolektor anak sungai alam ', 'perlu diperbaiki dengan papan atau plat besi untuk kontrol pringgan Kanal TBS ', 'proses penimbunan tanah. kondisi jembatan batang balak rusak. ', 'overlap pengambilan sensus survey lapangan double ', 'Bersihkan dan foto ulang ']
[2026-10-07 15:53:13]     [2026-10-07 15:52:54]       [GAGAL] qc_remarks bebas dari string kosong atau hanya spasi (missing tersembunyi)
[2026-10-07 15:53:13]     [2026-10-07 15:52:54]               observasi : 29954 baris, 8987 menyimpang, 12133 kosong
[2026-10-07 15:53:13]     [2026-10-07 15:52:54]               menyimpang: 8987 baris (50.4293%)
[2026-10-07 15:53:13]     [2026-10-07 15:52:54]               contoh    : ['', '', '', '', '', '', '', '']
[2026-10-07 15:53:13]     [2026-10-07 15:52:54]       [ OK  ] qc_remarks bebas dari karakter kontrol / non-printable
[2026-10-07 15:53:13]     [2026-10-07 15:52:54]       [ OK  ] qc_remarks bebas dari penggalan HTML/markup (indikasi kebocoran encoding)
[2026-10-07 15:53:13]     [2026-10-07 15:52:54]       [GAGAL] qc_user bebas dari string kosong atau hanya spasi (missing tersembunyi)
[2026-10-07 15:53:13]     [2026-10-07 15:52:54]               observasi : 29954 baris, 31 menyimpang, 12446 kosong
[2026-10-07 15:53:13]     [2026-10-07 15:52:54]               menyimpang: 31 baris (0.1771%)
[2026-10-07 15:53:13]     [2026-10-07 15:52:54]               contoh    : ['', '', '', '', '', '', '', '']
[2026-10-07 15:53:13]     [2026-10-07 15:52:54]       [GAGAL] qc_user bebas dari karakter kontrol / non-printable
[2026-10-07 15:53:13]     [2026-10-07 15:52:54]               observasi : 29954 baris, 1 menyimpang, 12446 kosong
[2026-10-07 15:53:13]     [2026-10-07 15:52:54]               menyimpang: 1 baris (0.0057%)
[2026-10-07 15:53:13]     [2026-10-07 15:52:54]               contoh    : ["',\r\n\t\t\tQC_remarks = '"]
[2026-10-07 15:53:13]     [2026-10-07 15:52:54]       [ OK  ] qc_user bebas dari penggalan HTML/markup (indikasi kebocoran encoding)
[2026-10-07 15:53:13]     [2026-10-07 15:52:54]       [ OK  ] qc_user bebas dari literal 'null'/'None'/'nan' sebagai teks
[2026-10-07 15:53:13]     [2026-10-07 15:52:54]       [GAGAL] variant_label bebas dari spasi di awal/akhir (padding tak sengaja)
[2026-10-07 15:53:13]     [2026-10-07 15:52:54]               observasi : 29954 baris, 1127 menyimpang, 27654 kosong
[2026-10-07 15:53:13]     [2026-10-07 15:52:54]               menyimpang: 1127 baris (49.0000%)
[2026-10-07 15:53:13]     [2026-10-07 15:52:54]               contoh    : [' Weir Tundung PVC 6 inch', ' Weir Tundung PVC 6 inch', ' Weir Tundung PVC 6 inch', ' Weir Tundung PVC 6 inch', ' Weir Tundung PVC 6 inch', 'WEIR PRECAST WALL STD2 300250-2 ', ' Weir Tundung PVC 6 inch', ' Weir Tundung PVC 6 inch']
[2026-10-07 15:53:13]     [2026-10-07 15:52:54]       [ OK  ] variant_label bebas dari string kosong atau hanya spasi (missing tersembunyi)
[2026-10-07 15:53:13]     [2026-10-07 15:52:54]       [ OK  ] variant_label bebas dari karakter kontrol / non-printable
[2026-10-07 15:53:13]     [2026-10-07 15:52:54]       [GAGAL] variant_dimensi bebas dari spasi di awal/akhir (padding tak sengaja)
[2026-10-07 15:53:13]     [2026-10-07 15:52:54]               observasi : 29954 baris, 150 menyimpang, 27654 kosong
[2026-10-07 15:53:13]     [2026-10-07 15:52:54]               menyimpang: 150 baris (6.5217%)
[2026-10-07 15:53:13]     [2026-10-07 15:52:54]               contoh    : ['400 x 80 cm ', '400 x 80 cm ', '400 x 80 cm ', '400 x 80 cm ', '400 x 80 cm ', '400 x 80 cm ', '100 x 75 cm ', '400 x 80 cm ']
[2026-10-07 15:53:13]     [2026-10-07 15:52:54]       [ OK  ] variant_dimensi bebas dari string kosong atau hanya spasi (missing tersembunyi)
[2026-10-07 15:53:13]     [2026-10-07 15:52:54]       [ OK  ] variant_dimensi bebas dari karakter kontrol / non-printable
[2026-10-07 15:53:13]     [2026-10-07 15:52:54]               alasan    : Query ke SQL Server gagal, jadi tidak ada nilai pembanding: Gagal konek ke SQL Server (Error): ('01000', "[01000] [unixODBC][Driver Manager]Can't open lib 'ODBC Driver 17 for SQL Server' : file not found (0) (SQLDriverConnect)")
[2026-10-07 15:53:13]     [2026-10-07 15:52:54]       Periksa SQLSERVER_HOST/DB/UID/PWD di .env, VPN/firewall ke server, dan apakah ODBC Driver 17 for SQL Server terinstal.
[2026-10-07 15:53:13]     [2026-10-07 15:52:54]     
[2026-10-07 15:53:13]     [2026-10-07 15:52:54]     10. FORMAT & PATTERN COMPLIANCE  —  0 lolos / 0 gagal / 1 dilewati
[2026-10-07 15:53:13]     [2026-10-07 15:52:54]     ------------------------------------------------------------------
[2026-10-07 15:53:13]     [2026-10-07 15:52:54]       [LEWAT] Kepatuhan format terhadap standar bisnis
[2026-10-07 15:53:13]     [2026-10-07 15:52:54]     VERDIKT: TIDAK LAYAK — ada kegagalan blocking
[2026-10-07 15:53:13]     [2026-10-07 15:52:54]     ====================================================================================================
[2026-10-07 15:53:13]     [2026-10-07 15:52:54]     
[2026-10-07 15:53:13]     [2026-10-07 15:52:54]     Laporan Markdown : /Users/Pooja/Downloads/Great Expectations bronze layer/reports/gold_master_awm_validation.md
[2026-10-07 15:53:13]     [2026-10-07 15:52:54]     Laporan JSON     : /Users/Pooja/Downloads/Great Expectations bronze layer/reports/gold_master_awm_validation.json
[2026-10-07 15:53:13]     [2026-10-07 15:52:54]   validate exit code = 1  durasi=26.1s
[2026-10-07 15:53:13]     [2026-10-07 15:52:54] END   validate          | dataset=gold_master_awm  exit=1  durasi=26.1s  status=GAGAL(1)
[2026-10-07 15:53:13]     [2026-10-07 15:52:54] DONE  gold_master_awm              | build=0  validate=1  status=GAGAL
[2026-10-07 15:53:13]     [2026-10-07 15:52:54] 
[2026-10-07 15:53:13]     [2026-10-07 15:52:54] ==============================================================================
[2026-10-07 15:53:13]     [2026-10-07 15:52:54] [4/7] DATASET: gold_master_block
[2026-10-07 15:53:13]     [2026-10-07 15:52:54] ==============================================================================
[2026-10-07 15:53:13]     [2026-10-07 15:52:54] SKIP  build_reference  | dataset=gold_master_block (--no-build)
[2026-10-07 15:53:13]     [2026-10-07 15:52:54] START validate         | dataset=gold_master_block
[2026-10-07 15:53:13]     [2026-10-07 15:52:54]   $ /opt/anaconda3/bin/python /Users/Pooja/Downloads/Great Expectations bronze layer/validate.py --config /Users/Pooja/Downloads/Great Expectations bronze layer/gold_data_validation.yml --source s3 --dataset gold_master_block --mode harian --no-data-docs --date 2026-10-06 --fallback-latest
[2026-10-07 15:53:13]     [2026-10-07 15:53:06]     Memuat [s3]: s3://kpn-gis-s3-bucket/datalake/gold/mgb/master_block/snapshot_date=2026-10-06/part-00000-f21950a1-94ea-46fa-8e38-7762802ad51e.c000.zstd.parquet
[2026-10-07 15:53:13]     [2026-10-07 15:53:06]     
[2026-10-07 15:53:13]     [2026-10-07 15:53:06]     ====================================================================================================
[2026-10-07 15:53:13]     [2026-10-07 15:53:06]     HASIL VALIDASI — GOLD_MASTER_BLOCK — 8 DIMENSI KUALITAS DATA
[2026-10-07 15:53:13]     [2026-10-07 15:53:06]     ====================================================================================================
[2026-10-07 15:53:13]     [2026-10-07 15:53:06]       Dataset   : gold_master_block  (Gold Master Block -- master data block mapping dari berbagai sumber (MGB2, COR, SAP, PLA). Snapshot harian dari T_Master_Block_All.)
[2026-10-07 15:53:13]     [2026-10-07 15:53:06]       [GAGAL] Tipe yop = integer (int64/int32/int16/int8)
[2026-10-07 15:53:13]     [2026-10-07 15:53:06]               observasi : float64
[2026-10-07 15:53:13]     [2026-10-07 15:53:06]       [ OK  ] Tipe progeny = string (object)
[2026-10-07 15:53:13]     [2026-10-07 15:53:06]       [ OK  ] Tipe owner_code = string (object)
[2026-10-07 15:53:13]     [2026-10-07 15:53:06]       [ OK  ] Tipe ownership = string (object)
[2026-10-07 15:53:13]     [2026-10-07 15:53:06]       [ OK  ] Tipe topografi = string (object)
[2026-10-07 15:53:13]     [2026-10-07 15:53:06]       [GAGAL] block_sap bukan string kosong / hanya spasi
[2026-10-07 15:53:13]     [2026-10-07 15:53:06]               observasi : 7576 baris, 244 menyimpang, 0 kosong
[2026-10-07 15:53:13]     [2026-10-07 15:53:06]               menyimpang: 244 baris (3.2207%)
[2026-10-07 15:53:13]     [2026-10-07 15:53:06]               contoh    : ['', '', '', '', '', '', '', '']
[2026-10-07 15:53:13]     [2026-10-07 15:53:06]       [ OK  ] zkprs bukan string kosong / hanya spasi
[2026-10-07 15:53:13]     [2026-10-07 15:53:06]       [ OK  ] koperasi_name bukan string kosong / hanya spasi
[2026-10-07 15:53:13]     [2026-10-07 15:53:06]       [GAGAL] progeny bukan string kosong / hanya spasi
[2026-10-07 15:53:13]     [2026-10-07 15:53:06]               observasi : 7576 baris, 361 menyimpang, 0 kosong
[2026-10-07 15:53:13]     [2026-10-07 15:53:06]               menyimpang: 361 baris (4.7650%)
[2026-10-07 15:53:13]     [2026-10-07 15:53:06]               contoh    : ['', '', '', '', '', '', '', '']
[2026-10-07 15:53:13]     [2026-10-07 15:53:06]       [ OK  ] owner_code bukan string kosong / hanya spasi
[2026-10-07 15:53:13]     [2026-10-07 15:53:06]       [ OK  ] ownership bukan string kosong / hanya spasi
[2026-10-07 15:53:13]     [2026-10-07 15:53:06]       [GAGAL] topografi bukan string kosong / hanya spasi
[2026-10-07 15:53:13]     [2026-10-07 15:53:06]               observasi : 7576 baris, 360 menyimpang, 0 kosong
[2026-10-07 15:53:13]     [2026-10-07 15:53:06]               menyimpang: 360 baris (4.7518%)
[2026-10-07 15:53:13]     [2026-10-07 15:53:06]               contoh    : ['', '', '', '', '', '', '', '']
[2026-10-07 15:53:13]     [2026-10-07 15:53:06]       [ OK  ] deskripsi_topografi bukan string kosong / hanya spasi
[2026-10-07 15:53:13]     [2026-10-07 15:53:06]       [GAGAL] soil bukan string kosong / hanya spasi
[2026-10-07 15:53:13]     [2026-10-07 15:53:06]               observasi : 7576 baris, 360 menyimpang, 0 kosong
[2026-10-07 15:53:13]     [2026-10-07 15:53:06]               menyimpang: 360 baris (4.7518%)
[2026-10-07 15:53:13]     [2026-10-07 15:53:06]               contoh    : ['', '', '', '', '', '', '', '']
[2026-10-07 15:53:13]     [2026-10-07 15:53:06]       [GAGAL] crop_type bukan string kosong / hanya spasi
[2026-10-07 15:53:13]     [2026-10-07 15:53:06]               observasi : 7576 baris, 360 menyimpang, 0 kosong
[2026-10-07 15:53:13]     [2026-10-07 15:53:06]               menyimpang: 360 baris (4.7518%)
[2026-10-07 15:53:13]     [2026-10-07 15:53:06]               contoh    : ['', '', '', '', '', '', '', '']
[2026-10-07 15:53:13]     [2026-10-07 15:53:06]       [ OK  ] survey_stage_desc bukan string kosong / hanya spasi
[2026-10-07 15:53:13]     [2026-10-07 15:53:06]       [ OK  ] survey_stage_desc_full bukan string kosong / hanya spasi
[2026-10-07 15:53:13]     [2026-10-07 15:53:06]       [GAGAL] fase_tanaman bukan string kosong / hanya spasi
[2026-10-07 15:53:13]     [2026-10-07 15:53:06]               observasi : 7576 baris, 363 menyimpang, 0 kosong
[2026-10-07 15:53:13]     [2026-10-07 15:53:06]               menyimpang: 363 baris (4.7914%)
[2026-10-07 15:53:13]     [2026-10-07 15:53:06]               contoh    : ['', '', '', '', '', '', '', '']
[2026-10-07 15:53:13]     [2026-10-07 15:53:06]       [ OK  ] update_name bukan string kosong / hanya spasi
[2026-10-07 15:53:13]     [2026-10-07 15:53:06]     
[2026-10-07 15:53:13]     [2026-10-07 15:53:06]       [GAGAL] block_sap cocok salah satu dari 2 pola yang dikenal
[2026-10-07 15:53:13]     [2026-10-07 15:53:06]               observasi : 7576 baris, 244 menyimpang, 0 kosong
[2026-10-07 15:53:13]     [2026-10-07 15:53:06]               menyimpang: 244 baris (3.2207%)
[2026-10-07 15:53:13]     [2026-10-07 15:53:06]               contoh    : ['', '', '', '', '', '', '', '']
[2026-10-07 15:53:13]     [2026-10-07 15:53:06]       [ OK  ] Panjang block_sap antara 0–3 karakter
[2026-10-07 15:53:13]     [2026-10-07 15:53:06]       [ OK  ] zkprs cocok pola yang dikenal
[2026-10-07 15:53:13]     [2026-10-07 15:53:06]       [GAGAL] progeny cocok salah satu dari 4 pola yang dikenal
[2026-10-07 15:53:13]     [2026-10-07 15:53:06]               observasi : 7576 baris, 361 menyimpang, 0 kosong
[2026-10-07 15:53:13]     [2026-10-07 15:53:06]               menyimpang: 361 baris (4.7650%)
[2026-10-07 15:53:13]     [2026-10-07 15:53:06]               contoh    : ['', '', '', '', '', '', '', '']
[2026-10-07 15:53:13]     [2026-10-07 15:53:06]       [ OK  ] Panjang progeny antara 0–13 karakter
[2026-10-07 15:53:13]     [2026-10-07 15:53:06]       [ OK  ] owner_code cocok pola yang dikenal
[2026-10-07 15:53:13]     [2026-10-07 15:53:06]       [GAGAL] topografi cocok pola yang dikenal
[2026-10-07 15:53:13]     [2026-10-07 15:53:06]               observasi : 7576 baris, 360 menyimpang, 0 kosong
[2026-10-07 15:53:13]     [2026-10-07 15:53:06]               menyimpang: 360 baris (4.7518%)
[2026-10-07 15:53:13]     [2026-10-07 15:53:06]               contoh    : ['', '', '', '', '', '', '', '']
[2026-10-07 15:53:13]     [2026-10-07 15:53:06]       [ OK  ] Panjang topografi antara 0–3 karakter
[2026-10-07 15:53:13]     [2026-10-07 15:53:06]       [ OK  ] deskripsi_topografi cocok salah satu dari 2 pola yang dikenal
[2026-10-07 15:53:13]     [2026-10-07 15:53:06]       [GAGAL] soil cocok pola yang dikenal
[2026-10-07 15:53:13]     [2026-10-07 15:53:06]               observasi : 7576 baris, 360 menyimpang, 0 kosong
[2026-10-07 15:53:13]     [2026-10-07 15:53:06]               menyimpang: 360 baris (4.7518%)
[2026-10-07 15:53:13]     [2026-10-07 15:53:06]               contoh    : ['', '', '', '', '', '', '', '']
[2026-10-07 15:53:13]     [2026-10-07 15:53:06]       [ OK  ] Panjang soil antara 0–7 karakter
[2026-10-07 15:53:13]     [2026-10-07 15:53:06]       [GAGAL] crop_type cocok pola yang dikenal
[2026-10-07 15:53:13]     [2026-10-07 15:53:06]               observasi : 7576 baris, 360 menyimpang, 0 kosong
[2026-10-07 15:53:13]     [2026-10-07 15:53:06]               menyimpang: 360 baris (4.7518%)
[2026-10-07 15:53:13]     [2026-10-07 15:53:06]               contoh    : ['', '', '', '', '', '', '', '']
[2026-10-07 15:53:13]     [2026-10-07 15:53:06]       [ OK  ] Panjang crop_type antara 0–4 karakter
[2026-10-07 15:53:13]     [2026-10-07 15:53:06]       [ OK  ] survey_stage_desc cocok salah satu dari 2 pola yang dikenal
[2026-10-07 15:53:13]     [2026-10-07 15:53:06]       [GAGAL] fase_tanaman cocok pola yang dikenal
[2026-10-07 15:53:13]     [2026-10-07 15:53:06]               observasi : 7576 baris, 363 menyimpang, 0 kosong
[2026-10-07 15:53:13]     [2026-10-07 15:53:06]               menyimpang: 363 baris (4.7914%)
[2026-10-07 15:53:13]     [2026-10-07 15:53:06]               contoh    : ['', '', '', '', '', '', '', '']
[2026-10-07 15:53:13]     [2026-10-07 15:53:06]       [ OK  ] Panjang fase_tanaman antara 0–3 karakter
[2026-10-07 15:53:13]     [2026-10-07 15:53:06]       [ OK  ] update_name cocok salah satu dari 3 pola yang dikenal
[2026-10-07 15:53:13]     [2026-10-07 15:53:06]       [GAGAL] block_sap bebas dari string kosong atau hanya spasi (missing tersembunyi)
[2026-10-07 15:53:13]     [2026-10-07 15:53:06]               observasi : 7576 baris, 244 menyimpang, 0 kosong
[2026-10-07 15:53:13]     [2026-10-07 15:53:06]               menyimpang: 244 baris (3.2207%)
[2026-10-07 15:53:13]     [2026-10-07 15:53:06]               contoh    : ['', '', '', '', '', '', '', '']
[2026-10-07 15:53:13]     [2026-10-07 15:53:06]       [ OK  ] block_sap bebas dari karakter kontrol / non-printable
[2026-10-07 15:53:13]     [2026-10-07 15:53:06]       [ OK  ] block_sap bebas dari penggalan HTML/markup (indikasi kebocoran encoding)
[2026-10-07 15:53:13]     [2026-10-07 15:53:06]       [GAGAL] progeny bebas dari string kosong atau hanya spasi (missing tersembunyi)
[2026-10-07 15:53:13]     [2026-10-07 15:53:06]               observasi : 7576 baris, 361 menyimpang, 0 kosong
[2026-10-07 15:53:13]     [2026-10-07 15:53:06]               menyimpang: 361 baris (4.7650%)
[2026-10-07 15:53:13]     [2026-10-07 15:53:06]               contoh    : ['', '', '', '', '', '', '', '']
[2026-10-07 15:53:13]     [2026-10-07 15:53:06]       [ OK  ] progeny bebas dari karakter kontrol / non-printable
[2026-10-07 15:53:13]     [2026-10-07 15:53:06]       [ OK  ] progeny bebas dari penggalan HTML/markup (indikasi kebocoran encoding)
[2026-10-07 15:53:13]     [2026-10-07 15:53:06]       [GAGAL] topografi bebas dari string kosong atau hanya spasi (missing tersembunyi)
[2026-10-07 15:53:13]     [2026-10-07 15:53:06]               observasi : 7576 baris, 360 menyimpang, 0 kosong
[2026-10-07 15:53:13]     [2026-10-07 15:53:06]               menyimpang: 360 baris (4.7518%)
[2026-10-07 15:53:13]     [2026-10-07 15:53:06]               contoh    : ['', '', '', '', '', '', '', '']
[2026-10-07 15:53:13]     [2026-10-07 15:53:06]       [ OK  ] topografi bebas dari karakter kontrol / non-printable
[2026-10-07 15:53:13]     [2026-10-07 15:53:06]       [ OK  ] topografi bebas dari penggalan HTML/markup (indikasi kebocoran encoding)
[2026-10-07 15:53:13]     [2026-10-07 15:53:06]       [GAGAL] soil bebas dari string kosong atau hanya spasi (missing tersembunyi)
[2026-10-07 15:53:13]     [2026-10-07 15:53:06]               observasi : 7576 baris, 360 menyimpang, 0 kosong
[2026-10-07 15:53:13]     [2026-10-07 15:53:06]               menyimpang: 360 baris (4.7518%)
[2026-10-07 15:53:13]     [2026-10-07 15:53:06]               contoh    : ['', '', '', '', '', '', '', '']
[2026-10-07 15:53:13]     [2026-10-07 15:53:06]       [ OK  ] soil bebas dari karakter kontrol / non-printable
[2026-10-07 15:53:13]     [2026-10-07 15:53:06]       [ OK  ] soil bebas dari penggalan HTML/markup (indikasi kebocoran encoding)
[2026-10-07 15:53:13]     [2026-10-07 15:53:06]       [GAGAL] crop_type bebas dari string kosong atau hanya spasi (missing tersembunyi)
[2026-10-07 15:53:13]     [2026-10-07 15:53:06]               observasi : 7576 baris, 360 menyimpang, 0 kosong
[2026-10-07 15:53:13]     [2026-10-07 15:53:06]               menyimpang: 360 baris (4.7518%)
[2026-10-07 15:53:13]     [2026-10-07 15:53:06]               contoh    : ['', '', '', '', '', '', '', '']
[2026-10-07 15:53:13]     [2026-10-07 15:53:06]       [ OK  ] crop_type bebas dari karakter kontrol / non-printable
[2026-10-07 15:53:13]     [2026-10-07 15:53:06]       [ OK  ] crop_type bebas dari penggalan HTML/markup (indikasi kebocoran encoding)
[2026-10-07 15:53:13]     [2026-10-07 15:53:06]       [GAGAL] fase_tanaman bebas dari string kosong atau hanya spasi (missing tersembunyi)
[2026-10-07 15:53:13]     [2026-10-07 15:53:06]               observasi : 7576 baris, 363 menyimpang, 0 kosong
[2026-10-07 15:53:13]     [2026-10-07 15:53:06]               menyimpang: 363 baris (4.7914%)
[2026-10-07 15:53:13]     [2026-10-07 15:53:06]               contoh    : ['', '', '', '', '', '', '', '']
[2026-10-07 15:53:13]     [2026-10-07 15:53:06]       [ OK  ] fase_tanaman bebas dari karakter kontrol / non-printable
[2026-10-07 15:53:13]     [2026-10-07 15:53:06]       [ OK  ] fase_tanaman bebas dari penggalan HTML/markup (indikasi kebocoran encoding)
[2026-10-07 15:53:13]     [2026-10-07 15:53:06]               alasan    : Query ke SQL Server gagal, jadi tidak ada nilai pembanding: Gagal konek ke SQL Server (Error): ('01000', "[01000] [unixODBC][Driver Manager]Can't open lib 'ODBC Driver 17 for SQL Server' : file not found (0) (SQLDriverConnect)")
[2026-10-07 15:53:13]     [2026-10-07 15:53:06]       Periksa SQLSERVER_HOST/DB/UID/PWD di .env, VPN/firewall ke server, dan apakah ODBC Driver 17 for SQL Server terinstal.
[2026-10-07 15:53:13]     [2026-10-07 15:53:06]     
[2026-10-07 15:53:13]     [2026-10-07 15:53:06]     10. FORMAT & PATTERN COMPLIANCE  —  0 lolos / 0 gagal / 1 dilewati
[2026-10-07 15:53:13]     [2026-10-07 15:53:06]     ------------------------------------------------------------------
[2026-10-07 15:53:13]     [2026-10-07 15:53:06]       [LEWAT] Kepatuhan format terhadap standar bisnis
[2026-10-07 15:53:13]     [2026-10-07 15:53:06]     VERDIKT: TIDAK LAYAK — ada kegagalan blocking
[2026-10-07 15:53:13]     [2026-10-07 15:53:06]     ====================================================================================================
[2026-10-07 15:53:13]     [2026-10-07 15:53:06]     
[2026-10-07 15:53:13]     [2026-10-07 15:53:06]     Laporan Markdown : /Users/Pooja/Downloads/Great Expectations bronze layer/reports/gold_master_block_validation.md
[2026-10-07 15:53:13]     [2026-10-07 15:53:06]     Laporan JSON     : /Users/Pooja/Downloads/Great Expectations bronze layer/reports/gold_master_block_validation.json
[2026-10-07 15:53:13]     [2026-10-07 15:53:06]   validate exit code = 1  durasi=11.1s
[2026-10-07 15:53:13]     [2026-10-07 15:53:06] END   validate          | dataset=gold_master_block  exit=1  durasi=11.1s  status=GAGAL(1)
[2026-10-07 15:53:13]     [2026-10-07 15:53:06] DONE  gold_master_block            | build=0  validate=1  status=GAGAL
[2026-10-07 15:53:13]     [2026-10-07 15:53:06] 
[2026-10-07 15:53:13]     [2026-10-07 15:53:06] ==============================================================================
[2026-10-07 15:53:13]     [2026-10-07 15:53:06] [5/7] DATASET: gold_master_estate
[2026-10-07 15:53:13]     [2026-10-07 15:53:06] ==============================================================================
[2026-10-07 15:53:13]     [2026-10-07 15:53:06] SKIP  build_reference  | dataset=gold_master_estate (--no-build)
[2026-10-07 15:53:13]     [2026-10-07 15:53:06] START validate         | dataset=gold_master_estate
[2026-10-07 15:53:13]     [2026-10-07 15:53:06]   $ /opt/anaconda3/bin/python /Users/Pooja/Downloads/Great Expectations bronze layer/validate.py --config /Users/Pooja/Downloads/Great Expectations bronze layer/gold_data_validation.yml --source s3 --dataset gold_master_estate --mode harian --no-data-docs --date 2026-10-06 --fallback-latest
[2026-10-07 15:53:13]     [2026-10-07 15:53:08]     Memuat [s3]: s3://kpn-gis-s3-bucket/datalake/gold/cor/master_estate/snapshot_date=2026-10-06/part-00000-0464459c-4a6f-4472-b20f-cba0f35c630c.c000.zstd.parquet
[2026-10-07 15:53:13]     [2026-10-07 15:53:08]     
[2026-10-07 15:53:13]     [2026-10-07 15:53:08]     ====================================================================================================
[2026-10-07 15:53:13]     [2026-10-07 15:53:08]     HASIL VALIDASI — GOLD_MASTER_ESTATE — 8 DIMENSI KUALITAS DATA
[2026-10-07 15:53:13]     [2026-10-07 15:53:08]     ====================================================================================================
[2026-10-07 15:53:13]     [2026-10-07 15:53:08]       Dataset   : gold_master_estate  (Gold Master Estate - Data master kebun/estate dari sumber enterprise)
[2026-10-07 15:53:13]     [2026-10-07 15:53:08]       [GAGAL] Jumlah kolom tepat 25
[2026-10-07 15:53:13]     [2026-10-07 15:53:08]               observasi : 24
[2026-10-07 15:53:13]     [2026-10-07 15:53:08]       [GAGAL] Tidak ada kolom hilang maupun kolom tak terduga (schema evolution)
[2026-10-07 15:53:13]     [2026-10-07 15:53:08]               observasi : ['company_code', 'est_code', 'est_code_sap', 'est_new_code', 'group_company_name', 'grouping', 'has_sap_code', 'is_ars_monitored', 'is_awl_monitored', 'is_klhk_monitored', 'is_manual_ombro_monitored', 'is_manual_wl_tmas_monitored', 'is_manual_wl_tmat_monitored', 'is_ombrometer_available', 'loaded_at', 'new_est_name', 'plantation', 'region_group', 'region_id', 'source_id', 'x_max', 'x_min', 'y_max', 'y_min']
[2026-10-07 15:53:13]     [2026-10-07 15:53:08]       [ OK  ] Tipe source_id = integer (int64/int32/int16/int8)
[2026-10-07 15:53:13]     [2026-10-07 15:53:08]       [ OK  ] Tipe plantation = string (object)
[2026-10-07 15:53:13]     [2026-10-07 15:53:08]       [ OK  ] Tipe grouping = string (object)
[2026-10-07 15:53:13]     [2026-10-07 15:53:08]       [ OK  ] Tipe group_company_name = string (object)
[2026-10-07 15:53:13]     [2026-10-07 15:53:08]       [GAGAL] Tipe region_id = integer (int64/int32/int16/int8)
[2026-10-07 15:53:13]     [2026-10-07 15:53:08]               observasi : float64
[2026-10-07 15:53:13]     [2026-10-07 15:53:08]       [ OK  ] Tipe region_group = string (object)
[2026-10-07 15:53:13]     [2026-10-07 15:53:08]       [ OK  ] Tipe has_sap_code = boolean (bool)
[2026-10-07 15:53:13]     [2026-10-07 15:53:08]       [ OK  ] Tipe x_min = decimal (object)
[2026-10-07 15:53:13]     [2026-10-07 15:53:08]       [ OK  ] Tipe y_min = decimal (object)
[2026-10-07 15:53:13]     [2026-10-07 15:53:08]       [GAGAL] Tipe snapshot_date = datetime (datetime64[us]/datetime64[ns]/datetime64[ms]/datetime64[s]/date)
[2026-10-07 15:53:13]     [2026-10-07 15:53:08]               observasi : None
[2026-10-07 15:53:13]     [2026-10-07 15:53:08]     
[2026-10-07 15:53:13]     [2026-10-07 15:53:08]     2. VOLUME  —  2 lolos / 0 gagal
[2026-10-07 15:53:13]     [2026-10-07 15:53:08]     -------------------------------
[2026-10-07 15:53:13]     [2026-10-07 15:53:08]       [ OK  ] Tabel tidak kosong
[2026-10-07 15:53:13]     [2026-10-07 15:53:08]       [GAGAL] Semua snapshot_date di dalam window partisi [2026-10-06 00:00 .. 2026-10-06 23:59]
[2026-10-07 15:53:13]     [2026-10-07 15:53:08]               observasi : None
[2026-10-07 15:53:13]     [2026-10-07 15:53:08]       [ WARN] snapshot_date terbaru menyentuh akhir window partisi
[2026-10-07 15:53:13]     [2026-10-07 15:53:08]               observasi : None
[2026-10-07 15:53:13]     [2026-10-07 15:53:08]       [GAGAL] snapshot_date tidak berada di masa depan
[2026-10-07 15:53:13]     [2026-10-07 15:53:08]               observasi : None
[2026-10-07 15:53:13]     [2026-10-07 15:53:08]     
[2026-10-07 15:53:13]     [2026-10-07 15:53:08]     4. MISSINGNESS  —  33 lolos / 1 gagal
[2026-10-07 15:53:13]     [2026-10-07 15:53:08]     -------------------------------------
[2026-10-07 15:53:13]     [2026-10-07 15:53:08]       [ OK  ] source_id tidak boleh null
[2026-10-07 15:53:13]     [2026-10-07 15:53:08]       [GAGAL] snapshot_date tidak boleh null
[2026-10-07 15:53:13]     [2026-10-07 15:53:08]               observasi : None
[2026-10-07 15:53:13]     [2026-10-07 15:53:08]       [ OK  ] plantation bukan string kosong / hanya spasi
[2026-10-07 15:53:13]     [2026-10-07 15:53:08]       [ OK  ] grouping bukan string kosong / hanya spasi
[2026-10-07 15:53:13]     [2026-10-07 15:53:08]       [ OK  ] group_company_name bukan string kosong / hanya spasi
[2026-10-07 15:53:13]     [2026-10-07 15:53:08]       [ OK  ] company_code bukan string kosong / hanya spasi
[2026-10-07 15:53:13]     [2026-10-07 15:53:08]       [GAGAL] Bentuk kuantil (p50/p75/p95/p99) sesuai profil historis
[2026-10-07 15:53:13]     [2026-10-07 15:53:08]               observasi : {'quantiles': [0.5, 0.75, 0.95, 0.99], 'values': [-15227.8203000017, 6285.79989999905, 162877.8728, 210854.079599999]}
[2026-10-07 15:53:13]     [2026-10-07 15:53:08]       [ OK  ] KL divergence y_min terhadap baseline < 1
[2026-10-07 15:53:13]     [2026-10-07 15:53:08]       [ OK  ] Outlier ekstrem y_min: |z-score| < 20
[2026-10-07 15:53:13]     [2026-10-07 15:53:08]       [ OK  ] Rata-rata x_max dalam koridor [1.21614e+07, 2.43228e+07]
[2026-10-07 15:53:13]     [2026-10-07 15:53:08]       [ OK  ] Simpangan baku x_max <= 2.28191e+06
[2026-10-07 15:53:13]     [2026-10-07 15:53:08]       [GAGAL] Bentuk kuantil (p50/p75/p95/p99) sesuai profil historis
[2026-10-07 15:53:13]     [2026-10-07 15:53:08]               observasi : {'quantiles': [0.5, 0.75, 0.95, 0.99], 'values': [9973.74100000039, 38423.8024999984, 172864.339400001, 225195.4899]}
[2026-10-07 15:53:13]     [2026-10-07 15:53:08]       [ OK  ] KL divergence y_max terhadap baseline < 1
[2026-10-07 15:53:13]     [2026-10-07 15:53:08]       [ OK  ] Outlier ekstrem y_max: |z-score| < 20
[2026-10-07 15:53:13]     [2026-10-07 15:53:08]     
[2026-10-07 15:53:13]     [2026-10-07 15:53:08]     8. DATA CLEANLINESS & ENCODING  —  67 lolos / 0 gagal
[2026-10-07 15:53:13]     [2026-10-07 15:53:08]               alasan    : Query ke SQL Server gagal, jadi tidak ada nilai pembanding: Gagal konek ke SQL Server (Error): ('01000', "[01000] [unixODBC][Driver Manager]Can't open lib 'ODBC Driver 17 for SQL Server' : file not found (0) (SQLDriverConnect)")
[2026-10-07 15:53:13]     [2026-10-07 15:53:08]       Periksa SQLSERVER_HOST/DB/UID/PWD di .env, VPN/firewall ke server, dan apakah ODBC Driver 17 for SQL Server terinstal.
[2026-10-07 15:53:13]     [2026-10-07 15:53:08]     
[2026-10-07 15:53:13]     [2026-10-07 15:53:08]     10. FORMAT & PATTERN COMPLIANCE  —  0 lolos / 0 gagal / 1 dilewati
[2026-10-07 15:53:13]     [2026-10-07 15:53:08]     ------------------------------------------------------------------
[2026-10-07 15:53:13]     [2026-10-07 15:53:08]       [LEWAT] Kepatuhan format terhadap standar bisnis
[2026-10-07 15:53:13]     [2026-10-07 15:53:08]     VERDIKT: TIDAK LAYAK — ada kegagalan blocking
[2026-10-07 15:53:13]     [2026-10-07 15:53:08]     ====================================================================================================
[2026-10-07 15:53:13]     [2026-10-07 15:53:08]     
[2026-10-07 15:53:13]     [2026-10-07 15:53:08]     Laporan Markdown : /Users/Pooja/Downloads/Great Expectations bronze layer/reports/gold_master_estate_validation.md
[2026-10-07 15:53:13]     [2026-10-07 15:53:08]     Laporan JSON     : /Users/Pooja/Downloads/Great Expectations bronze layer/reports/gold_master_estate_validation.json
[2026-10-07 15:53:13]     [2026-10-07 15:53:08]   validate exit code = 1  durasi=2.9s
[2026-10-07 15:53:13]     [2026-10-07 15:53:08] END   validate          | dataset=gold_master_estate  exit=1  durasi=2.9s  status=GAGAL(1)
[2026-10-07 15:53:13]     [2026-10-07 15:53:08] DONE  gold_master_estate           | build=0  validate=1  status=GAGAL
[2026-10-07 15:53:13]     [2026-10-07 15:53:08] 
[2026-10-07 15:53:13]     [2026-10-07 15:53:08] ==============================================================================
[2026-10-07 15:53:13]     [2026-10-07 15:53:08] [6/7] DATASET: gold_master_ombrometer
[2026-10-07 15:53:13]     [2026-10-07 15:53:08] ==============================================================================
[2026-10-07 15:53:13]     [2026-10-07 15:53:08] SKIP  build_reference  | dataset=gold_master_ombrometer (--no-build)
[2026-10-07 15:53:13]     [2026-10-07 15:53:08] START validate         | dataset=gold_master_ombrometer
[2026-10-07 15:53:13]     [2026-10-07 15:53:08]   $ /opt/anaconda3/bin/python /Users/Pooja/Downloads/Great Expectations bronze layer/validate.py --config /Users/Pooja/Downloads/Great Expectations bronze layer/gold_data_validation.yml --source s3 --dataset gold_master_ombrometer --mode harian --no-data-docs --date 2026-10-06 --fallback-latest
[2026-10-07 15:53:13]     [2026-10-07 15:53:11]     Memuat [s3]: s3://kpn-gis-s3-bucket/datalake/gold/cor/master_ombrometer/snapshot_date=2026-10-06/part-00000-5a4502a7-61ec-4495-9330-b8859063b7c6.c000.zstd.parquet
[2026-10-07 15:53:13]     [2026-10-07 15:53:11]     
[2026-10-07 15:53:13]     [2026-10-07 15:53:11]     ====================================================================================================
[2026-10-07 15:53:13]     [2026-10-07 15:53:11]     HASIL VALIDASI — GOLD_MASTER_OMBROMETER — 8 DIMENSI KUALITAS DATA
[2026-10-07 15:53:13]     [2026-10-07 15:53:11]     ====================================================================================================
[2026-10-07 15:53:13]     [2026-10-07 15:53:11]       Dataset   : gold_master_ombrometer  (Gold Master Ombrometer - Data master stasiun ombrometer/curh hujan dari berbagai sumber (RIF, SAP, API). Snapshot harian dari T_Master_Ombrometer_All.)
[2026-10-07 15:53:13]     [2026-10-07 15:53:11]       [GAGAL] Jumlah kolom tepat 18
[2026-10-07 15:53:13]     [2026-10-07 15:53:11]               observasi : 17
[2026-10-07 15:53:13]     [2026-10-07 15:53:11]       [GAGAL] Tidak ada kolom hilang maupun kolom tak terduga (schema evolution)
[2026-10-07 15:53:13]     [2026-10-07 15:53:11]               observasi : ['company_code', 'create_by', 'create_date', 'created_name', 'end_date', 'est_code', 'est_code_sap', 'est_new_code', 'grouping', 'loaded_at', 'location', 'plantation', 'start_date', 'station_id', 'station_id_sap', 'station_sap', 'status']
[2026-10-07 15:53:13]     [2026-10-07 15:53:11]       [ OK  ] Tipe station_id = string (object)
[2026-10-07 15:53:13]     [2026-10-07 15:53:11]       [ OK  ] Tipe station_id_sap = string (object)
[2026-10-07 15:53:13]     [2026-10-07 15:53:11]       [ OK  ] Tipe station_sap = string (object)
[2026-10-07 15:53:13]     [2026-10-07 15:53:11]       [ OK  ] Tipe start_date = datetime (datetime64[us]/datetime64[ns]/datetime64[ms]/datetime64[s]/date)
[2026-10-07 15:53:13]     [2026-10-07 15:53:11]       [GAGAL] Tipe snapshot_date = datetime (datetime64[us]/datetime64[ns]/datetime64[ms]/datetime64[s]/date)
[2026-10-07 15:53:13]     [2026-10-07 15:53:11]               observasi : None
[2026-10-07 15:53:13]     [2026-10-07 15:53:11]     
[2026-10-07 15:53:13]     [2026-10-07 15:53:11]     2. VOLUME  —  2 lolos / 0 gagal
[2026-10-07 15:53:13]     [2026-10-07 15:53:11]     -------------------------------
[2026-10-07 15:53:13]     [2026-10-07 15:53:11]       [ OK  ] Tabel tidak kosong
[2026-10-07 15:53:13]     [2026-10-07 15:53:11]       [GAGAL] plantation bukan string kosong / hanya spasi
[2026-10-07 15:53:13]     [2026-10-07 15:53:11]               observasi : 61 baris, 1 menyimpang, 0 kosong
[2026-10-07 15:53:13]     [2026-10-07 15:53:11]               menyimpang: 1 baris (1.6393%)
[2026-10-07 15:53:13]     [2026-10-07 15:53:11]               contoh    : ['']
[2026-10-07 15:53:13]     [2026-10-07 15:53:11]       [GAGAL] grouping bukan string kosong / hanya spasi
[2026-10-07 15:53:13]     [2026-10-07 15:53:11]               observasi : 61 baris, 1 menyimpang, 0 kosong
[2026-10-07 15:53:13]     [2026-10-07 15:53:11]               menyimpang: 1 baris (1.6393%)
[2026-10-07 15:53:13]     [2026-10-07 15:53:11]               contoh    : ['']
[2026-10-07 15:53:13]     [2026-10-07 15:53:11]       [GAGAL] company_code bukan string kosong / hanya spasi
[2026-10-07 15:53:13]     [2026-10-07 15:53:11]               observasi : 61 baris, 1 menyimpang, 0 kosong
[2026-10-07 15:53:13]     [2026-10-07 15:53:11]               menyimpang: 1 baris (1.6393%)
[2026-10-07 15:53:13]     [2026-10-07 15:53:11]               contoh    : ['']
[2026-10-07 15:53:13]     [2026-10-07 15:53:11]       [ OK  ] est_code bukan string kosong / hanya spasi
[2026-10-07 15:53:13]     [2026-10-07 15:53:11]       [ OK  ] est_new_code bukan string kosong / hanya spasi
[2026-10-07 15:53:13]     [2026-10-07 15:53:11]       [GAGAL] plantation cocok pola yang dikenal
[2026-10-07 15:53:13]     [2026-10-07 15:53:11]               observasi : 61 baris, 1 menyimpang, 0 kosong
[2026-10-07 15:53:13]     [2026-10-07 15:53:11]               menyimpang: 1 baris (1.6393%)
[2026-10-07 15:53:13]     [2026-10-07 15:53:11]               contoh    : ['']
[2026-10-07 15:53:13]     [2026-10-07 15:53:11]       [ OK  ] Panjang plantation antara 0–8 karakter
[2026-10-07 15:53:13]     [2026-10-07 15:53:11]       [GAGAL] grouping cocok salah satu dari 5 pola yang dikenal
[2026-10-07 15:53:13]     [2026-10-07 15:53:11]               observasi : 61 baris, 1 menyimpang, 0 kosong
[2026-10-07 15:53:13]     [2026-10-07 15:53:11]               menyimpang: 1 baris (1.6393%)
[2026-10-07 15:53:13]     [2026-10-07 15:53:11]               contoh    : ['']
[2026-10-07 15:53:13]     [2026-10-07 15:53:11]       [ OK  ] Panjang grouping antara 0–17 karakter
[2026-10-07 15:53:13]     [2026-10-07 15:53:11]       [GAGAL] company_code cocok pola yang dikenal
[2026-10-07 15:53:13]     [2026-10-07 15:53:11]               observasi : 61 baris, 1 menyimpang, 0 kosong
[2026-10-07 15:53:13]     [2026-10-07 15:53:11]               menyimpang: 1 baris (1.6393%)
[2026-10-07 15:53:13]     [2026-10-07 15:53:11]               contoh    : ['']
[2026-10-07 15:53:13]     [2026-10-07 15:53:11]       [ OK  ] Panjang company_code antara 0–8 karakter
[2026-10-07 15:53:13]     [2026-10-07 15:53:11]       [ OK  ] est_code cocok salah satu dari 2 pola yang dikenal
[2026-10-07 15:53:13]     [2026-10-07 15:53:11]       [GAGAL] plantation bebas dari string kosong atau hanya spasi (missing tersembunyi)
[2026-10-07 15:53:13]     [2026-10-07 15:53:11]               observasi : 61 baris, 1 menyimpang, 0 kosong
[2026-10-07 15:53:13]     [2026-10-07 15:53:11]               menyimpang: 1 baris (1.6393%)
[2026-10-07 15:53:13]     [2026-10-07 15:53:11]               contoh    : ['']
[2026-10-07 15:53:13]     [2026-10-07 15:53:11]       [ OK  ] plantation bebas dari karakter kontrol / non-printable
[2026-10-07 15:53:13]     [2026-10-07 15:53:11]       [ OK  ] plantation bebas dari penggalan HTML/markup (indikasi kebocoran encoding)
[2026-10-07 15:53:13]     [2026-10-07 15:53:11]       [GAGAL] grouping bebas dari string kosong atau hanya spasi (missing tersembunyi)
[2026-10-07 15:53:13]     [2026-10-07 15:53:11]               observasi : 61 baris, 1 menyimpang, 0 kosong
[2026-10-07 15:53:13]     [2026-10-07 15:53:11]               menyimpang: 1 baris (1.6393%)
[2026-10-07 15:53:13]     [2026-10-07 15:53:11]               contoh    : ['']
[2026-10-07 15:53:13]     [2026-10-07 15:53:11]       [ OK  ] grouping bebas dari karakter kontrol / non-printable
[2026-10-07 15:53:13]     [2026-10-07 15:53:11]       [ OK  ] grouping bebas dari penggalan HTML/markup (indikasi kebocoran encoding)
[2026-10-07 15:53:13]     [2026-10-07 15:53:11]       [GAGAL] company_code bebas dari string kosong atau hanya spasi (missing tersembunyi)
[2026-10-07 15:53:13]     [2026-10-07 15:53:11]               observasi : 61 baris, 1 menyimpang, 0 kosong
[2026-10-07 15:53:13]     [2026-10-07 15:53:11]               menyimpang: 1 baris (1.6393%)
[2026-10-07 15:53:13]     [2026-10-07 15:53:11]               contoh    : ['']
[2026-10-07 15:53:13]     [2026-10-07 15:53:11]       [ OK  ] company_code bebas dari karakter kontrol / non-printable
[2026-10-07 15:53:13]     [2026-10-07 15:53:11]       [ OK  ] company_code bebas dari penggalan HTML/markup (indikasi kebocoran encoding)
[2026-10-07 15:53:13]     [2026-10-07 15:53:11]       [GAGAL] company_code hanya berisi karakter ASCII yang dapat dicetak
[2026-10-07 15:53:13]     [2026-10-07 15:53:11]               observasi : 61 baris, 1 menyimpang, 0 kosong
[2026-10-07 15:53:13]     [2026-10-07 15:53:11]               menyimpang: 1 baris (1.6393%)
[2026-10-07 15:53:13]     [2026-10-07 15:53:11]               contoh    : ['']
[2026-10-07 15:53:13]     [2026-10-07 15:53:11]       [ OK  ] est_code hanya berisi karakter ASCII yang dapat dicetak
[2026-10-07 15:53:13]     [2026-10-07 15:53:11]       [ OK  ] est_new_code hanya berisi karakter ASCII yang dapat dicetak
[2026-10-07 15:53:13]     [2026-10-07 15:53:11]               alasan    : Query ke SQL Server gagal, jadi tidak ada nilai pembanding: Gagal konek ke SQL Server (Error): ('01000', "[01000] [unixODBC][Driver Manager]Can't open lib 'ODBC Driver 17 for SQL Server' : file not found (0) (SQLDriverConnect)")
[2026-10-07 15:53:13]     [2026-10-07 15:53:11]       Periksa SQLSERVER_HOST/DB/UID/PWD di .env, VPN/firewall ke server, dan apakah ODBC Driver 17 for SQL Server terinstal.
[2026-10-07 15:53:13]     [2026-10-07 15:53:11]     
[2026-10-07 15:53:13]     [2026-10-07 15:53:11]     10. FORMAT & PATTERN COMPLIANCE  —  0 lolos / 0 gagal / 1 dilewati
[2026-10-07 15:53:13]     [2026-10-07 15:53:11]     ------------------------------------------------------------------
[2026-10-07 15:53:13]     [2026-10-07 15:53:11]       [LEWAT] Kepatuhan format terhadap standar bisnis
[2026-10-07 15:53:13]     [2026-10-07 15:53:11]     VERDIKT: TIDAK LAYAK — ada kegagalan blocking
[2026-10-07 15:53:13]     [2026-10-07 15:53:11]     ====================================================================================================
[2026-10-07 15:53:13]     [2026-10-07 15:53:11]     
[2026-10-07 15:53:13]     [2026-10-07 15:53:11]     Laporan Markdown : /Users/Pooja/Downloads/Great Expectations bronze layer/reports/gold_master_ombrometer_validation.md
[2026-10-07 15:53:13]     [2026-10-07 15:53:11]     Laporan JSON     : /Users/Pooja/Downloads/Great Expectations bronze layer/reports/gold_master_ombrometer_validation.json
[2026-10-07 15:53:13]     [2026-10-07 15:53:11]   validate exit code = 1  durasi=2.6s
[2026-10-07 15:53:13]     [2026-10-07 15:53:11] END   validate          | dataset=gold_master_ombrometer  exit=1  durasi=2.6s  status=GAGAL(1)
[2026-10-07 15:53:13]     [2026-10-07 15:53:11] DONE  gold_master_ombrometer       | build=0  validate=1  status=GAGAL
[2026-10-07 15:53:13]     [2026-10-07 15:53:11] 
[2026-10-07 15:53:13]     [2026-10-07 15:53:11] ==============================================================================
[2026-10-07 15:53:13]     [2026-10-07 15:53:11] [7/7] DATASET: gold_data_tmat
[2026-10-07 15:53:13]     [2026-10-07 15:53:11] ==============================================================================
[2026-10-07 15:53:13]     [2026-10-07 15:53:11] SKIP  build_reference  | dataset=gold_data_tmat (--no-build)
[2026-10-07 15:53:13]     [2026-10-07 15:53:11] START validate         | dataset=gold_data_tmat
[2026-10-07 15:53:13]     [2026-10-07 15:53:11]   $ /opt/anaconda3/bin/python /Users/Pooja/Downloads/Great Expectations bronze layer/validate.py --config /Users/Pooja/Downloads/Great Expectations bronze layer/gold_data_validation.yml --source s3 --dataset gold_data_tmat --mode harian --no-data-docs --date 2026-10-06 --fallback-latest
[2026-10-07 15:53:13]     [2026-10-07 15:53:13]     GAGAL membaca sumber dataset 'gold_data_tmat':
[2026-10-07 15:53:13]     [2026-10-07 15:53:13]       Partisi weekly untuk 2026-10-06 tidak ditemukan. Tidak melakukan fallback ke partisi global terbaru.
[2026-10-07 15:53:13]     [2026-10-07 15:53:13]   validate exit code = 1  durasi=1.9s
[2026-10-07 15:53:13]     [2026-10-07 15:53:13] END   validate          | dataset=gold_data_tmat  exit=1  durasi=1.9s  status=GAGAL(1)
[2026-10-07 15:53:13]     [2026-10-07 15:53:13] DONE  gold_data_tmat               | build=0  validate=1  status=GAGAL
[2026-10-07 15:53:13]     [2026-10-07 15:53:13] 
[2026-10-07 15:53:13]     [2026-10-07 15:53:13] ==============================================================================
[2026-10-07 15:53:13]     [2026-10-07 15:53:13] RINGKASAN VALIDASI
[2026-10-07 15:53:13]     [2026-10-07 15:53:13] ==============================================================================
[2026-10-07 15:53:13]     [2026-10-07 15:53:13]   gold_ars                                   build=0  validate=1  durasi_build=      0.0s  durasi_val=      7.3s  → GAGAL
[2026-10-07 15:53:13]     [2026-10-07 15:53:13]   gold_awl                                   build=0  validate=1  durasi_build=      0.0s  durasi_val=      3.2s  → GAGAL
[2026-10-07 15:53:13]     [2026-10-07 15:53:13]   gold_master_awm                            build=0  validate=1  durasi_build=      0.0s  durasi_val=     26.1s  → GAGAL
[2026-10-07 15:53:13]     [2026-10-07 15:53:13]   gold_master_block                          build=0  validate=1  durasi_build=      0.0s  durasi_val=     11.1s  → GAGAL
[2026-10-07 15:53:13]     [2026-10-07 15:53:13]   gold_master_estate                         build=0  validate=1  durasi_build=      0.0s  durasi_val=      2.9s  → GAGAL
[2026-10-07 15:53:13]     [2026-10-07 15:53:13]   gold_master_ombrometer                     build=0  validate=1  durasi_build=      0.0s  durasi_val=      2.6s  → GAGAL
[2026-10-07 15:53:13]     [2026-10-07 15:53:13]   gold_data_tmat                             build=0  validate=1  durasi_build=      0.0s  durasi_val=      1.9s  → GAGAL
[2026-10-07 15:53:13]     [2026-10-07 15:53:13] 
[2026-10-07 15:53:13]     [2026-10-07 15:53:13] Total dataset       : 7
[2026-10-07 15:53:13]     [2026-10-07 15:53:13] Lolos               : 0
[2026-10-07 15:53:13]     [2026-10-07 15:53:13] Gagal blocking      : 7
[2026-10-07 15:53:13]     [2026-10-07 15:53:13] Total durasi run    : 55.2s
[2026-10-07 15:53:13]     [2026-10-07 15:53:13] Log lengkap         : /Users/Pooja/Downloads/Great Expectations bronze layer/scheduler/logs/gold_2026-10-07.log
[2026-10-07 15:53:13]     [2026-10-07 15:53:13] 
[2026-10-07 15:53:13]     [2026-10-07 15:53:13] ==============================================================================
[2026-10-07 15:53:13]     [2026-10-07 15:53:13] FILTER UNTUK EMAIL — layer=gold
[2026-10-07 15:53:13]     [2026-10-07 15:53:13] ==============================================================================
[2026-10-07 15:53:13]     [2026-10-07 15:53:13] dimensi filter: ['6. INTEGRITY', '7. DISTRIBUTION']
[2026-10-07 15:53:13]     [2026-10-07 15:53:13]   [lampiran] filter dimensi: ['6. INTEGRITY', '7. DISTRIBUTION']
[2026-10-07 15:53:13]     [2026-10-07 15:53:13]   [lampiran] grace=3600s  batas_mtime=14:52:18
[2026-10-07 15:53:13]     [2026-10-07 15:53:13]   [lampiran] proses gold_ars (umur 48s)
[2026-10-07 15:53:13]     [2026-10-07 15:53:13]     [filter] gold_ars: 2 dimensi terfilter dari 12 dimensi di source
[2026-10-07 15:53:13]     [2026-10-07 15:53:13]   [lampiran] skip gold_awl: JSON umur 2420257s melebihi grace 3600s
[2026-10-07 15:53:13]     [2026-10-07 15:53:13]   [lampiran] proses gold_data_tmat (umur 1991s)
[2026-10-07 15:53:13]     [2026-10-07 15:53:13]     [filter] gold_data_tmat: 2 dimensi terfilter dari 12 dimensi di source
[2026-10-07 15:53:13]     [2026-10-07 15:53:13]   [lampiran] proses gold_master_awm (umur 19s)
[2026-10-07 15:53:13]     [2026-10-07 15:53:13]     [filter] gold_master_awm: 2 dimensi terfilter dari 12 dimensi di source
[2026-10-07 15:53:13]     [2026-10-07 15:53:13]   [lampiran] proses gold_master_block (umur 8s)
[2026-10-07 15:53:13]     [2026-10-07 15:53:13]     [filter] gold_master_block: 2 dimensi terfilter dari 12 dimensi di source
[2026-10-07 15:53:13]     [2026-10-07 15:53:13]   [lampiran] proses gold_master_estate (umur 5s)
[2026-10-07 15:53:13]     [2026-10-07 15:53:13]     [filter] gold_master_estate: 2 dimensi terfilter dari 12 dimensi di source
[2026-10-07 15:53:13]     [2026-10-07 15:53:13]   [lampiran] proses gold_master_ombrometer (umur 2s)
[2026-10-07 15:53:13]     [2026-10-07 15:53:13]     [filter] gold_master_ombrometer: 2 dimensi terfilter dari 12 dimensi di source
[2026-10-07 15:53:13]     [2026-10-07 15:53:13]   [summary] gold: /Users/Pooja/Downloads/Great Expectations bronze layer/reports/_summary_gold_2026-10-07.json
[2026-10-07 15:53:13]     [2026-10-07 15:53:13] Lampiran JSON siap: 7 file
[2026-10-07 15:53:13]     [2026-10-07 15:53:13]   - gold_ars_email_validation.json                          (6.1 KB)
[2026-10-07 15:53:13]     [2026-10-07 15:53:13]   - gold_data_tmat_email_validation.json                    (17.4 KB)
[2026-10-07 15:53:13]     [2026-10-07 15:53:13]   - gold_master_awm_email_validation.json                   (27.9 KB)
[2026-10-07 15:53:13]     [2026-10-07 15:53:13]   - gold_master_block_email_validation.json                 (18.6 KB)
[2026-10-07 15:53:13]     [2026-10-07 15:53:13]   - gold_master_estate_email_validation.json                (21.7 KB)
[2026-10-07 15:53:13]     [2026-10-07 15:53:13]   - gold_master_ombrometer_email_validation.json            (6.8 KB)
[2026-10-07 15:53:13]     [2026-10-07 15:53:13]   - _summary_gold_2026-10-07.json                           (4.1 KB)
[2026-10-07 15:53:13]     [2026-10-07 15:53:13] 
[2026-10-07 15:53:13]     [2026-10-07 15:53:13] Status email: 3 lolos, 3 gagal, 1 error (total 7)
[2026-10-07 15:53:13]     [2026-10-07 15:53:13] 
[2026-10-07 15:53:13]     [2026-10-07 15:53:13] ==============================================================================
[2026-10-07 15:53:13]     [2026-10-07 15:53:13] KIRIM EMAIL
[2026-10-07 15:53:13]     [2026-10-07 15:53:13] ==============================================================================
[2026-10-07 15:53:13]     [2026-10-07 15:53:13] [mailer] --no-email, skip kirim email.
[2026-10-07 15:53:13]     [2026-10-07 15:53:13] 
[2026-10-07 15:53:13]     [2026-10-07 15:53:13] ==============================================================================
[2026-10-07 15:53:13]     [2026-10-07 15:53:13] SELESAI
[2026-10-07 15:53:13]     [2026-10-07 15:53:13] ==============================================================================
[2026-10-07 15:53:13]     [2026-10-07 15:53:13] validasi lengkap : 7 blocking dari 7 dataset (semua 12 dimensi)
[2026-10-07 15:53:13]     [2026-10-07 15:53:13] filter per-layer : 3 gagal, 1 error (dari 7 dataset, dimensi gold)
[2026-10-07 15:53:13]     [2026-10-07 15:53:13] exit code        : 1  (mengikuti filter gold)
[2026-10-07 15:53:13]     [2026-10-07 15:53:13] durasi total     : 55.2s
[2026-10-07 15:53:13]   layer gold exit code = 1 durasi=55.2s
[2026-10-07 15:53:13] 
[2026-10-07 15:53:13] ==============================================================================
[2026-10-07 15:53:13] RINGKASAN CROSS-LAYER
[2026-10-07 15:53:13] ==============================================================================
[2026-10-07 15:53:13]   Gold Layer            exit=1    durasi=     55.2s  → GAGAL
[2026-10-07 15:53:13] 
[2026-10-07 15:53:13] Total layer     : 1
[2026-10-07 15:53:13] Total durasi    : 55.3s
[2026-10-07 15:53:13] 
[2026-10-07 15:53:13] ==============================================================================
[2026-10-07 15:53:13] KIRIM EMAIL CROSS-LAYER
[2026-10-07 15:53:13] ==============================================================================
[2026-10-07 15:53:13] [mailer] ringkasan: total=7  gagal=3  error=1
[2026-10-07 15:53:13] [mailer] lampiran: 2 file
[2026-10-07 15:53:13]   - gold_2026-10-07.log                                     (153.5 KB)
[2026-10-07 15:53:13]   - _summary_gold_2026-10-07.json                           (4.1 KB)
[2026-10-07 15:53:13] [mailer] memanggil mailer.kirim() ...
[2026-10-07 15:53:18] [mailer] START kirim()
[2026-10-07 15:53:18] [mailer]   total=7  gagal=3  error=1  lampiran=2
[2026-10-07 15:53:18] [mailer]   host=sandbox.smtp.mailtrap.io:2525  tls=True  mode=always
[2026-10-07 15:53:18] [mailer]   from=dq-service@company.com
[2026-10-07 15:53:18] [mailer]   to=poojaristha@gmail.com
[2026-10-07 15:53:18] [mailer]   subjek=⚠️ [DQ] Cross-Layer Validation — 3 lolos, 3 gagal, 1 error — 2026-10-07
[2026-10-07 15:53:18] [mailer]   lampiran ZIP: 1 file (18.6 KB) — berisi 2 file asli
[2026-10-07 15:53:18] [mailer]   lampiran terpasang: 1 item (18.6 KB)
[2026-10-07 15:53:18] [mailer] START koneksi SMTP ke sandbox.smtp.mailtrap.io:2525 ...
[2026-10-07 15:53:18] [mailer]   STARTTLS ...
[2026-10-07 15:53:18] [mailer]   login sebagai 3b2788996e1720 ...
[2026-10-07 15:53:18] [mailer]   send_message ...
[2026-10-07 15:53:18] [mailer] ✅ Email terkirim ke: poojaristha@gmail.com (durasi 4.8s)
[2026-10-07 15:53:18] [mailer]   [cleanup] temp ZIP dihapus: dq_validation_nc6fqk2k.zip
[2026-10-07 15:53:18] [mailer] hasil: ✅ terkirim
[2026-10-07 15:53:18] 
[2026-10-07 15:53:18] ==============================================================================
[2026-10-07 15:53:18] SELESAI
[2026-10-07 15:53:18] ==============================================================================
[2026-10-07 15:53:18] exit code: 1
[2026-10-07 15:53:18] durasi total: 1m 0.1s
[2026-10-07 16:12:35] 
[2026-10-07 16:12:35] ==============================================================================
[2026-10-07 16:12:35] RUN VALIDASI CROSS-LAYER
[2026-10-07 16:12:35] ==============================================================================
[2026-10-07 16:12:35] ROOT       : /Users/Pooja/Downloads/Great Expectations bronze layer
[2026-10-07 16:12:35] log        : /Users/Pooja/Downloads/Great Expectations bronze layer/scheduler/logs/cross_layer_2026-10-07.log
[2026-10-07 16:12:35] python     : /opt/anaconda3/bin/python
[2026-10-07 16:12:35] start      : 2026-10-07 16:12:35
[2026-10-07 16:12:35] opsi       : source=s3  mode=harian  build=TIDAK  reconcile=YA  email=YA  date=2026-10-06
[2026-10-07 16:12:35] layers     : gold
[2026-10-07 16:12:35] 
[2026-10-07 16:12:35] ==============================================================================
[2026-10-07 16:12:35] LAYER: GOLD
[2026-10-07 16:12:35] ==============================================================================
[2026-10-07 16:12:35]   $ /opt/anaconda3/bin/python /Users/Pooja/Downloads/Great Expectations bronze layer/scheduler/run_validation.py --layer gold --source s3 --mode harian --no-email --no-build --date 2026-10-06 --fallback-latest
[2026-10-07 16:13:34]     [2026-10-07 16:12:35] 
[2026-10-07 16:13:34]     [2026-10-07 16:12:35] ==============================================================================
[2026-10-07 16:13:34]     [2026-10-07 16:12:35] RUN VALIDASI — gold_data_validation.yml
[2026-10-07 16:13:34]     [2026-10-07 16:12:35] ==============================================================================
[2026-10-07 16:13:34]     [2026-10-07 16:12:35] config     : /Users/Pooja/Downloads/Great Expectations bronze layer/gold_data_validation.yml
[2026-10-07 16:13:34]     [2026-10-07 16:12:35] ROOT       : /Users/Pooja/Downloads/Great Expectations bronze layer
[2026-10-07 16:13:34]     [2026-10-07 16:12:35] log        : /Users/Pooja/Downloads/Great Expectations bronze layer/scheduler/logs/gold_2026-10-07.log
[2026-10-07 16:13:34]     [2026-10-07 16:12:35] python     : /opt/anaconda3/bin/python
[2026-10-07 16:13:34]     [2026-10-07 16:12:35] start      : 2026-10-07 16:12:35
[2026-10-07 16:13:34]     [2026-10-07 16:12:35] opsi       : source=s3  mode=harian  build=TIDAK  reconcile=YA  email=TIDAK
[2026-10-07 16:13:34]     [2026-10-07 16:12:35] sanity check: semua path OK
[2026-10-07 16:13:34]     [2026-10-07 16:12:35] Total dataset: 7
[2026-10-07 16:13:34]     [2026-10-07 16:12:35]     1. gold_ars
[2026-10-07 16:13:34]     [2026-10-07 16:12:35]     2. gold_awl
[2026-10-07 16:13:34]     [2026-10-07 16:12:35]     3. gold_master_awm
[2026-10-07 16:13:34]     [2026-10-07 16:12:35]     4. gold_master_block
[2026-10-07 16:13:34]     [2026-10-07 16:12:35]     5. gold_master_estate
[2026-10-07 16:13:34]     [2026-10-07 16:12:35]     6. gold_master_ombrometer
[2026-10-07 16:13:34]     [2026-10-07 16:12:35]     7. gold_data_tmat
[2026-10-07 16:13:34]     [2026-10-07 16:12:35] 
[2026-10-07 16:13:34]     [2026-10-07 16:12:35] ==============================================================================
[2026-10-07 16:13:34]     [2026-10-07 16:12:35] [1/7] DATASET: gold_ars
[2026-10-07 16:13:34]     [2026-10-07 16:12:35] ==============================================================================
[2026-10-07 16:13:34]     [2026-10-07 16:12:35] SKIP  build_reference  | dataset=gold_ars (--no-build)
[2026-10-07 16:13:34]     [2026-10-07 16:12:35] START validate         | dataset=gold_ars
[2026-10-07 16:13:34]     [2026-10-07 16:12:35]   $ /opt/anaconda3/bin/python /Users/Pooja/Downloads/Great Expectations bronze layer/validate.py --config /Users/Pooja/Downloads/Great Expectations bronze layer/gold_data_validation.yml --source s3 --dataset gold_ars --mode harian --no-data-docs --date 2026-10-06 --fallback-latest
[2026-10-07 16:13:34]     [2026-10-07 16:12:40]       [fallback] partisi '2026-10-06' tidak ditemukan (AttributeError), pakai partisi terbaru
[2026-10-07 16:13:34]     [2026-10-07 16:12:40]     Memuat [s3]: s3://kpn-gis-s3-bucket/datalake/gold/ars/data_ars/recorded_year=2026/recorded_month=10/recorded_day=06/part-00000-6691488a-c655-4734-97ae-12254f61413b.c000.zstd.parquet
[2026-10-07 16:13:34]     [2026-10-07 16:12:40]     
[2026-10-07 16:13:34]     [2026-10-07 16:12:40]     ====================================================================================================
[2026-10-07 16:13:34]     [2026-10-07 16:12:40]     HASIL VALIDASI — GOLD_ARS — 8 DIMENSI KUALITAS DATA
[2026-10-07 16:13:34]     [2026-10-07 16:12:40]     ====================================================================================================
[2026-10-07 16:13:34]     [2026-10-07 16:12:40]       Dataset   : gold_ars  (Gold ARS Transactions -- raw copy dbo.Gold_ARS_Readings, TANPA join/filter. Window custom 07:00->07:00 hari berikutnya (SAMA dgn idempotency delete sp_ETL_LoadSilver_ARS_Transactions Step 1), BUKAN kalender 00:00-24:00 biasa.)
[2026-10-07 16:13:34]     [2026-10-07 16:12:40]       [GAGAL] Jumlah baris dalam koridor baseline (565–764, median historis 665)
[2026-10-07 16:13:34]     [2026-10-07 16:12:40]               observasi : 507
[2026-10-07 16:13:34]     [2026-10-07 16:12:40]     
[2026-10-07 16:13:34]     [2026-10-07 16:12:40]     3. FRESHNESS  —  1 lolos / 3 gagal
[2026-10-07 16:13:34]     [2026-10-07 16:12:40]     ----------------------------------
[2026-10-07 16:13:34]     [2026-10-07 16:12:40]       [GAGAL] Semua recorded_at di dalam window partisi [2026-10-06 00:00 .. 2026-10-06 23:59]
[2026-10-07 16:13:34]     [2026-10-07 16:12:40]               observasi : 507 baris, 98 menyimpang, 0 kosong
[2026-10-07 16:13:34]     [2026-10-07 16:12:40]               menyimpang: 98 baris (19.3294%)
[2026-10-07 16:13:34]     [2026-10-07 16:12:40]               contoh    : [Timestamp('2026-10-07 06:00:00'), Timestamp('2026-10-07 05:00:00'), Timestamp('2026-10-07 04:00:00'), Timestamp('2026-10-07 03:00:00'), Timestamp('2026-10-07 02:00:00'), Timestamp('2026-10-07 01:00:00'), Timestamp('2026-10-07 00:00:00'), Timestamp('2026-10-07 06:00:00')]
[2026-10-07 16:13:34]     [2026-10-07 16:12:40]       [ WARN] recorded_at terbaru menyentuh akhir window partisi
[2026-10-07 16:13:34]     [2026-10-07 16:12:40]               observasi : 2026-10-07 06:00:00
[2026-10-07 16:13:34]     [2026-10-07 16:12:40]       [GAGAL] Lag ingest (loaded_at - recorded_at) <= 2 hari [mode=harian]
[2026-10-07 16:13:34]     [2026-10-07 16:12:40]               observasi : 507 baris, 140 menyimpang, 0 kosong
[2026-10-07 16:13:34]     [2026-10-07 16:12:40]               menyimpang: 140 baris (27.6134%)
[2026-10-07 16:13:34]     [2026-10-07 16:12:40]               contoh    : [-0.4157718886805556, -0.37410522201388885, -0.3324385553472222, -0.29077188868055553, -0.24910522201388888, -0.20743855534722222, -0.16577188868055556, -0.12410522201388889]
[2026-10-07 16:13:34]     [2026-10-07 16:12:40]     
[2026-10-07 16:13:34]     [2026-10-07 16:12:40]     4. MISSINGNESS  —  33 lolos / 0 gagal
[2026-10-07 16:13:34]     [2026-10-07 16:12:40]       [GAGAL] device_id (surrogate key) unik
[2026-10-07 16:13:34]     [2026-10-07 16:12:40]               observasi : 507 baris, 507 menyimpang, 0 kosong
[2026-10-07 16:13:34]     [2026-10-07 16:12:40]               menyimpang: 507 baris (100.0000%)
[2026-10-07 16:13:34]     [2026-10-07 16:12:40]               contoh    : ['MT02-GMPL007RF-GWB-83886080', 'MT02-GMPL007RF-GWB-83886080', 'MT02-GMPL007RF-GWB-83886080', 'MT02-GMPL007RF-GWB-83886080', 'MT02-GMPL007RF-GWB-83886080', 'MT02-GMPL007RF-GWB-83886080', 'MT02-GMPL007RF-GWB-83886080', 'MT02-GMPL007RF-GWB-83886080']
[2026-10-07 16:13:34]     [2026-10-07 16:12:40]     
[2026-10-07 16:13:34]     [2026-10-07 16:12:40]     6. INTEGRITY  —  4 lolos / 0 gagal
[2026-10-07 16:13:34]     [2026-10-07 16:12:40]               alasan    : Query ke SQL Server gagal, jadi tidak ada nilai pembanding: Gagal konek ke SQL Server (Error): ('01000', "[01000] [unixODBC][Driver Manager]Can't open lib 'ODBC Driver 17 for SQL Server' : file not found (0) (SQLDriverConnect)")
[2026-10-07 16:13:34]     [2026-10-07 16:12:40]       Periksa SQLSERVER_HOST/DB/UID/PWD di .env, VPN/firewall ke server, dan apakah ODBC Driver 17 for SQL Server terinstal.
[2026-10-07 16:13:34]     [2026-10-07 16:12:40]     
[2026-10-07 16:13:34]     [2026-10-07 16:12:40]     10. FORMAT & PATTERN COMPLIANCE  —  0 lolos / 0 gagal / 1 dilewati
[2026-10-07 16:13:34]     [2026-10-07 16:12:40]     ------------------------------------------------------------------
[2026-10-07 16:13:34]     [2026-10-07 16:12:40]       [LEWAT] Kepatuhan format terhadap standar bisnis
[2026-10-07 16:13:34]     [2026-10-07 16:12:40]     VERDIKT: TIDAK LAYAK — ada kegagalan blocking
[2026-10-07 16:13:34]     [2026-10-07 16:12:40]     ====================================================================================================
[2026-10-07 16:13:34]     [2026-10-07 16:12:40]     
[2026-10-07 16:13:34]     [2026-10-07 16:12:40]     Laporan Markdown : /Users/Pooja/Downloads/Great Expectations bronze layer/reports/gold_ars_validation.md
[2026-10-07 16:13:34]     [2026-10-07 16:12:40]     Laporan JSON     : /Users/Pooja/Downloads/Great Expectations bronze layer/reports/gold_ars_validation.json
[2026-10-07 16:13:34]     [2026-10-07 16:12:40]   validate exit code = 1  durasi=4.7s
[2026-10-07 16:13:34]     [2026-10-07 16:12:40] END   validate          | dataset=gold_ars  exit=1  durasi=4.7s  status=GAGAL(1)
[2026-10-07 16:13:34]     [2026-10-07 16:12:40] DONE  gold_ars                     | build=0  validate=1  status=GAGAL
[2026-10-07 16:13:34]     [2026-10-07 16:12:40] 
[2026-10-07 16:13:34]     [2026-10-07 16:12:40] ==============================================================================
[2026-10-07 16:13:34]     [2026-10-07 16:12:40] [2/7] DATASET: gold_awl
[2026-10-07 16:13:34]     [2026-10-07 16:12:40] ==============================================================================
[2026-10-07 16:13:34]     [2026-10-07 16:12:40] SKIP  build_reference  | dataset=gold_awl (--no-build)
[2026-10-07 16:13:34]     [2026-10-07 16:12:40] START validate         | dataset=gold_awl
[2026-10-07 16:13:34]     [2026-10-07 16:12:40]   $ /opt/anaconda3/bin/python /Users/Pooja/Downloads/Great Expectations bronze layer/validate.py --config /Users/Pooja/Downloads/Great Expectations bronze layer/gold_data_validation.yml --source s3 --dataset gold_awl --mode harian --no-data-docs --date 2026-10-06 --fallback-latest
[2026-10-07 16:13:34]     [2026-10-07 16:12:44]       [fallback] partisi '2026-10-06' tidak ditemukan (AttributeError), pakai partisi terbaru
[2026-10-07 16:13:34]     [2026-10-07 16:12:44]     Memuat [s3]: s3://kpn-gis-s3-bucket/datalake/gold/awl/data_awl/recorded_year=2026/recorded_month=10/recorded_day=06/part-00000-2464a22c-e5a6-4438-990d-f82064d0ad6b.c000.zstd.parquet
[2026-10-07 16:13:34]     [2026-10-07 16:12:44]     
[2026-10-07 16:13:34]     [2026-10-07 16:12:44]     ====================================================================================================
[2026-10-07 16:13:34]     [2026-10-07 16:12:44]     HASIL VALIDASI — GOLD_AWL — 8 DIMENSI KUALITAS DATA
[2026-10-07 16:13:34]     [2026-10-07 16:12:44]     ====================================================================================================
[2026-10-07 16:13:34]     [2026-10-07 16:12:44]       Dataset   : gold_awl  (Gold AWL Transactions -- raw copy dbo.Gold_AWL_Readings, TANPA join/filter. Window custom 07:00->07:00 hari berikutnya (SAMA dgn idempotency delete sp_ETL_LoadSilver_ARS_Transactions Step 1), BUKAN kalender 00:00-24:00 biasa.)
[2026-10-07 16:13:34]     [2026-10-07 16:12:44]       [GAGAL] Tidak ada kolom hilang maupun kolom tak terduga (schema evolution)
[2026-10-07 16:13:34]     [2026-10-07 16:12:44]               observasi : ['battery_pct', 'block_gis', 'block_sap', 'company_code', 'connectivity', 'device_id', 'device_type', 'dq_gps_available', 'dq_water_level_valid', 'est_code', 'est_code_sap', 'est_new_code', 'is_manual', 'latitude', 'loaded_at', 'longitude', 'plantation_code', 'recorded_at', 'region_name', 'signal_dbm', 'vendor', 'water_level_cm', 'water_level_source']
[2026-10-07 16:13:34]     [2026-10-07 16:12:44]       [ OK  ] Tipe device_id = string (object)
[2026-10-07 16:13:34]     [2026-10-07 16:12:44]       [ OK  ] Tipe recorded_at = datetime (datetime64[us]/datetime64[ns]/datetime64[ms]/datetime64[s]/date)
[2026-10-07 16:13:34]     [2026-10-07 16:12:44]       [ OK  ] Tipe vendor = string (object)
[2026-10-07 16:13:34]     [2026-10-07 16:12:44]       [ OK  ] Tipe device_type = string (object)
[2026-10-07 16:13:34]     [2026-10-07 16:12:44]       [GAGAL] Tipe est_newCode = string (object)
[2026-10-07 16:13:34]     [2026-10-07 16:12:44]               observasi : None
[2026-10-07 16:13:34]     [2026-10-07 16:12:44]       [GAGAL] Tipe est_codeSAP = string (object)
[2026-10-07 16:13:34]     [2026-10-07 16:12:44]               observasi : None
[2026-10-07 16:13:34]     [2026-10-07 16:12:44]       [GAGAL] Tipe blockGIS_id = string (object)
[2026-10-07 16:13:34]     [2026-10-07 16:12:44]               observasi : None
[2026-10-07 16:13:34]     [2026-10-07 16:12:44]       [GAGAL] Tipe blockSAP_id = string (object)
[2026-10-07 16:13:34]     [2026-10-07 16:12:44]               observasi : None
[2026-10-07 16:13:34]     [2026-10-07 16:12:44]       [ OK  ] Tipe water_level_cm = float (float64/float32/float16)
[2026-10-07 16:13:34]     [2026-10-07 16:12:44]       [ OK  ] Tipe water_level_source = string (object)
[2026-10-07 16:13:34]     [2026-10-07 16:12:44]       [GAGAL] Tipe battery_pct = float (float64/float32/float16)
[2026-10-07 16:13:34]     [2026-10-07 16:12:44]               observasi : 725 baris, 657 menyimpang, 68 kosong
[2026-10-07 16:13:34]     [2026-10-07 16:12:44]               menyimpang: 657 baris (100.0000%)
[2026-10-07 16:13:34]     [2026-10-07 16:12:44]               contoh    : [Decimal('92.00'), Decimal('92.00'), Decimal('92.00'), Decimal('92.00'), Decimal('92.00'), Decimal('92.00'), Decimal('92.00'), Decimal('92.00')]
[2026-10-07 16:13:34]     [2026-10-07 16:12:44]       [GAGAL] Tipe signal_dbm = float (float64/float32/float16)
[2026-10-07 16:13:34]     [2026-10-07 16:12:44]               observasi : 725 baris, 657 menyimpang, 68 kosong
[2026-10-07 16:13:34]     [2026-10-07 16:12:44]               menyimpang: 657 baris (100.0000%)
[2026-10-07 16:13:34]     [2026-10-07 16:12:44]               contoh    : [Decimal('12.00'), Decimal('12.00'), Decimal('12.00'), Decimal('12.00'), Decimal('12.00'), Decimal('12.00'), Decimal('14.00'), Decimal('15.00')]
[2026-10-07 16:13:34]     [2026-10-07 16:12:44]       [ OK  ] Tipe dq_water_level_valid = boolean (bool)
[2026-10-07 16:13:34]     [2026-10-07 16:12:44]       [ OK  ] Tipe dq_gps_available = boolean (bool)
[2026-10-07 16:13:34]     [2026-10-07 16:12:44]       [GAGAL] Jumlah baris dalam koridor baseline (323–436, median historis 380)
[2026-10-07 16:13:34]     [2026-10-07 16:12:44]               observasi : 725
[2026-10-07 16:13:34]     [2026-10-07 16:12:44]     
[2026-10-07 16:13:34]     [2026-10-07 16:12:44]     3. FRESHNESS  —  3 lolos / 1 gagal
[2026-10-07 16:13:34]     [2026-10-07 16:12:44]     ----------------------------------
[2026-10-07 16:13:34]     [2026-10-07 16:12:44]       [ OK  ] Semua recorded_at di dalam window partisi [2026-10-06 00:00 .. 2026-10-06 23:59]
[2026-10-07 16:13:34]     [2026-10-07 16:12:44]       [GAGAL] est_newCode tidak boleh null
[2026-10-07 16:13:34]     [2026-10-07 16:12:44]               observasi : None
[2026-10-07 16:13:34]     [2026-10-07 16:12:44]       [GAGAL] est_codeSAP tidak boleh null
[2026-10-07 16:13:34]     [2026-10-07 16:12:44]               observasi : None
[2026-10-07 16:13:34]     [2026-10-07 16:12:44]       [GAGAL] blockGIS_id tidak boleh null
[2026-10-07 16:13:34]     [2026-10-07 16:12:44]               observasi : None
[2026-10-07 16:13:34]     [2026-10-07 16:12:44]       [GAGAL] Proporsi blockSAP_id terisi >= 0.9500
[2026-10-07 16:13:34]     [2026-10-07 16:12:44]               observasi : None
[2026-10-07 16:13:34]     [2026-10-07 16:12:44]       [ OK  ] water_level_cm tidak boleh null
[2026-10-07 16:13:34]     [2026-10-07 16:12:44]       [ OK  ] water_level_source tidak boleh null
[2026-10-07 16:13:34]     [2026-10-07 16:12:44]       [GAGAL] battery_pct tidak boleh null
[2026-10-07 16:13:34]     [2026-10-07 16:12:44]               observasi : 725 baris, 68 menyimpang, None kosong
[2026-10-07 16:13:34]     [2026-10-07 16:12:44]               menyimpang: 68 baris (9.3793%)
[2026-10-07 16:13:34]     [2026-10-07 16:12:44]               contoh    : [None, None, None, None, None, None, None, None]
[2026-10-07 16:13:34]     [2026-10-07 16:12:44]       [GAGAL] signal_dbm tidak boleh null
[2026-10-07 16:13:34]     [2026-10-07 16:12:44]               observasi : 725 baris, 68 menyimpang, None kosong
[2026-10-07 16:13:34]     [2026-10-07 16:12:44]               menyimpang: 68 baris (9.3793%)
[2026-10-07 16:13:34]     [2026-10-07 16:12:44]               contoh    : [None, None, None, None, None, None, None, None]
[2026-10-07 16:13:34]     [2026-10-07 16:12:44]       [ OK  ] dq_water_level_valid tidak boleh null
[2026-10-07 16:13:34]     [2026-10-07 16:12:44]       [ OK  ] dq_gps_available tidak boleh null
[2026-10-07 16:13:34]     [2026-10-07 16:12:44]       [GAGAL] est_newCode bukan string kosong / hanya spasi
[2026-10-07 16:13:34]     [2026-10-07 16:12:44]               observasi : None
[2026-10-07 16:13:34]     [2026-10-07 16:12:44]       [GAGAL] est_codeSAP bukan string kosong / hanya spasi
[2026-10-07 16:13:34]     [2026-10-07 16:12:44]               observasi : None
[2026-10-07 16:13:34]     [2026-10-07 16:12:44]       [GAGAL] blockGIS_id bukan string kosong / hanya spasi
[2026-10-07 16:13:34]     [2026-10-07 16:12:44]               observasi : None
[2026-10-07 16:13:34]     [2026-10-07 16:12:44]       [GAGAL] blockSAP_id bukan string kosong / hanya spasi
[2026-10-07 16:13:34]     [2026-10-07 16:12:44]               observasi : None
[2026-10-07 16:13:34]     [2026-10-07 16:12:44]       [ OK  ] water_level_source bukan string kosong / hanya spasi
[2026-10-07 16:13:34]     [2026-10-07 16:12:44]     
[2026-10-07 16:13:34]     [2026-10-07 16:12:44]     5. UNIQUENESS  —  0 lolos / 1 gagal
[2026-10-07 16:13:34]     [2026-10-07 16:12:44]     -----------------------------------
[2026-10-07 16:13:34]     [2026-10-07 16:12:44]       [GAGAL] device_id (surrogate key) unik
[2026-10-07 16:13:34]     [2026-10-07 16:12:44]               observasi : 725 baris, 724 menyimpang, 0 kosong
[2026-10-07 16:13:34]     [2026-10-07 16:12:44]               menyimpang: 724 baris (99.8621%)
[2026-10-07 16:13:34]     [2026-10-07 16:12:44]               contoh    : ['219241', '219241', '219241', '219241', '219241', '219241', '219241', '219241']
[2026-10-07 16:13:34]     [2026-10-07 16:12:44]     
[2026-10-07 16:13:34]     [2026-10-07 16:12:44]     6. INTEGRITY  —  0 lolos / 4 gagal
[2026-10-07 16:13:34]     [2026-10-07 16:12:44]       [GAGAL] company_code terdaftar di master (10 kode dikenal)
[2026-10-07 16:13:34]     [2026-10-07 16:12:44]               observasi : 725 baris, 12 menyimpang, 0 kosong
[2026-10-07 16:13:34]     [2026-10-07 16:12:44]               menyimpang: 12 baris (1.6552%)
[2026-10-07 16:13:34]     [2026-10-07 16:12:44]               contoh    : ['PT.NJP', 'PT.NJP', 'PT.NJP', 'PT.NJP', 'PT.NJP', 'PT.NJP', 'PT.NJP', 'PT.NJP']
[2026-10-07 16:13:34]     [2026-10-07 16:12:44]       [GAGAL] est_code terdaftar di master (30 kode dikenal)
[2026-10-07 16:13:34]     [2026-10-07 16:12:44]               observasi : 725 baris, 12 menyimpang, 0 kosong
[2026-10-07 16:13:34]     [2026-10-07 16:12:44]               menyimpang: 12 baris (1.6552%)
[2026-10-07 16:13:34]     [2026-10-07 16:12:44]               contoh    : ['KAB', 'KAB', 'KAB', 'KAB', 'KAB', 'KAB', 'KAB', 'KAB']
[2026-10-07 16:13:34]     [2026-10-07 16:12:44]       [GAGAL] est_newCode terdaftar di master (30 kode dikenal)
[2026-10-07 16:13:34]     [2026-10-07 16:12:44]               observasi : None
[2026-10-07 16:13:34]     [2026-10-07 16:12:44]       [GAGAL] est_codeSAP terdaftar di master (30 kode dikenal)
[2026-10-07 16:13:34]     [2026-10-07 16:12:44]               observasi : None
[2026-10-07 16:13:34]     [2026-10-07 16:12:44]     
[2026-10-07 16:13:34]     [2026-10-07 16:12:44]     7. DISTRIBUTION  —  15 lolos / 1 gagal
[2026-10-07 16:13:34]     [2026-10-07 16:12:44]     --------------------------------------
[2026-10-07 16:13:34]     [2026-10-07 16:12:44]       [ OK  ] Rata-rata water_level_cm dalam koridor [45.7735, 262.589]
[2026-10-07 16:13:34]     [2026-10-07 16:12:44]   [stderr] (10 baris penting, 0 warning di-suppress):
[2026-10-07 16:13:34]     [2026-10-07 16:12:44]     Traceback (most recent call last):
[2026-10-07 16:13:34]     [2026-10-07 16:12:44]       File "/Users/Pooja/Downloads/Great Expectations bronze layer/validate.py", line 421, in main
[2026-10-07 16:13:34]     [2026-10-07 16:12:44]         kode |= jalankan_dataset(specs[nama], args, now)
[2026-10-07 16:13:34]     [2026-10-07 16:12:44]                 ^^^^^^^^^^^^^^^^^^^^^^^^^^^^^^^^^^^^^^^^
[2026-10-07 16:13:34]     [2026-10-07 16:12:44]       File "/Users/Pooja/Downloads/Great Expectations bronze layer/validate.py", line 307, in jalankan_dataset
[2026-10-07 16:13:34]     [2026-10-07 16:12:44]         report.cetak_terminal(hasil, summ, meta)
[2026-10-07 16:13:34]     [2026-10-07 16:12:44]       File "/Users/Pooja/Downloads/Great Expectations bronze layer/dqcore/report.py", line 71, in cetak_terminal
[2026-10-07 16:13:34]     [2026-10-07 16:12:44]         f"({it['unexpected_percent']:.4f}%)")
[2026-10-07 16:13:34]     [2026-10-07 16:12:44]            ^^^^^^^^^^^^^^^^^^^^^^^^^^^^^^
[2026-10-07 16:13:34]     [2026-10-07 16:12:44]     TypeError: unsupported format string passed to NoneType.__format__
[2026-10-07 16:13:34]     [2026-10-07 16:12:44]   validate exit code = 1  durasi=3.8s
[2026-10-07 16:13:34]     [2026-10-07 16:12:44] END   validate          | dataset=gold_awl  exit=1  durasi=3.8s  status=GAGAL(1)
[2026-10-07 16:13:34]     [2026-10-07 16:12:44] DONE  gold_awl                     | build=0  validate=1  status=GAGAL
[2026-10-07 16:13:34]     [2026-10-07 16:12:44] 
[2026-10-07 16:13:34]     [2026-10-07 16:12:44] ==============================================================================
[2026-10-07 16:13:34]     [2026-10-07 16:12:44] [3/7] DATASET: gold_master_awm
[2026-10-07 16:13:34]     [2026-10-07 16:12:44] ==============================================================================
[2026-10-07 16:13:34]     [2026-10-07 16:12:44] SKIP  build_reference  | dataset=gold_master_awm (--no-build)
[2026-10-07 16:13:34]     [2026-10-07 16:12:44] START validate         | dataset=gold_master_awm
[2026-10-07 16:13:34]     [2026-10-07 16:12:44]   $ /opt/anaconda3/bin/python /Users/Pooja/Downloads/Great Expectations bronze layer/validate.py --config /Users/Pooja/Downloads/Great Expectations bronze layer/gold_data_validation.yml --source s3 --dataset gold_master_awm --mode harian --no-data-docs --date 2026-10-06 --fallback-latest
[2026-10-07 16:13:34]     [2026-10-07 16:13:11]       [fallback] partisi '2026-10-06' tidak ditemukan (AttributeError), pakai partisi terbaru
[2026-10-07 16:13:34]     [2026-10-07 16:13:11]     Memuat [s3]: s3://kpn-gis-s3-bucket/datalake/gold/awm/master_awm/snapshot_date=2026-10-07/part-00000-790b14c0-39a0-4ac8-a12d-36ad1f386d2b.c000.zstd.parquet
[2026-10-07 16:13:34]     [2026-10-07 16:13:11]     
[2026-10-07 16:13:34]     [2026-10-07 16:13:11]     ====================================================================================================
[2026-10-07 16:13:34]     [2026-10-07 16:13:11]     HASIL VALIDASI — GOLD_MASTER_AWM — 8 DIMENSI KUALITAS DATA
[2026-10-07 16:13:34]     [2026-10-07 16:13:11]     ====================================================================================================
[2026-10-07 16:13:34]     [2026-10-07 16:13:11]       Dataset   : gold_master_awm  (Gold Master AWM -- master data AWM assets dari berbagai sumber (bridge, weir, culvert, dam, flap_gate, pump_house, water_gate, siphon). Snapshot harian dari T_Master_AWM_All.)
[2026-10-07 16:13:34]     [2026-10-07 16:13:11]       [GAGAL] Jumlah kolom tepat 62
[2026-10-07 16:13:34]     [2026-10-07 16:13:11]               observasi : 61
[2026-10-07 16:13:34]     [2026-10-07 16:13:11]       [GAGAL] Tidak ada kolom hilang maupun kolom tak terduga (schema evolution)
[2026-10-07 16:13:34]     [2026-10-07 16:13:11]               observasi : ['afdeling', 'asset_subtype', 'asset_subtype_label', 'asset_type', 'asset_type_label', 'block_gis', 'block_sap', 'bridge_event_type', 'budget_price', 'budget_ref_id', 'company_code', 'condition', 'condition_label', 'created_date', 'created_user', 'culvert_pipe_count', 'door_count', 'duration', 'est_code', 'est_code_sap', 'est_new_code', 'flap_gate_door_type', 'flap_gate_status', 'flow_dir', 'fungsi', 'global_id', 'grouping', 'last_edited_date', 'last_edited_user', 'length', 'loaded_at', 'month', 'object_ref', 'objectid', 'plantation', 'qc', 'qc_remarks', 'qc_tanggal', 'qc_user', 'reference_id', 'remark', 'siphon_count', 'siphon_diameter', 'siphon_material', 'siphon_size', 'source', 'status_asset', 'status_asset_label', 'status_object', 'status_object_label', 'survey_date', 'surveyor', 'variant', 'variant_dimensi', 'variant_label', 'weir_count', 'weir_spillway_level', 'weir_status', 'width', 'year', 'year_budget']
[2026-10-07 16:13:34]     [2026-10-07 16:13:11]       [GAGAL] Tipe gold_id = integer (int64/int32/int16/int8)
[2026-10-07 16:13:34]     [2026-10-07 16:13:11]               observasi : None
[2026-10-07 16:13:34]     [2026-10-07 16:13:11]       [ OK  ] Tipe global_id = string (object)
[2026-10-07 16:13:34]     [2026-10-07 16:13:11]       [ OK  ] Tipe objectid = integer (int64/int32/int16/int8)
[2026-10-07 16:13:34]     [2026-10-07 16:13:11]       [ OK  ] Tipe asset_type = string (object)
[2026-10-07 16:13:34]     [2026-10-07 16:13:11]       [ OK  ] Tipe asset_type_label = string (object)
[2026-10-07 16:13:34]     [2026-10-07 16:13:11]       [GAGAL] Tipe status_asset = integer (int64/int32/int16/int8)
[2026-10-07 16:13:34]     [2026-10-07 16:13:11]               observasi : float64
[2026-10-07 16:13:34]     [2026-10-07 16:13:11]       [ OK  ] Tipe status_asset_label = string (object)
[2026-10-07 16:13:34]     [2026-10-07 16:13:11]       [ OK  ] Tipe fungsi = float (float64/float32/float16)
[2026-10-07 16:13:34]     [2026-10-07 16:13:11]       [ OK  ] Tipe source = float (float64/float32/float16)
[2026-10-07 16:13:34]     [2026-10-07 16:13:11]       [ OK  ] Tipe qc = float (float64/float32/float16)
[2026-10-07 16:13:34]     [2026-10-07 16:13:11]       [GAGAL] Semua loaded_at di dalam window partisi [2026-10-07 00:00 .. 2026-10-07 23:59]
[2026-10-07 16:13:34]     [2026-10-07 16:13:11]               observasi : 29980 baris, 29980 menyimpang, 0 kosong
[2026-10-07 16:13:34]     [2026-10-07 16:13:11]               menyimpang: 29980 baris (100.0000%)
[2026-10-07 16:13:34]     [2026-10-07 16:13:11]               contoh    : [Timestamp('2026-10-06 20:02:15.916786'), Timestamp('2026-10-06 20:02:15.916786'), Timestamp('2026-10-06 20:02:15.916786'), Timestamp('2026-10-06 20:02:15.916786'), Timestamp('2026-10-06 20:02:15.916786'), Timestamp('2026-10-06 20:02:15.916786'), Timestamp('2026-10-06 20:02:15.916786'), Timestamp('2026-10-06 20:02:15.916786')]
[2026-10-07 16:13:34]     [2026-10-07 16:13:11]       [ WARN] loaded_at terbaru menyentuh akhir window partisi
[2026-10-07 16:13:34]     [2026-10-07 16:13:11]               observasi : 2026-10-06 20:02:15.916786
[2026-10-07 16:13:34]     [2026-10-07 16:13:11]       [GAGAL] gold_id tidak boleh null
[2026-10-07 16:13:34]     [2026-10-07 16:13:11]               observasi : None
[2026-10-07 16:13:34]     [2026-10-07 16:13:11]       [ OK  ] global_id tidak boleh null
[2026-10-07 16:13:34]     [2026-10-07 16:13:11]       [ OK  ] Proporsi objectid terisi >= 0.9500
[2026-10-07 16:13:34]     [2026-10-07 16:13:11]       [ OK  ] asset_type tidak boleh null
[2026-10-07 16:13:34]     [2026-10-07 16:13:11]       [ OK  ] asset_type_label tidak boleh null
[2026-10-07 16:13:34]     [2026-10-07 16:13:11]       [GAGAL] company_code tidak boleh null
[2026-10-07 16:13:34]     [2026-10-07 16:13:11]               observasi : 29980 baris, 2 menyimpang, None kosong
[2026-10-07 16:13:34]     [2026-10-07 16:13:11]               menyimpang: 2 baris (0.0067%)
[2026-10-07 16:13:34]     [2026-10-07 16:13:11]               contoh    : [None, None]
[2026-10-07 16:13:34]     [2026-10-07 16:13:11]       [GAGAL] est_code tidak boleh null
[2026-10-07 16:13:34]     [2026-10-07 16:13:11]               observasi : 29980 baris, 2 menyimpang, None kosong
[2026-10-07 16:13:34]     [2026-10-07 16:13:11]               menyimpang: 2 baris (0.0067%)
[2026-10-07 16:13:34]     [2026-10-07 16:13:11]               contoh    : [None, None]
[2026-10-07 16:13:34]     [2026-10-07 16:13:11]       [GAGAL] est_new_code tidak boleh null
[2026-10-07 16:13:34]     [2026-10-07 16:13:11]               observasi : 29980 baris, 2 menyimpang, None kosong
[2026-10-07 16:13:34]     [2026-10-07 16:13:11]               menyimpang: 2 baris (0.0067%)
[2026-10-07 16:13:34]     [2026-10-07 16:13:11]               contoh    : [None, None]
[2026-10-07 16:13:34]     [2026-10-07 16:13:11]       [GAGAL] est_code_sap tidak boleh null
[2026-10-07 16:13:34]     [2026-10-07 16:13:11]               observasi : 29980 baris, 2 menyimpang, None kosong
[2026-10-07 16:13:34]     [2026-10-07 16:13:11]               menyimpang: 2 baris (0.0067%)
[2026-10-07 16:13:34]     [2026-10-07 16:13:11]               contoh    : [None, None]
[2026-10-07 16:13:34]     [2026-10-07 16:13:11]       [ OK  ] Proporsi afdeling terisi >= 0.9500
[2026-10-07 16:13:34]     [2026-10-07 16:13:11]       [ OK  ] Proporsi block_gis terisi >= 0.8588
[2026-10-07 16:13:34]     [2026-10-07 16:13:11]       [GAGAL] afdeling bukan string kosong / hanya spasi
[2026-10-07 16:13:34]     [2026-10-07 16:13:11]               observasi : 29980 baris, 4123 menyimpang, 0 kosong
[2026-10-07 16:13:34]     [2026-10-07 16:13:11]               menyimpang: 4123 baris (13.7525%)
[2026-10-07 16:13:34]     [2026-10-07 16:13:11]               contoh    : ['', '', '', '', '', '', '', '']
[2026-10-07 16:13:34]     [2026-10-07 16:13:11]       [GAGAL] block_gis bukan string kosong / hanya spasi
[2026-10-07 16:13:34]     [2026-10-07 16:13:11]               observasi : 29980 baris, 77 menyimpang, 2680 kosong
[2026-10-07 16:13:34]     [2026-10-07 16:13:11]               menyimpang: 77 baris (0.2821%)
[2026-10-07 16:13:34]     [2026-10-07 16:13:11]               contoh    : ['', '', '', '', '', '', '', '']
[2026-10-07 16:13:34]     [2026-10-07 16:13:11]       [GAGAL] block_sap bukan string kosong / hanya spasi
[2026-10-07 16:13:34]     [2026-10-07 16:13:11]               observasi : 29980 baris, 339 menyimpang, 4123 kosong
[2026-10-07 16:13:34]     [2026-10-07 16:13:11]               menyimpang: 339 baris (1.3111%)
[2026-10-07 16:13:34]     [2026-10-07 16:13:11]               contoh    : ['', '', '', '', '', '', '', '']
[2026-10-07 16:13:34]     [2026-10-07 16:13:11]       [ OK  ] condition_label bukan string kosong / hanya spasi
[2026-10-07 16:13:34]     [2026-10-07 16:13:11]       [ OK  ] status_object_label bukan string kosong / hanya spasi
[2026-10-07 16:13:34]     [2026-10-07 16:13:11]       [GAGAL] qc_remarks bukan string kosong / hanya spasi
[2026-10-07 16:13:34]     [2026-10-07 16:13:11]               observasi : 29980 baris, 8988 menyimpang, 12158 kosong
[2026-10-07 16:13:34]     [2026-10-07 16:13:11]               menyimpang: 8988 baris (50.4321%)
[2026-10-07 16:13:34]     [2026-10-07 16:13:11]               contoh    : ['', '', '', '', '', '', '', '']
[2026-10-07 16:13:34]     [2026-10-07 16:13:11]       [GAGAL] qc_user bukan string kosong / hanya spasi
[2026-10-07 16:13:34]     [2026-10-07 16:13:11]               observasi : 29980 baris, 31 menyimpang, 12471 kosong
[2026-10-07 16:13:34]     [2026-10-07 16:13:11]               menyimpang: 31 baris (0.1771%)
[2026-10-07 16:13:34]     [2026-10-07 16:13:11]               contoh    : ['', '', '', '', '', '', '', '']
[2026-10-07 16:13:34]     [2026-10-07 16:13:11]       [ OK  ] surveyor bukan string kosong / hanya spasi
[2026-10-07 16:13:34]     [2026-10-07 16:13:11]       [ OK  ] remark bukan string kosong / hanya spasi
[2026-10-07 16:13:34]     [2026-10-07 16:13:11]       [GAGAL] Rata-rata length dalam koridor [5.91956, 11.8391]
[2026-10-07 16:13:34]     [2026-10-07 16:13:11]               observasi : 5.879124232574937
[2026-10-07 16:13:34]     [2026-10-07 16:13:11]       [ OK  ] Simpangan baku length <= 10.1354
[2026-10-07 16:13:34]     [2026-10-07 16:13:11]       [ OK  ] Bentuk kuantil (p50/p75/p95/p99) sesuai profil historis
[2026-10-07 16:13:34]     [2026-10-07 16:13:11]       [ OK  ] KL divergence length terhadap baseline < 1
[2026-10-07 16:13:34]     [2026-10-07 16:13:11]       [ OK  ] Outlier ekstrem length: |z-score| < 20
[2026-10-07 16:13:34]     [2026-10-07 16:13:11]       [GAGAL] Rata-rata weir_spillway_level dalam koridor [43.3374, 86.6748]
[2026-10-07 16:13:34]     [2026-10-07 16:13:11]               observasi : 43.269914625092795
[2026-10-07 16:13:34]     [2026-10-07 16:13:11]       [ OK  ] Simpangan baku weir_spillway_level <= 67.325
[2026-10-07 16:13:34]     [2026-10-07 16:13:11]       [ OK  ] Bentuk kuantil (p50/p75/p95/p99) sesuai profil historis
[2026-10-07 16:13:34]     [2026-10-07 16:13:11]       [ OK  ] KL divergence weir_spillway_level terhadap baseline < 1
[2026-10-07 16:13:34]     [2026-10-07 16:13:11]       [ OK  ] Outlier ekstrem weir_spillway_level: |z-score| < 20
[2026-10-07 16:13:34]     [2026-10-07 16:13:11]       [GAGAL] afdeling cocok pola yang dikenal
[2026-10-07 16:13:34]     [2026-10-07 16:13:11]               observasi : 29980 baris, 4123 menyimpang, 0 kosong
[2026-10-07 16:13:34]     [2026-10-07 16:13:11]               menyimpang: 4123 baris (13.7525%)
[2026-10-07 16:13:34]     [2026-10-07 16:13:11]               contoh    : ['', '', '', '', '', '', '', '']
[2026-10-07 16:13:34]     [2026-10-07 16:13:11]       [ OK  ] Panjang afdeling antara 0–5 karakter
[2026-10-07 16:13:34]     [2026-10-07 16:13:11]       [GAGAL] block_gis cocok pola yang dikenal
[2026-10-07 16:13:34]     [2026-10-07 16:13:11]               observasi : 29980 baris, 77 menyimpang, 2680 kosong
[2026-10-07 16:13:34]     [2026-10-07 16:13:11]               menyimpang: 77 baris (0.2821%)
[2026-10-07 16:13:34]     [2026-10-07 16:13:11]               contoh    : ['', '', '', '', '', '', '', '']
[2026-10-07 16:13:34]     [2026-10-07 16:13:11]       [ OK  ] Panjang block_gis antara 0–21 karakter
[2026-10-07 16:13:34]     [2026-10-07 16:13:11]       [GAGAL] block_sap cocok salah satu dari 2 pola yang dikenal
[2026-10-07 16:13:34]     [2026-10-07 16:13:11]               observasi : 29980 baris, 339 menyimpang, 4123 kosong
[2026-10-07 16:13:34]     [2026-10-07 16:13:11]               menyimpang: 339 baris (1.3111%)
[2026-10-07 16:13:34]     [2026-10-07 16:13:11]               contoh    : ['', '', '', '', '', '', '', '']
[2026-10-07 16:13:34]     [2026-10-07 16:13:11]       [ OK  ] Panjang block_sap antara 0–3 karakter
[2026-10-07 16:13:34]     [2026-10-07 16:13:11]       [ OK  ] condition_label cocok salah satu dari 2 pola yang dikenal
[2026-10-07 16:13:34]     [2026-10-07 16:13:11]       [GAGAL] qc_remarks cocok pola yang dikenal
[2026-10-07 16:13:34]     [2026-10-07 16:13:11]               observasi : 29980 baris, 8988 menyimpang, 12158 kosong
[2026-10-07 16:13:34]     [2026-10-07 16:13:11]               menyimpang: 8988 baris (50.4321%)
[2026-10-07 16:13:34]     [2026-10-07 16:13:11]               contoh    : ['', '', '', '', '', '', '', '']
[2026-10-07 16:13:34]     [2026-10-07 16:13:11]       [ OK  ] Panjang qc_remarks antara 0–200 karakter
[2026-10-07 16:13:34]     [2026-10-07 16:13:11]       [GAGAL] qc_user cocok pola yang dikenal
[2026-10-07 16:13:34]     [2026-10-07 16:13:11]               observasi : 29980 baris, 31 menyimpang, 12471 kosong
[2026-10-07 16:13:34]     [2026-10-07 16:13:11]               menyimpang: 31 baris (0.1771%)
[2026-10-07 16:13:34]     [2026-10-07 16:13:11]               contoh    : ['', '', '', '', '', '', '', '']
[2026-10-07 16:13:34]     [2026-10-07 16:13:11]       [ OK  ] Panjang qc_user antara 0–29 karakter
[2026-10-07 16:13:34]     [2026-10-07 16:13:11]       [ OK  ] surveyor cocok pola yang dikenal
[2026-10-07 16:13:34]     [2026-10-07 16:13:11]       [GAGAL] remark cocok pola yang dikenal
[2026-10-07 16:13:34]     [2026-10-07 16:13:11]               observasi : 29980 baris, 58 menyimpang, 12328 kosong
[2026-10-07 16:13:34]     [2026-10-07 16:13:11]               menyimpang: 58 baris (0.3286%)
[2026-10-07 16:13:34]     [2026-10-07 16:13:11]               contoh    : ['pergantian gorong²', 'pergantian gorong²', 'jembatàn betina amblas', 'rorak buntu, jembatàn betina amblas', 'jembatàn betina amblas', 'pwrlu pasanv baru, tertimbun jembatàn titi betina', 'pergantian gorong² beton', 'badan jembatàn mulai amblas']
[2026-10-07 16:13:34]     [2026-10-07 16:13:11]       [ OK  ] Panjang remark antara 1–103 karakter
[2026-10-07 16:13:34]     [2026-10-07 16:13:11]       [ OK  ] budget_ref_id cocok pola yang dikenal
[2026-10-07 16:13:34]     [2026-10-07 16:13:11]       [GAGAL] asset_subtype_label bebas dari spasi di awal/akhir (padding tak sengaja)
[2026-10-07 16:13:34]     [2026-10-07 16:13:11]               observasi : 29980 baris, 285 menyimpang, 6866 kosong
[2026-10-07 16:13:34]     [2026-10-07 16:13:11]               menyimpang: 285 baris (1.2330%)
[2026-10-07 16:13:34]     [2026-10-07 16:13:11]               contoh    : ['Underpass ', 'Underpass ', 'Underpass ', 'Underpass ', 'Underpass ', 'Underpass ', 'Underpass ', 'Underpass ']
[2026-10-07 16:13:34]     [2026-10-07 16:13:11]       [ OK  ] asset_subtype_label bebas dari string kosong atau hanya spasi (missing tersembunyi)
[2026-10-07 16:13:34]     [2026-10-07 16:13:11]       [ OK  ] asset_subtype_label bebas dari karakter kontrol / non-printable
[2026-10-07 16:13:34]     [2026-10-07 16:13:11]       [GAGAL] afdeling bebas dari string kosong atau hanya spasi (missing tersembunyi)
[2026-10-07 16:13:34]     [2026-10-07 16:13:11]               observasi : 29980 baris, 4123 menyimpang, 0 kosong
[2026-10-07 16:13:34]     [2026-10-07 16:13:11]               menyimpang: 4123 baris (13.7525%)
[2026-10-07 16:13:34]     [2026-10-07 16:13:11]               contoh    : ['', '', '', '', '', '', '', '']
[2026-10-07 16:13:34]     [2026-10-07 16:13:11]       [ OK  ] afdeling bebas dari karakter kontrol / non-printable
[2026-10-07 16:13:34]     [2026-10-07 16:13:11]       [ OK  ] afdeling bebas dari penggalan HTML/markup (indikasi kebocoran encoding)
[2026-10-07 16:13:34]     [2026-10-07 16:13:11]       [GAGAL] block_gis bebas dari spasi di awal/akhir (padding tak sengaja)
[2026-10-07 16:13:34]     [2026-10-07 16:13:11]               observasi : 29980 baris, 39 menyimpang, 2680 kosong
[2026-10-07 16:13:34]     [2026-10-07 16:13:11]               menyimpang: 39 baris (0.1429%)
[2026-10-07 16:13:34]     [2026-10-07 16:13:11]               contoh    : ['5 24 ', '69 02 ', ' 42', ' ', ' ', '70 03 ', ' ', '72 03 ']
[2026-10-07 16:13:34]     [2026-10-07 16:13:11]       [GAGAL] block_gis bebas dari string kosong atau hanya spasi (missing tersembunyi)
[2026-10-07 16:13:34]     [2026-10-07 16:13:11]               observasi : 29980 baris, 80 menyimpang, 2680 kosong
[2026-10-07 16:13:34]     [2026-10-07 16:13:11]               menyimpang: 80 baris (0.2930%)
[2026-10-07 16:13:34]     [2026-10-07 16:13:11]               contoh    : ['', '', '', '', '', '', '', '']
[2026-10-07 16:13:34]     [2026-10-07 16:13:11]       [ OK  ] block_gis bebas dari karakter kontrol / non-printable
[2026-10-07 16:13:34]     [2026-10-07 16:13:11]       [ OK  ] block_gis bebas dari penggalan HTML/markup (indikasi kebocoran encoding)
[2026-10-07 16:13:34]     [2026-10-07 16:13:11]       [GAGAL] block_sap bebas dari string kosong atau hanya spasi (missing tersembunyi)
[2026-10-07 16:13:34]     [2026-10-07 16:13:11]               observasi : 29980 baris, 339 menyimpang, 4123 kosong
[2026-10-07 16:13:34]     [2026-10-07 16:13:11]               menyimpang: 339 baris (1.3111%)
[2026-10-07 16:13:34]     [2026-10-07 16:13:11]               contoh    : ['', '', '', '', '', '', '', '']
[2026-10-07 16:13:34]     [2026-10-07 16:13:11]       [ OK  ] block_sap bebas dari karakter kontrol / non-printable
[2026-10-07 16:13:34]     [2026-10-07 16:13:11]       [ OK  ] block_sap bebas dari penggalan HTML/markup (indikasi kebocoran encoding)
[2026-10-07 16:13:34]     [2026-10-07 16:13:11]       [GAGAL] qc_remarks bebas dari spasi di awal/akhir (padding tak sengaja)
[2026-10-07 16:13:34]     [2026-10-07 16:13:11]               observasi : 29980 baris, 27 menyimpang, 12158 kosong
[2026-10-07 16:13:34]     [2026-10-07 16:13:11]               menyimpang: 27 baris (0.1515%)
[2026-10-07 16:13:34]     [2026-10-07 16:13:11]               contoh    : [' mengganti gorong untuk memperlancar aliran air', 'sudah rusak bekas ceges jembatan besi bangkai jembatan ada dipinggir KCB ', 'OK jembatan ', 'QC Jembatan OK, jembtan diatas jalan kolektor anak sungai alam ', 'perlu diperbaiki dengan papan atau plat besi untuk kontrol pringgan Kanal TBS ', 'proses penimbunan tanah. kondisi jembatan batang balak rusak. ', 'overlap pengambilan sensus survey lapangan double ', 'Bersihkan dan foto ulang ']
[2026-10-07 16:13:34]     [2026-10-07 16:13:11]       [GAGAL] qc_remarks bebas dari string kosong atau hanya spasi (missing tersembunyi)
[2026-10-07 16:13:34]     [2026-10-07 16:13:11]               observasi : 29980 baris, 8988 menyimpang, 12158 kosong
[2026-10-07 16:13:34]     [2026-10-07 16:13:11]               menyimpang: 8988 baris (50.4321%)
[2026-10-07 16:13:34]     [2026-10-07 16:13:11]               contoh    : ['', '', '', '', '', '', '', '']
[2026-10-07 16:13:34]     [2026-10-07 16:13:11]       [ OK  ] qc_remarks bebas dari karakter kontrol / non-printable
[2026-10-07 16:13:34]     [2026-10-07 16:13:11]       [ OK  ] qc_remarks bebas dari penggalan HTML/markup (indikasi kebocoran encoding)
[2026-10-07 16:13:34]     [2026-10-07 16:13:11]       [GAGAL] qc_user bebas dari string kosong atau hanya spasi (missing tersembunyi)
[2026-10-07 16:13:34]     [2026-10-07 16:13:11]               observasi : 29980 baris, 31 menyimpang, 12471 kosong
[2026-10-07 16:13:34]     [2026-10-07 16:13:11]               menyimpang: 31 baris (0.1771%)
[2026-10-07 16:13:34]     [2026-10-07 16:13:11]               contoh    : ['', '', '', '', '', '', '', '']
[2026-10-07 16:13:34]     [2026-10-07 16:13:11]       [GAGAL] qc_user bebas dari karakter kontrol / non-printable
[2026-10-07 16:13:34]     [2026-10-07 16:13:11]               observasi : 29980 baris, 1 menyimpang, 12471 kosong
[2026-10-07 16:13:34]     [2026-10-07 16:13:11]               menyimpang: 1 baris (0.0057%)
[2026-10-07 16:13:34]     [2026-10-07 16:13:11]               contoh    : ["',\r\n\t\t\tQC_remarks = '"]
[2026-10-07 16:13:34]     [2026-10-07 16:13:11]       [ OK  ] qc_user bebas dari penggalan HTML/markup (indikasi kebocoran encoding)
[2026-10-07 16:13:34]     [2026-10-07 16:13:11]       [ OK  ] qc_user bebas dari literal 'null'/'None'/'nan' sebagai teks
[2026-10-07 16:13:34]     [2026-10-07 16:13:11]       [GAGAL] variant_label bebas dari spasi di awal/akhir (padding tak sengaja)
[2026-10-07 16:13:34]     [2026-10-07 16:13:11]               observasi : 29980 baris, 1127 menyimpang, 27680 kosong
[2026-10-07 16:13:34]     [2026-10-07 16:13:11]               menyimpang: 1127 baris (49.0000%)
[2026-10-07 16:13:34]     [2026-10-07 16:13:11]               contoh    : [' Weir Tundung PVC 6 inch', ' Weir Tundung PVC 6 inch', ' Weir Tundung PVC 6 inch', ' Weir Tundung PVC 6 inch', ' Weir Tundung PVC 6 inch', 'WEIR PRECAST WALL STD2 300250-2 ', ' Weir Tundung PVC 6 inch', ' Weir Tundung PVC 6 inch']
[2026-10-07 16:13:34]     [2026-10-07 16:13:11]       [ OK  ] variant_label bebas dari string kosong atau hanya spasi (missing tersembunyi)
[2026-10-07 16:13:34]     [2026-10-07 16:13:11]       [ OK  ] variant_label bebas dari karakter kontrol / non-printable
[2026-10-07 16:13:34]     [2026-10-07 16:13:11]       [GAGAL] variant_dimensi bebas dari spasi di awal/akhir (padding tak sengaja)
[2026-10-07 16:13:34]     [2026-10-07 16:13:11]               observasi : 29980 baris, 150 menyimpang, 27680 kosong
[2026-10-07 16:13:34]     [2026-10-07 16:13:11]               menyimpang: 150 baris (6.5217%)
[2026-10-07 16:13:34]     [2026-10-07 16:13:11]               contoh    : ['400 x 80 cm ', '400 x 80 cm ', '400 x 80 cm ', '400 x 80 cm ', '400 x 80 cm ', '400 x 80 cm ', '100 x 75 cm ', '400 x 80 cm ']
[2026-10-07 16:13:34]     [2026-10-07 16:13:11]       [ OK  ] variant_dimensi bebas dari string kosong atau hanya spasi (missing tersembunyi)
[2026-10-07 16:13:34]     [2026-10-07 16:13:11]       [ OK  ] variant_dimensi bebas dari karakter kontrol / non-printable
[2026-10-07 16:13:34]     [2026-10-07 16:13:11]               alasan    : Query ke SQL Server gagal, jadi tidak ada nilai pembanding: Gagal konek ke SQL Server (Error): ('01000', "[01000] [unixODBC][Driver Manager]Can't open lib 'ODBC Driver 17 for SQL Server' : file not found (0) (SQLDriverConnect)")
[2026-10-07 16:13:34]     [2026-10-07 16:13:11]       Periksa SQLSERVER_HOST/DB/UID/PWD di .env, VPN/firewall ke server, dan apakah ODBC Driver 17 for SQL Server terinstal.
[2026-10-07 16:13:34]     [2026-10-07 16:13:11]     
[2026-10-07 16:13:34]     [2026-10-07 16:13:11]     10. FORMAT & PATTERN COMPLIANCE  —  0 lolos / 0 gagal / 1 dilewati
[2026-10-07 16:13:34]     [2026-10-07 16:13:11]     ------------------------------------------------------------------
[2026-10-07 16:13:34]     [2026-10-07 16:13:11]       [LEWAT] Kepatuhan format terhadap standar bisnis
[2026-10-07 16:13:34]     [2026-10-07 16:13:11]     VERDIKT: TIDAK LAYAK — ada kegagalan blocking
[2026-10-07 16:13:34]     [2026-10-07 16:13:11]     ====================================================================================================
[2026-10-07 16:13:34]     [2026-10-07 16:13:11]     
[2026-10-07 16:13:34]     [2026-10-07 16:13:11]     Laporan Markdown : /Users/Pooja/Downloads/Great Expectations bronze layer/reports/gold_master_awm_validation.md
[2026-10-07 16:13:34]     [2026-10-07 16:13:11]     Laporan JSON     : /Users/Pooja/Downloads/Great Expectations bronze layer/reports/gold_master_awm_validation.json
[2026-10-07 16:13:34]     [2026-10-07 16:13:11]   validate exit code = 1  durasi=27.3s
[2026-10-07 16:13:34]     [2026-10-07 16:13:11] END   validate          | dataset=gold_master_awm  exit=1  durasi=27.3s  status=GAGAL(1)
[2026-10-07 16:13:34]     [2026-10-07 16:13:11] DONE  gold_master_awm              | build=0  validate=1  status=GAGAL
[2026-10-07 16:13:34]     [2026-10-07 16:13:11] 
[2026-10-07 16:13:34]     [2026-10-07 16:13:11] ==============================================================================
[2026-10-07 16:13:34]     [2026-10-07 16:13:11] [4/7] DATASET: gold_master_block
[2026-10-07 16:13:34]     [2026-10-07 16:13:11] ==============================================================================
[2026-10-07 16:13:34]     [2026-10-07 16:13:11] SKIP  build_reference  | dataset=gold_master_block (--no-build)
[2026-10-07 16:13:34]     [2026-10-07 16:13:11] START validate         | dataset=gold_master_block
[2026-10-07 16:13:34]     [2026-10-07 16:13:11]   $ /opt/anaconda3/bin/python /Users/Pooja/Downloads/Great Expectations bronze layer/validate.py --config /Users/Pooja/Downloads/Great Expectations bronze layer/gold_data_validation.yml --source s3 --dataset gold_master_block --mode harian --no-data-docs --date 2026-10-06 --fallback-latest
[2026-10-07 16:13:34]     [2026-10-07 16:13:25]       [fallback] partisi '2026-10-06' tidak ditemukan (AttributeError), pakai partisi terbaru
[2026-10-07 16:13:34]     [2026-10-07 16:13:25]     Memuat [s3]: s3://kpn-gis-s3-bucket/datalake/gold/mgb/master_block/snapshot_date=2026-10-06/part-00000-f21950a1-94ea-46fa-8e38-7762802ad51e.c000.zstd.parquet
[2026-10-07 16:13:34]     [2026-10-07 16:13:25]     
[2026-10-07 16:13:34]     [2026-10-07 16:13:25]     ====================================================================================================
[2026-10-07 16:13:34]     [2026-10-07 16:13:25]     HASIL VALIDASI — GOLD_MASTER_BLOCK — 8 DIMENSI KUALITAS DATA
[2026-10-07 16:13:34]     [2026-10-07 16:13:25]     ====================================================================================================
[2026-10-07 16:13:34]     [2026-10-07 16:13:25]       Dataset   : gold_master_block  (Gold Master Block -- master data block mapping dari berbagai sumber (MGB2, COR, SAP, PLA). Snapshot harian dari T_Master_Block_All.)
[2026-10-07 16:13:34]     [2026-10-07 16:13:25]       [GAGAL] Tipe yop = integer (int64/int32/int16/int8)
[2026-10-07 16:13:34]     [2026-10-07 16:13:25]               observasi : float64
[2026-10-07 16:13:34]     [2026-10-07 16:13:25]       [ OK  ] Tipe progeny = string (object)
[2026-10-07 16:13:34]     [2026-10-07 16:13:25]       [ OK  ] Tipe owner_code = string (object)
[2026-10-07 16:13:34]     [2026-10-07 16:13:25]       [ OK  ] Tipe ownership = string (object)
[2026-10-07 16:13:34]     [2026-10-07 16:13:25]       [ OK  ] Tipe topografi = string (object)
[2026-10-07 16:13:34]     [2026-10-07 16:13:25]       [GAGAL] block_sap bukan string kosong / hanya spasi
[2026-10-07 16:13:34]     [2026-10-07 16:13:25]               observasi : 7576 baris, 244 menyimpang, 0 kosong
[2026-10-07 16:13:34]     [2026-10-07 16:13:25]               menyimpang: 244 baris (3.2207%)
[2026-10-07 16:13:34]     [2026-10-07 16:13:25]               contoh    : ['', '', '', '', '', '', '', '']
[2026-10-07 16:13:34]     [2026-10-07 16:13:25]       [ OK  ] zkprs bukan string kosong / hanya spasi
[2026-10-07 16:13:34]     [2026-10-07 16:13:25]       [ OK  ] koperasi_name bukan string kosong / hanya spasi
[2026-10-07 16:13:34]     [2026-10-07 16:13:25]       [GAGAL] progeny bukan string kosong / hanya spasi
[2026-10-07 16:13:34]     [2026-10-07 16:13:25]               observasi : 7576 baris, 361 menyimpang, 0 kosong
[2026-10-07 16:13:34]     [2026-10-07 16:13:25]               menyimpang: 361 baris (4.7650%)
[2026-10-07 16:13:34]     [2026-10-07 16:13:25]               contoh    : ['', '', '', '', '', '', '', '']
[2026-10-07 16:13:34]     [2026-10-07 16:13:25]       [ OK  ] owner_code bukan string kosong / hanya spasi
[2026-10-07 16:13:34]     [2026-10-07 16:13:25]       [ OK  ] ownership bukan string kosong / hanya spasi
[2026-10-07 16:13:34]     [2026-10-07 16:13:25]       [GAGAL] topografi bukan string kosong / hanya spasi
[2026-10-07 16:13:34]     [2026-10-07 16:13:25]               observasi : 7576 baris, 360 menyimpang, 0 kosong
[2026-10-07 16:13:34]     [2026-10-07 16:13:25]               menyimpang: 360 baris (4.7518%)
[2026-10-07 16:13:34]     [2026-10-07 16:13:25]               contoh    : ['', '', '', '', '', '', '', '']
[2026-10-07 16:13:34]     [2026-10-07 16:13:25]       [ OK  ] deskripsi_topografi bukan string kosong / hanya spasi
[2026-10-07 16:13:34]     [2026-10-07 16:13:25]       [GAGAL] soil bukan string kosong / hanya spasi
[2026-10-07 16:13:34]     [2026-10-07 16:13:25]               observasi : 7576 baris, 360 menyimpang, 0 kosong
[2026-10-07 16:13:34]     [2026-10-07 16:13:25]               menyimpang: 360 baris (4.7518%)
[2026-10-07 16:13:34]     [2026-10-07 16:13:25]               contoh    : ['', '', '', '', '', '', '', '']
[2026-10-07 16:13:34]     [2026-10-07 16:13:25]       [GAGAL] crop_type bukan string kosong / hanya spasi
[2026-10-07 16:13:34]     [2026-10-07 16:13:25]               observasi : 7576 baris, 360 menyimpang, 0 kosong
[2026-10-07 16:13:34]     [2026-10-07 16:13:25]               menyimpang: 360 baris (4.7518%)
[2026-10-07 16:13:34]     [2026-10-07 16:13:25]               contoh    : ['', '', '', '', '', '', '', '']
[2026-10-07 16:13:34]     [2026-10-07 16:13:25]       [ OK  ] survey_stage_desc bukan string kosong / hanya spasi
[2026-10-07 16:13:34]     [2026-10-07 16:13:25]       [ OK  ] survey_stage_desc_full bukan string kosong / hanya spasi
[2026-10-07 16:13:34]     [2026-10-07 16:13:25]       [GAGAL] fase_tanaman bukan string kosong / hanya spasi
[2026-10-07 16:13:34]     [2026-10-07 16:13:25]               observasi : 7576 baris, 363 menyimpang, 0 kosong
[2026-10-07 16:13:34]     [2026-10-07 16:13:25]               menyimpang: 363 baris (4.7914%)
[2026-10-07 16:13:34]     [2026-10-07 16:13:25]               contoh    : ['', '', '', '', '', '', '', '']
[2026-10-07 16:13:34]     [2026-10-07 16:13:25]       [ OK  ] update_name bukan string kosong / hanya spasi
[2026-10-07 16:13:34]     [2026-10-07 16:13:25]     
[2026-10-07 16:13:34]     [2026-10-07 16:13:25]       [GAGAL] block_sap cocok salah satu dari 2 pola yang dikenal
[2026-10-07 16:13:34]     [2026-10-07 16:13:25]               observasi : 7576 baris, 244 menyimpang, 0 kosong
[2026-10-07 16:13:34]     [2026-10-07 16:13:25]               menyimpang: 244 baris (3.2207%)
[2026-10-07 16:13:34]     [2026-10-07 16:13:25]               contoh    : ['', '', '', '', '', '', '', '']
[2026-10-07 16:13:34]     [2026-10-07 16:13:25]       [ OK  ] Panjang block_sap antara 0–3 karakter
[2026-10-07 16:13:34]     [2026-10-07 16:13:25]       [ OK  ] zkprs cocok pola yang dikenal
[2026-10-07 16:13:34]     [2026-10-07 16:13:25]       [GAGAL] progeny cocok salah satu dari 4 pola yang dikenal
[2026-10-07 16:13:34]     [2026-10-07 16:13:25]               observasi : 7576 baris, 361 menyimpang, 0 kosong
[2026-10-07 16:13:34]     [2026-10-07 16:13:25]               menyimpang: 361 baris (4.7650%)
[2026-10-07 16:13:34]     [2026-10-07 16:13:25]               contoh    : ['', '', '', '', '', '', '', '']
[2026-10-07 16:13:34]     [2026-10-07 16:13:25]       [ OK  ] Panjang progeny antara 0–13 karakter
[2026-10-07 16:13:34]     [2026-10-07 16:13:25]       [ OK  ] owner_code cocok pola yang dikenal
[2026-10-07 16:13:34]     [2026-10-07 16:13:25]       [GAGAL] topografi cocok pola yang dikenal
[2026-10-07 16:13:34]     [2026-10-07 16:13:25]               observasi : 7576 baris, 360 menyimpang, 0 kosong
[2026-10-07 16:13:34]     [2026-10-07 16:13:25]               menyimpang: 360 baris (4.7518%)
[2026-10-07 16:13:34]     [2026-10-07 16:13:25]               contoh    : ['', '', '', '', '', '', '', '']
[2026-10-07 16:13:34]     [2026-10-07 16:13:25]       [ OK  ] Panjang topografi antara 0–3 karakter
[2026-10-07 16:13:34]     [2026-10-07 16:13:25]       [ OK  ] deskripsi_topografi cocok salah satu dari 2 pola yang dikenal
[2026-10-07 16:13:34]     [2026-10-07 16:13:25]       [GAGAL] soil cocok pola yang dikenal
[2026-10-07 16:13:34]     [2026-10-07 16:13:25]               observasi : 7576 baris, 360 menyimpang, 0 kosong
[2026-10-07 16:13:34]     [2026-10-07 16:13:25]               menyimpang: 360 baris (4.7518%)
[2026-10-07 16:13:34]     [2026-10-07 16:13:25]               contoh    : ['', '', '', '', '', '', '', '']
[2026-10-07 16:13:34]     [2026-10-07 16:13:25]       [ OK  ] Panjang soil antara 0–7 karakter
[2026-10-07 16:13:34]     [2026-10-07 16:13:25]       [GAGAL] crop_type cocok pola yang dikenal
[2026-10-07 16:13:34]     [2026-10-07 16:13:25]               observasi : 7576 baris, 360 menyimpang, 0 kosong
[2026-10-07 16:13:34]     [2026-10-07 16:13:25]               menyimpang: 360 baris (4.7518%)
[2026-10-07 16:13:34]     [2026-10-07 16:13:25]               contoh    : ['', '', '', '', '', '', '', '']
[2026-10-07 16:13:34]     [2026-10-07 16:13:25]       [ OK  ] Panjang crop_type antara 0–4 karakter
[2026-10-07 16:13:34]     [2026-10-07 16:13:25]       [ OK  ] survey_stage_desc cocok salah satu dari 2 pola yang dikenal
[2026-10-07 16:13:34]     [2026-10-07 16:13:25]       [GAGAL] fase_tanaman cocok pola yang dikenal
[2026-10-07 16:13:34]     [2026-10-07 16:13:25]               observasi : 7576 baris, 363 menyimpang, 0 kosong
[2026-10-07 16:13:34]     [2026-10-07 16:13:25]               menyimpang: 363 baris (4.7914%)
[2026-10-07 16:13:34]     [2026-10-07 16:13:25]               contoh    : ['', '', '', '', '', '', '', '']
[2026-10-07 16:13:34]     [2026-10-07 16:13:25]       [ OK  ] Panjang fase_tanaman antara 0–3 karakter
[2026-10-07 16:13:34]     [2026-10-07 16:13:25]       [ OK  ] update_name cocok salah satu dari 3 pola yang dikenal
[2026-10-07 16:13:34]     [2026-10-07 16:13:25]       [GAGAL] block_sap bebas dari string kosong atau hanya spasi (missing tersembunyi)
[2026-10-07 16:13:34]     [2026-10-07 16:13:25]               observasi : 7576 baris, 244 menyimpang, 0 kosong
[2026-10-07 16:13:34]     [2026-10-07 16:13:25]               menyimpang: 244 baris (3.2207%)
[2026-10-07 16:13:34]     [2026-10-07 16:13:25]               contoh    : ['', '', '', '', '', '', '', '']
[2026-10-07 16:13:34]     [2026-10-07 16:13:25]       [ OK  ] block_sap bebas dari karakter kontrol / non-printable
[2026-10-07 16:13:34]     [2026-10-07 16:13:25]       [ OK  ] block_sap bebas dari penggalan HTML/markup (indikasi kebocoran encoding)
[2026-10-07 16:13:34]     [2026-10-07 16:13:25]       [GAGAL] progeny bebas dari string kosong atau hanya spasi (missing tersembunyi)
[2026-10-07 16:13:34]     [2026-10-07 16:13:25]               observasi : 7576 baris, 361 menyimpang, 0 kosong
[2026-10-07 16:13:34]     [2026-10-07 16:13:25]               menyimpang: 361 baris (4.7650%)
[2026-10-07 16:13:34]     [2026-10-07 16:13:25]               contoh    : ['', '', '', '', '', '', '', '']
[2026-10-07 16:13:34]     [2026-10-07 16:13:25]       [ OK  ] progeny bebas dari karakter kontrol / non-printable
[2026-10-07 16:13:34]     [2026-10-07 16:13:25]       [ OK  ] progeny bebas dari penggalan HTML/markup (indikasi kebocoran encoding)
[2026-10-07 16:13:34]     [2026-10-07 16:13:25]       [GAGAL] topografi bebas dari string kosong atau hanya spasi (missing tersembunyi)
[2026-10-07 16:13:34]     [2026-10-07 16:13:25]               observasi : 7576 baris, 360 menyimpang, 0 kosong
[2026-10-07 16:13:34]     [2026-10-07 16:13:25]               menyimpang: 360 baris (4.7518%)
[2026-10-07 16:13:34]     [2026-10-07 16:13:25]               contoh    : ['', '', '', '', '', '', '', '']
[2026-10-07 16:13:34]     [2026-10-07 16:13:25]       [ OK  ] topografi bebas dari karakter kontrol / non-printable
[2026-10-07 16:13:34]     [2026-10-07 16:13:25]       [ OK  ] topografi bebas dari penggalan HTML/markup (indikasi kebocoran encoding)
[2026-10-07 16:13:34]     [2026-10-07 16:13:25]       [GAGAL] soil bebas dari string kosong atau hanya spasi (missing tersembunyi)
[2026-10-07 16:13:34]     [2026-10-07 16:13:25]               observasi : 7576 baris, 360 menyimpang, 0 kosong
[2026-10-07 16:13:34]     [2026-10-07 16:13:25]               menyimpang: 360 baris (4.7518%)
[2026-10-07 16:13:34]     [2026-10-07 16:13:25]               contoh    : ['', '', '', '', '', '', '', '']
[2026-10-07 16:13:34]     [2026-10-07 16:13:25]       [ OK  ] soil bebas dari karakter kontrol / non-printable
[2026-10-07 16:13:34]     [2026-10-07 16:13:25]       [ OK  ] soil bebas dari penggalan HTML/markup (indikasi kebocoran encoding)
[2026-10-07 16:13:34]     [2026-10-07 16:13:25]       [GAGAL] crop_type bebas dari string kosong atau hanya spasi (missing tersembunyi)
[2026-10-07 16:13:34]     [2026-10-07 16:13:25]               observasi : 7576 baris, 360 menyimpang, 0 kosong
[2026-10-07 16:13:34]     [2026-10-07 16:13:25]               menyimpang: 360 baris (4.7518%)
[2026-10-07 16:13:34]     [2026-10-07 16:13:25]               contoh    : ['', '', '', '', '', '', '', '']
[2026-10-07 16:13:34]     [2026-10-07 16:13:25]       [ OK  ] crop_type bebas dari karakter kontrol / non-printable
[2026-10-07 16:13:34]     [2026-10-07 16:13:25]       [ OK  ] crop_type bebas dari penggalan HTML/markup (indikasi kebocoran encoding)
[2026-10-07 16:13:34]     [2026-10-07 16:13:25]       [GAGAL] fase_tanaman bebas dari string kosong atau hanya spasi (missing tersembunyi)
[2026-10-07 16:13:34]     [2026-10-07 16:13:25]               observasi : 7576 baris, 363 menyimpang, 0 kosong
[2026-10-07 16:13:34]     [2026-10-07 16:13:25]               menyimpang: 363 baris (4.7914%)
[2026-10-07 16:13:34]     [2026-10-07 16:13:25]               contoh    : ['', '', '', '', '', '', '', '']
[2026-10-07 16:13:34]     [2026-10-07 16:13:25]       [ OK  ] fase_tanaman bebas dari karakter kontrol / non-printable
[2026-10-07 16:13:34]     [2026-10-07 16:13:25]       [ OK  ] fase_tanaman bebas dari penggalan HTML/markup (indikasi kebocoran encoding)
[2026-10-07 16:13:34]     [2026-10-07 16:13:25]               alasan    : Query ke SQL Server gagal, jadi tidak ada nilai pembanding: Gagal konek ke SQL Server (Error): ('01000', "[01000] [unixODBC][Driver Manager]Can't open lib 'ODBC Driver 17 for SQL Server' : file not found (0) (SQLDriverConnect)")
[2026-10-07 16:13:34]     [2026-10-07 16:13:25]       Periksa SQLSERVER_HOST/DB/UID/PWD di .env, VPN/firewall ke server, dan apakah ODBC Driver 17 for SQL Server terinstal.
[2026-10-07 16:13:34]     [2026-10-07 16:13:25]     
[2026-10-07 16:13:34]     [2026-10-07 16:13:25]     10. FORMAT & PATTERN COMPLIANCE  —  0 lolos / 0 gagal / 1 dilewati
[2026-10-07 16:13:34]     [2026-10-07 16:13:25]     ------------------------------------------------------------------
[2026-10-07 16:13:34]     [2026-10-07 16:13:25]       [LEWAT] Kepatuhan format terhadap standar bisnis
[2026-10-07 16:13:34]     [2026-10-07 16:13:25]     VERDIKT: TIDAK LAYAK — ada kegagalan blocking
[2026-10-07 16:13:34]     [2026-10-07 16:13:25]     ====================================================================================================
[2026-10-07 16:13:34]     [2026-10-07 16:13:25]     
[2026-10-07 16:13:34]     [2026-10-07 16:13:25]     Laporan Markdown : /Users/Pooja/Downloads/Great Expectations bronze layer/reports/gold_master_block_validation.md
[2026-10-07 16:13:34]     [2026-10-07 16:13:25]     Laporan JSON     : /Users/Pooja/Downloads/Great Expectations bronze layer/reports/gold_master_block_validation.json
[2026-10-07 16:13:34]     [2026-10-07 16:13:25]   validate exit code = 1  durasi=14.5s
[2026-10-07 16:13:34]     [2026-10-07 16:13:25] END   validate          | dataset=gold_master_block  exit=1  durasi=14.5s  status=GAGAL(1)
[2026-10-07 16:13:34]     [2026-10-07 16:13:25] DONE  gold_master_block            | build=0  validate=1  status=GAGAL
[2026-10-07 16:13:34]     [2026-10-07 16:13:25] 
[2026-10-07 16:13:34]     [2026-10-07 16:13:25] ==============================================================================
[2026-10-07 16:13:34]     [2026-10-07 16:13:25] [5/7] DATASET: gold_master_estate
[2026-10-07 16:13:34]     [2026-10-07 16:13:25] ==============================================================================
[2026-10-07 16:13:34]     [2026-10-07 16:13:25] SKIP  build_reference  | dataset=gold_master_estate (--no-build)
[2026-10-07 16:13:34]     [2026-10-07 16:13:25] START validate         | dataset=gold_master_estate
[2026-10-07 16:13:34]     [2026-10-07 16:13:25]   $ /opt/anaconda3/bin/python /Users/Pooja/Downloads/Great Expectations bronze layer/validate.py --config /Users/Pooja/Downloads/Great Expectations bronze layer/gold_data_validation.yml --source s3 --dataset gold_master_estate --mode harian --no-data-docs --date 2026-10-06 --fallback-latest
[2026-10-07 16:13:34]     [2026-10-07 16:13:29]       [fallback] partisi '2026-10-06' tidak ditemukan (AttributeError), pakai partisi terbaru
[2026-10-07 16:13:34]     [2026-10-07 16:13:29]     Memuat [s3]: s3://kpn-gis-s3-bucket/datalake/gold/cor/master_estate/snapshot_date=2026-10-06/part-00000-0464459c-4a6f-4472-b20f-cba0f35c630c.c000.zstd.parquet
[2026-10-07 16:13:34]     [2026-10-07 16:13:29]     
[2026-10-07 16:13:34]     [2026-10-07 16:13:29]     ====================================================================================================
[2026-10-07 16:13:34]     [2026-10-07 16:13:29]     HASIL VALIDASI — GOLD_MASTER_ESTATE — 8 DIMENSI KUALITAS DATA
[2026-10-07 16:13:34]     [2026-10-07 16:13:29]     ====================================================================================================
[2026-10-07 16:13:34]     [2026-10-07 16:13:29]       Dataset   : gold_master_estate  (Gold Master Estate - Data master kebun/estate dari sumber enterprise)
[2026-10-07 16:13:34]     [2026-10-07 16:13:29]       [GAGAL] Jumlah kolom tepat 25
[2026-10-07 16:13:34]     [2026-10-07 16:13:29]               observasi : 24
[2026-10-07 16:13:34]     [2026-10-07 16:13:29]       [GAGAL] Tidak ada kolom hilang maupun kolom tak terduga (schema evolution)
[2026-10-07 16:13:34]     [2026-10-07 16:13:29]               observasi : ['company_code', 'est_code', 'est_code_sap', 'est_new_code', 'group_company_name', 'grouping', 'has_sap_code', 'is_ars_monitored', 'is_awl_monitored', 'is_klhk_monitored', 'is_manual_ombro_monitored', 'is_manual_wl_tmas_monitored', 'is_manual_wl_tmat_monitored', 'is_ombrometer_available', 'loaded_at', 'new_est_name', 'plantation', 'region_group', 'region_id', 'source_id', 'x_max', 'x_min', 'y_max', 'y_min']
[2026-10-07 16:13:34]     [2026-10-07 16:13:29]       [ OK  ] Tipe source_id = integer (int64/int32/int16/int8)
[2026-10-07 16:13:34]     [2026-10-07 16:13:29]       [ OK  ] Tipe plantation = string (object)
[2026-10-07 16:13:34]     [2026-10-07 16:13:29]       [ OK  ] Tipe grouping = string (object)
[2026-10-07 16:13:34]     [2026-10-07 16:13:29]       [ OK  ] Tipe group_company_name = string (object)
[2026-10-07 16:13:34]     [2026-10-07 16:13:29]       [GAGAL] Tipe region_id = integer (int64/int32/int16/int8)
[2026-10-07 16:13:34]     [2026-10-07 16:13:29]               observasi : float64
[2026-10-07 16:13:34]     [2026-10-07 16:13:29]       [ OK  ] Tipe region_group = string (object)
[2026-10-07 16:13:34]     [2026-10-07 16:13:29]       [ OK  ] Tipe has_sap_code = boolean (bool)
[2026-10-07 16:13:34]     [2026-10-07 16:13:29]       [ OK  ] Tipe x_min = decimal (object)
[2026-10-07 16:13:34]     [2026-10-07 16:13:29]       [ OK  ] Tipe y_min = decimal (object)
[2026-10-07 16:13:34]     [2026-10-07 16:13:29]       [GAGAL] Tipe snapshot_date = datetime (datetime64[us]/datetime64[ns]/datetime64[ms]/datetime64[s]/date)
[2026-10-07 16:13:34]     [2026-10-07 16:13:29]               observasi : None
[2026-10-07 16:13:34]     [2026-10-07 16:13:29]     
[2026-10-07 16:13:34]     [2026-10-07 16:13:29]     2. VOLUME  —  2 lolos / 0 gagal
[2026-10-07 16:13:34]     [2026-10-07 16:13:29]     -------------------------------
[2026-10-07 16:13:34]     [2026-10-07 16:13:29]       [ OK  ] Tabel tidak kosong
[2026-10-07 16:13:34]     [2026-10-07 16:13:29]       [GAGAL] Semua snapshot_date di dalam window partisi [2026-10-06 00:00 .. 2026-10-06 23:59]
[2026-10-07 16:13:34]     [2026-10-07 16:13:29]               observasi : None
[2026-10-07 16:13:34]     [2026-10-07 16:13:29]       [ WARN] snapshot_date terbaru menyentuh akhir window partisi
[2026-10-07 16:13:34]     [2026-10-07 16:13:29]               observasi : None
[2026-10-07 16:13:34]     [2026-10-07 16:13:29]       [GAGAL] snapshot_date tidak berada di masa depan
[2026-10-07 16:13:34]     [2026-10-07 16:13:29]               observasi : None
[2026-10-07 16:13:34]     [2026-10-07 16:13:29]     
[2026-10-07 16:13:34]     [2026-10-07 16:13:29]     4. MISSINGNESS  —  33 lolos / 1 gagal
[2026-10-07 16:13:34]     [2026-10-07 16:13:29]     -------------------------------------
[2026-10-07 16:13:34]     [2026-10-07 16:13:29]       [ OK  ] source_id tidak boleh null
[2026-10-07 16:13:34]     [2026-10-07 16:13:29]       [GAGAL] snapshot_date tidak boleh null
[2026-10-07 16:13:34]     [2026-10-07 16:13:29]               observasi : None
[2026-10-07 16:13:34]     [2026-10-07 16:13:29]       [ OK  ] plantation bukan string kosong / hanya spasi
[2026-10-07 16:13:34]     [2026-10-07 16:13:29]       [ OK  ] grouping bukan string kosong / hanya spasi
[2026-10-07 16:13:34]     [2026-10-07 16:13:29]       [ OK  ] group_company_name bukan string kosong / hanya spasi
[2026-10-07 16:13:34]     [2026-10-07 16:13:29]       [ OK  ] company_code bukan string kosong / hanya spasi
[2026-10-07 16:13:34]     [2026-10-07 16:13:29]       [GAGAL] Bentuk kuantil (p50/p75/p95/p99) sesuai profil historis
[2026-10-07 16:13:34]     [2026-10-07 16:13:29]               observasi : {'quantiles': [0.5, 0.75, 0.95, 0.99], 'values': [-15227.8203000017, 6285.79989999905, 162877.8728, 210854.079599999]}
[2026-10-07 16:13:34]     [2026-10-07 16:13:29]       [ OK  ] KL divergence y_min terhadap baseline < 1
[2026-10-07 16:13:34]     [2026-10-07 16:13:29]       [ OK  ] Outlier ekstrem y_min: |z-score| < 20
[2026-10-07 16:13:34]     [2026-10-07 16:13:29]       [ OK  ] Rata-rata x_max dalam koridor [1.21614e+07, 2.43228e+07]
[2026-10-07 16:13:34]     [2026-10-07 16:13:29]       [ OK  ] Simpangan baku x_max <= 2.28191e+06
[2026-10-07 16:13:34]     [2026-10-07 16:13:29]       [GAGAL] Bentuk kuantil (p50/p75/p95/p99) sesuai profil historis
[2026-10-07 16:13:34]     [2026-10-07 16:13:29]               observasi : {'quantiles': [0.5, 0.75, 0.95, 0.99], 'values': [9973.74100000039, 38423.8024999984, 172864.339400001, 225195.4899]}
[2026-10-07 16:13:34]     [2026-10-07 16:13:29]       [ OK  ] KL divergence y_max terhadap baseline < 1
[2026-10-07 16:13:34]     [2026-10-07 16:13:29]       [ OK  ] Outlier ekstrem y_max: |z-score| < 20
[2026-10-07 16:13:34]     [2026-10-07 16:13:29]     
[2026-10-07 16:13:34]     [2026-10-07 16:13:29]     8. DATA CLEANLINESS & ENCODING  —  67 lolos / 0 gagal
[2026-10-07 16:13:34]     [2026-10-07 16:13:29]               alasan    : Query ke SQL Server gagal, jadi tidak ada nilai pembanding: Gagal konek ke SQL Server (Error): ('01000', "[01000] [unixODBC][Driver Manager]Can't open lib 'ODBC Driver 17 for SQL Server' : file not found (0) (SQLDriverConnect)")
[2026-10-07 16:13:34]     [2026-10-07 16:13:29]       Periksa SQLSERVER_HOST/DB/UID/PWD di .env, VPN/firewall ke server, dan apakah ODBC Driver 17 for SQL Server terinstal.
[2026-10-07 16:13:34]     [2026-10-07 16:13:29]     
[2026-10-07 16:13:34]     [2026-10-07 16:13:29]     10. FORMAT & PATTERN COMPLIANCE  —  0 lolos / 0 gagal / 1 dilewati
[2026-10-07 16:13:34]     [2026-10-07 16:13:29]     ------------------------------------------------------------------
[2026-10-07 16:13:34]     [2026-10-07 16:13:29]       [LEWAT] Kepatuhan format terhadap standar bisnis
[2026-10-07 16:13:34]     [2026-10-07 16:13:29]     VERDIKT: TIDAK LAYAK — ada kegagalan blocking
[2026-10-07 16:13:34]     [2026-10-07 16:13:29]     ====================================================================================================
[2026-10-07 16:13:34]     [2026-10-07 16:13:29]     
[2026-10-07 16:13:34]     [2026-10-07 16:13:29]     Laporan Markdown : /Users/Pooja/Downloads/Great Expectations bronze layer/reports/gold_master_estate_validation.md
[2026-10-07 16:13:34]     [2026-10-07 16:13:29]     Laporan JSON     : /Users/Pooja/Downloads/Great Expectations bronze layer/reports/gold_master_estate_validation.json
[2026-10-07 16:13:34]     [2026-10-07 16:13:29]   validate exit code = 1  durasi=3.4s
[2026-10-07 16:13:34]     [2026-10-07 16:13:29] END   validate          | dataset=gold_master_estate  exit=1  durasi=3.4s  status=GAGAL(1)
[2026-10-07 16:13:34]     [2026-10-07 16:13:29] DONE  gold_master_estate           | build=0  validate=1  status=GAGAL
[2026-10-07 16:13:34]     [2026-10-07 16:13:29] 
[2026-10-07 16:13:34]     [2026-10-07 16:13:29] ==============================================================================
[2026-10-07 16:13:34]     [2026-10-07 16:13:29] [6/7] DATASET: gold_master_ombrometer
[2026-10-07 16:13:34]     [2026-10-07 16:13:29] ==============================================================================
[2026-10-07 16:13:34]     [2026-10-07 16:13:29] SKIP  build_reference  | dataset=gold_master_ombrometer (--no-build)
[2026-10-07 16:13:34]     [2026-10-07 16:13:29] START validate         | dataset=gold_master_ombrometer
[2026-10-07 16:13:34]     [2026-10-07 16:13:29]   $ /opt/anaconda3/bin/python /Users/Pooja/Downloads/Great Expectations bronze layer/validate.py --config /Users/Pooja/Downloads/Great Expectations bronze layer/gold_data_validation.yml --source s3 --dataset gold_master_ombrometer --mode harian --no-data-docs --date 2026-10-06 --fallback-latest
[2026-10-07 16:13:34]     [2026-10-07 16:13:32]       [fallback] partisi '2026-10-06' tidak ditemukan (AttributeError), pakai partisi terbaru
[2026-10-07 16:13:34]     [2026-10-07 16:13:32]     Memuat [s3]: s3://kpn-gis-s3-bucket/datalake/gold/cor/master_ombrometer/snapshot_date=2026-10-06/part-00000-5a4502a7-61ec-4495-9330-b8859063b7c6.c000.zstd.parquet
[2026-10-07 16:13:34]     [2026-10-07 16:13:32]     
[2026-10-07 16:13:34]     [2026-10-07 16:13:32]     ====================================================================================================
[2026-10-07 16:13:34]     [2026-10-07 16:13:32]     HASIL VALIDASI — GOLD_MASTER_OMBROMETER — 8 DIMENSI KUALITAS DATA
[2026-10-07 16:13:34]     [2026-10-07 16:13:32]     ====================================================================================================
[2026-10-07 16:13:34]     [2026-10-07 16:13:32]       Dataset   : gold_master_ombrometer  (Gold Master Ombrometer - Data master stasiun ombrometer/curh hujan dari berbagai sumber (RIF, SAP, API). Snapshot harian dari T_Master_Ombrometer_All.)
[2026-10-07 16:13:34]     [2026-10-07 16:13:32]       [GAGAL] Jumlah kolom tepat 18
[2026-10-07 16:13:34]     [2026-10-07 16:13:32]               observasi : 17
[2026-10-07 16:13:34]     [2026-10-07 16:13:32]       [GAGAL] Tidak ada kolom hilang maupun kolom tak terduga (schema evolution)
[2026-10-07 16:13:34]     [2026-10-07 16:13:32]               observasi : ['company_code', 'create_by', 'create_date', 'created_name', 'end_date', 'est_code', 'est_code_sap', 'est_new_code', 'grouping', 'loaded_at', 'location', 'plantation', 'start_date', 'station_id', 'station_id_sap', 'station_sap', 'status']
[2026-10-07 16:13:34]     [2026-10-07 16:13:32]       [ OK  ] Tipe station_id = string (object)
[2026-10-07 16:13:34]     [2026-10-07 16:13:32]       [ OK  ] Tipe station_id_sap = string (object)
[2026-10-07 16:13:34]     [2026-10-07 16:13:32]       [ OK  ] Tipe station_sap = string (object)
[2026-10-07 16:13:34]     [2026-10-07 16:13:32]       [ OK  ] Tipe start_date = datetime (datetime64[us]/datetime64[ns]/datetime64[ms]/datetime64[s]/date)
[2026-10-07 16:13:34]     [2026-10-07 16:13:32]       [GAGAL] Tipe snapshot_date = datetime (datetime64[us]/datetime64[ns]/datetime64[ms]/datetime64[s]/date)
[2026-10-07 16:13:34]     [2026-10-07 16:13:32]               observasi : None
[2026-10-07 16:13:34]     [2026-10-07 16:13:32]     
[2026-10-07 16:13:34]     [2026-10-07 16:13:32]     2. VOLUME  —  2 lolos / 0 gagal
[2026-10-07 16:13:34]     [2026-10-07 16:13:32]     -------------------------------
[2026-10-07 16:13:34]     [2026-10-07 16:13:32]       [ OK  ] Tabel tidak kosong
[2026-10-07 16:13:34]     [2026-10-07 16:13:32]       [GAGAL] plantation bukan string kosong / hanya spasi
[2026-10-07 16:13:34]     [2026-10-07 16:13:32]               observasi : 61 baris, 1 menyimpang, 0 kosong
[2026-10-07 16:13:34]     [2026-10-07 16:13:32]               menyimpang: 1 baris (1.6393%)
[2026-10-07 16:13:34]     [2026-10-07 16:13:32]               contoh    : ['']
[2026-10-07 16:13:34]     [2026-10-07 16:13:32]       [GAGAL] grouping bukan string kosong / hanya spasi
[2026-10-07 16:13:34]     [2026-10-07 16:13:32]               observasi : 61 baris, 1 menyimpang, 0 kosong
[2026-10-07 16:13:34]     [2026-10-07 16:13:32]               menyimpang: 1 baris (1.6393%)
[2026-10-07 16:13:34]     [2026-10-07 16:13:32]               contoh    : ['']
[2026-10-07 16:13:34]     [2026-10-07 16:13:32]       [GAGAL] company_code bukan string kosong / hanya spasi
[2026-10-07 16:13:34]     [2026-10-07 16:13:32]               observasi : 61 baris, 1 menyimpang, 0 kosong
[2026-10-07 16:13:34]     [2026-10-07 16:13:32]               menyimpang: 1 baris (1.6393%)
[2026-10-07 16:13:34]     [2026-10-07 16:13:32]               contoh    : ['']
[2026-10-07 16:13:34]     [2026-10-07 16:13:32]       [ OK  ] est_code bukan string kosong / hanya spasi
[2026-10-07 16:13:34]     [2026-10-07 16:13:32]       [ OK  ] est_new_code bukan string kosong / hanya spasi
[2026-10-07 16:13:34]     [2026-10-07 16:13:32]       [GAGAL] plantation cocok pola yang dikenal
[2026-10-07 16:13:34]     [2026-10-07 16:13:32]               observasi : 61 baris, 1 menyimpang, 0 kosong
[2026-10-07 16:13:34]     [2026-10-07 16:13:32]               menyimpang: 1 baris (1.6393%)
[2026-10-07 16:13:34]     [2026-10-07 16:13:32]               contoh    : ['']
[2026-10-07 16:13:34]     [2026-10-07 16:13:32]       [ OK  ] Panjang plantation antara 0–8 karakter
[2026-10-07 16:13:34]     [2026-10-07 16:13:32]       [GAGAL] grouping cocok salah satu dari 5 pola yang dikenal
[2026-10-07 16:13:34]     [2026-10-07 16:13:32]               observasi : 61 baris, 1 menyimpang, 0 kosong
[2026-10-07 16:13:34]     [2026-10-07 16:13:32]               menyimpang: 1 baris (1.6393%)
[2026-10-07 16:13:34]     [2026-10-07 16:13:32]               contoh    : ['']
[2026-10-07 16:13:34]     [2026-10-07 16:13:32]       [ OK  ] Panjang grouping antara 0–17 karakter
[2026-10-07 16:13:34]     [2026-10-07 16:13:32]       [GAGAL] company_code cocok pola yang dikenal
[2026-10-07 16:13:34]     [2026-10-07 16:13:32]               observasi : 61 baris, 1 menyimpang, 0 kosong
[2026-10-07 16:13:34]     [2026-10-07 16:13:32]               menyimpang: 1 baris (1.6393%)
[2026-10-07 16:13:34]     [2026-10-07 16:13:32]               contoh    : ['']
[2026-10-07 16:13:34]     [2026-10-07 16:13:32]       [ OK  ] Panjang company_code antara 0–8 karakter
[2026-10-07 16:13:34]     [2026-10-07 16:13:32]       [ OK  ] est_code cocok salah satu dari 2 pola yang dikenal
[2026-10-07 16:13:34]     [2026-10-07 16:13:32]       [GAGAL] plantation bebas dari string kosong atau hanya spasi (missing tersembunyi)
[2026-10-07 16:13:34]     [2026-10-07 16:13:32]               observasi : 61 baris, 1 menyimpang, 0 kosong
[2026-10-07 16:13:34]     [2026-10-07 16:13:32]               menyimpang: 1 baris (1.6393%)
[2026-10-07 16:13:34]     [2026-10-07 16:13:32]               contoh    : ['']
[2026-10-07 16:13:34]     [2026-10-07 16:13:32]       [ OK  ] plantation bebas dari karakter kontrol / non-printable
[2026-10-07 16:13:34]     [2026-10-07 16:13:32]       [ OK  ] plantation bebas dari penggalan HTML/markup (indikasi kebocoran encoding)
[2026-10-07 16:13:34]     [2026-10-07 16:13:32]       [GAGAL] grouping bebas dari string kosong atau hanya spasi (missing tersembunyi)
[2026-10-07 16:13:34]     [2026-10-07 16:13:32]               observasi : 61 baris, 1 menyimpang, 0 kosong
[2026-10-07 16:13:34]     [2026-10-07 16:13:32]               menyimpang: 1 baris (1.6393%)
[2026-10-07 16:13:34]     [2026-10-07 16:13:32]               contoh    : ['']
[2026-10-07 16:13:34]     [2026-10-07 16:13:32]       [ OK  ] grouping bebas dari karakter kontrol / non-printable
[2026-10-07 16:13:34]     [2026-10-07 16:13:32]       [ OK  ] grouping bebas dari penggalan HTML/markup (indikasi kebocoran encoding)
[2026-10-07 16:13:34]     [2026-10-07 16:13:32]       [GAGAL] company_code bebas dari string kosong atau hanya spasi (missing tersembunyi)
[2026-10-07 16:13:34]     [2026-10-07 16:13:32]               observasi : 61 baris, 1 menyimpang, 0 kosong
[2026-10-07 16:13:34]     [2026-10-07 16:13:32]               menyimpang: 1 baris (1.6393%)
[2026-10-07 16:13:34]     [2026-10-07 16:13:32]               contoh    : ['']
[2026-10-07 16:13:34]     [2026-10-07 16:13:32]       [ OK  ] company_code bebas dari karakter kontrol / non-printable
[2026-10-07 16:13:34]     [2026-10-07 16:13:32]       [ OK  ] company_code bebas dari penggalan HTML/markup (indikasi kebocoran encoding)
[2026-10-07 16:13:34]     [2026-10-07 16:13:32]       [GAGAL] company_code hanya berisi karakter ASCII yang dapat dicetak
[2026-10-07 16:13:34]     [2026-10-07 16:13:32]               observasi : 61 baris, 1 menyimpang, 0 kosong
[2026-10-07 16:13:34]     [2026-10-07 16:13:32]               menyimpang: 1 baris (1.6393%)
[2026-10-07 16:13:34]     [2026-10-07 16:13:32]               contoh    : ['']
[2026-10-07 16:13:34]     [2026-10-07 16:13:32]       [ OK  ] est_code hanya berisi karakter ASCII yang dapat dicetak
[2026-10-07 16:13:34]     [2026-10-07 16:13:32]       [ OK  ] est_new_code hanya berisi karakter ASCII yang dapat dicetak
[2026-10-07 16:13:34]     [2026-10-07 16:13:32]               alasan    : Query ke SQL Server gagal, jadi tidak ada nilai pembanding: Gagal konek ke SQL Server (Error): ('01000', "[01000] [unixODBC][Driver Manager]Can't open lib 'ODBC Driver 17 for SQL Server' : file not found (0) (SQLDriverConnect)")
[2026-10-07 16:13:34]     [2026-10-07 16:13:32]       Periksa SQLSERVER_HOST/DB/UID/PWD di .env, VPN/firewall ke server, dan apakah ODBC Driver 17 for SQL Server terinstal.
[2026-10-07 16:13:34]     [2026-10-07 16:13:32]     
[2026-10-07 16:13:34]     [2026-10-07 16:13:32]     10. FORMAT & PATTERN COMPLIANCE  —  0 lolos / 0 gagal / 1 dilewati
[2026-10-07 16:13:34]     [2026-10-07 16:13:32]     ------------------------------------------------------------------
[2026-10-07 16:13:34]     [2026-10-07 16:13:32]       [LEWAT] Kepatuhan format terhadap standar bisnis
[2026-10-07 16:13:34]     [2026-10-07 16:13:32]     VERDIKT: TIDAK LAYAK — ada kegagalan blocking
[2026-10-07 16:13:34]     [2026-10-07 16:13:32]     ====================================================================================================
[2026-10-07 16:13:34]     [2026-10-07 16:13:32]     
[2026-10-07 16:13:34]     [2026-10-07 16:13:32]     Laporan Markdown : /Users/Pooja/Downloads/Great Expectations bronze layer/reports/gold_master_ombrometer_validation.md
[2026-10-07 16:13:34]     [2026-10-07 16:13:32]     Laporan JSON     : /Users/Pooja/Downloads/Great Expectations bronze layer/reports/gold_master_ombrometer_validation.json
[2026-10-07 16:13:34]     [2026-10-07 16:13:32]   validate exit code = 1  durasi=2.9s
[2026-10-07 16:13:34]     [2026-10-07 16:13:32] END   validate          | dataset=gold_master_ombrometer  exit=1  durasi=2.9s  status=GAGAL(1)
[2026-10-07 16:13:34]     [2026-10-07 16:13:32] DONE  gold_master_ombrometer       | build=0  validate=1  status=GAGAL
[2026-10-07 16:13:34]     [2026-10-07 16:13:32] 
[2026-10-07 16:13:34]     [2026-10-07 16:13:32] ==============================================================================
[2026-10-07 16:13:34]     [2026-10-07 16:13:32] [7/7] DATASET: gold_data_tmat
[2026-10-07 16:13:34]     [2026-10-07 16:13:32] ==============================================================================
[2026-10-07 16:13:34]     [2026-10-07 16:13:32] SKIP  build_reference  | dataset=gold_data_tmat (--no-build)
[2026-10-07 16:13:34]     [2026-10-07 16:13:32] START validate         | dataset=gold_data_tmat
[2026-10-07 16:13:34]     [2026-10-07 16:13:32]   $ /opt/anaconda3/bin/python /Users/Pooja/Downloads/Great Expectations bronze layer/validate.py --config /Users/Pooja/Downloads/Great Expectations bronze layer/gold_data_validation.yml --source s3 --dataset gold_data_tmat --mode harian --no-data-docs --date 2026-10-06 --fallback-latest
[2026-10-07 16:13:34]     [2026-10-07 16:13:34]     GAGAL membaca sumber dataset 'gold_data_tmat':
[2026-10-07 16:13:34]     [2026-10-07 16:13:34]       Partisi weekly untuk 2026-10-06 tidak ditemukan. Tidak melakukan fallback ke partisi global terbaru.
[2026-10-07 16:13:34]     [2026-10-07 16:13:34]   validate exit code = 1  durasi=2.2s
[2026-10-07 16:13:34]     [2026-10-07 16:13:34] END   validate          | dataset=gold_data_tmat  exit=1  durasi=2.2s  status=GAGAL(1)
[2026-10-07 16:13:34]     [2026-10-07 16:13:34] DONE  gold_data_tmat               | build=0  validate=1  status=GAGAL
[2026-10-07 16:13:34]     [2026-10-07 16:13:34] 
[2026-10-07 16:13:34]     [2026-10-07 16:13:34] ==============================================================================
[2026-10-07 16:13:34]     [2026-10-07 16:13:34] RINGKASAN VALIDASI
[2026-10-07 16:13:34]     [2026-10-07 16:13:34] ==============================================================================
[2026-10-07 16:13:34]     [2026-10-07 16:13:34]   gold_ars                                   build=0  validate=1  durasi_build=      0.0s  durasi_val=      4.7s  → GAGAL
[2026-10-07 16:13:34]     [2026-10-07 16:13:34]   gold_awl                                   build=0  validate=1  durasi_build=      0.0s  durasi_val=      3.8s  → GAGAL
[2026-10-07 16:13:34]     [2026-10-07 16:13:34]   gold_master_awm                            build=0  validate=1  durasi_build=      0.0s  durasi_val=     27.3s  → GAGAL
[2026-10-07 16:13:34]     [2026-10-07 16:13:34]   gold_master_block                          build=0  validate=1  durasi_build=      0.0s  durasi_val=     14.5s  → GAGAL
[2026-10-07 16:13:34]     [2026-10-07 16:13:34]   gold_master_estate                         build=0  validate=1  durasi_build=      0.0s  durasi_val=      3.4s  → GAGAL
[2026-10-07 16:13:34]     [2026-10-07 16:13:34]   gold_master_ombrometer                     build=0  validate=1  durasi_build=      0.0s  durasi_val=      2.9s  → GAGAL
[2026-10-07 16:13:34]     [2026-10-07 16:13:34]   gold_data_tmat                             build=0  validate=1  durasi_build=      0.0s  durasi_val=      2.2s  → GAGAL
[2026-10-07 16:13:34]     [2026-10-07 16:13:34] 
[2026-10-07 16:13:34]     [2026-10-07 16:13:34] Total dataset       : 7
[2026-10-07 16:13:34]     [2026-10-07 16:13:34] Lolos               : 0
[2026-10-07 16:13:34]     [2026-10-07 16:13:34] Gagal blocking      : 7
[2026-10-07 16:13:34]     [2026-10-07 16:13:34] Total durasi run    : 58.8s
[2026-10-07 16:13:34]     [2026-10-07 16:13:34] Log lengkap         : /Users/Pooja/Downloads/Great Expectations bronze layer/scheduler/logs/gold_2026-10-07.log
[2026-10-07 16:13:34]     [2026-10-07 16:13:34] 
[2026-10-07 16:13:34]     [2026-10-07 16:13:34] ==============================================================================
[2026-10-07 16:13:34]     [2026-10-07 16:13:34] FILTER UNTUK EMAIL — layer=gold
[2026-10-07 16:13:34]     [2026-10-07 16:13:34] ==============================================================================
[2026-10-07 16:13:34]     [2026-10-07 16:13:34] dimensi filter: ['6. INTEGRITY', '7. DISTRIBUTION']
[2026-10-07 16:13:34]     [2026-10-07 16:13:34]   [lampiran] filter dimensi: ['6. INTEGRITY', '7. DISTRIBUTION']
[2026-10-07 16:13:34]     [2026-10-07 16:13:34]   [lampiran] grace=3600s  batas_mtime=15:12:35
[2026-10-07 16:13:34]     [2026-10-07 16:13:34]   [lampiran] proses gold_ars (umur 54s)
[2026-10-07 16:13:34]     [2026-10-07 16:13:34]     [filter] gold_ars: 2 dimensi terfilter dari 12 dimensi di source
[2026-10-07 16:13:34]     [2026-10-07 16:13:34]   [lampiran] skip gold_awl: JSON umur 2421478s melebihi grace 3600s
[2026-10-07 16:13:34]     [2026-10-07 16:13:34]   [lampiran] proses gold_data_tmat (umur 3212s)
[2026-10-07 16:13:34]     [2026-10-07 16:13:34]     [filter] gold_data_tmat: 2 dimensi terfilter dari 12 dimensi di source
[2026-10-07 16:13:34]     [2026-10-07 16:13:34]   [lampiran] proses gold_master_awm (umur 23s)
[2026-10-07 16:13:34]     [2026-10-07 16:13:34]     [filter] gold_master_awm: 2 dimensi terfilter dari 12 dimensi di source
[2026-10-07 16:13:34]     [2026-10-07 16:13:34]   [lampiran] proses gold_master_block (umur 9s)
[2026-10-07 16:13:34]     [2026-10-07 16:13:34]     [filter] gold_master_block: 2 dimensi terfilter dari 12 dimensi di source
[2026-10-07 16:13:34]     [2026-10-07 16:13:34]   [lampiran] proses gold_master_estate (umur 5s)
[2026-10-07 16:13:34]     [2026-10-07 16:13:34]     [filter] gold_master_estate: 2 dimensi terfilter dari 12 dimensi di source
[2026-10-07 16:13:34]     [2026-10-07 16:13:34]   [lampiran] proses gold_master_ombrometer (umur 2s)
[2026-10-07 16:13:34]     [2026-10-07 16:13:34]     [filter] gold_master_ombrometer: 2 dimensi terfilter dari 12 dimensi di source
[2026-10-07 16:13:34]     [2026-10-07 16:13:34]   [summary] gold: /Users/Pooja/Downloads/Great Expectations bronze layer/reports/_summary_gold_2026-10-07.json
[2026-10-07 16:13:34]     [2026-10-07 16:13:34] Lampiran JSON siap: 7 file
[2026-10-07 16:13:34]     [2026-10-07 16:13:34]   - gold_ars_email_validation.json                          (6.1 KB)
[2026-10-07 16:13:34]     [2026-10-07 16:13:34]   - gold_data_tmat_email_validation.json                    (17.4 KB)
[2026-10-07 16:13:34]     [2026-10-07 16:13:34]   - gold_master_awm_email_validation.json                   (27.9 KB)
[2026-10-07 16:13:34]     [2026-10-07 16:13:34]   - gold_master_block_email_validation.json                 (18.6 KB)
[2026-10-07 16:13:34]     [2026-10-07 16:13:34]   - gold_master_estate_email_validation.json                (21.7 KB)
[2026-10-07 16:13:34]     [2026-10-07 16:13:34]   - gold_master_ombrometer_email_validation.json            (6.8 KB)
[2026-10-07 16:13:34]     [2026-10-07 16:13:34]   - _summary_gold_2026-10-07.json                           (4.1 KB)
[2026-10-07 16:13:34]     [2026-10-07 16:13:34] 
[2026-10-07 16:13:34]     [2026-10-07 16:13:34] Status email: 3 lolos, 3 gagal, 1 error (total 7)
[2026-10-07 16:13:34]     [2026-10-07 16:13:34] 
[2026-10-07 16:13:34]     [2026-10-07 16:13:34] ==============================================================================
[2026-10-07 16:13:34]     [2026-10-07 16:13:34] KIRIM EMAIL
[2026-10-07 16:13:34]     [2026-10-07 16:13:34] ==============================================================================
[2026-10-07 16:13:34]     [2026-10-07 16:13:34] [mailer] --no-email, skip kirim email.
[2026-10-07 16:13:34]     [2026-10-07 16:13:34] 
[2026-10-07 16:13:34]     [2026-10-07 16:13:34] ==============================================================================
[2026-10-07 16:13:34]     [2026-10-07 16:13:34] SELESAI
[2026-10-07 16:13:34]     [2026-10-07 16:13:34] ==============================================================================
[2026-10-07 16:13:34]     [2026-10-07 16:13:34] validasi lengkap : 7 blocking dari 7 dataset (semua 12 dimensi)
[2026-10-07 16:13:34]     [2026-10-07 16:13:34] filter per-layer : 3 gagal, 1 error (dari 7 dataset, dimensi gold)
[2026-10-07 16:13:34]     [2026-10-07 16:13:34] exit code        : 1  (mengikuti filter gold)
[2026-10-07 16:13:34]     [2026-10-07 16:13:34] durasi total     : 58.8s
[2026-10-07 16:13:34]   layer gold exit code = 1 durasi=58.9s
[2026-10-07 16:13:34] 
[2026-10-07 16:13:34] ==============================================================================
[2026-10-07 16:13:34] RINGKASAN CROSS-LAYER
[2026-10-07 16:13:34] ==============================================================================
[2026-10-07 16:13:34]   Gold Layer            exit=1    durasi=     58.9s  → GAGAL
[2026-10-07 16:13:34] 
[2026-10-07 16:13:34] Total layer     : 1
[2026-10-07 16:13:34] Total durasi    : 58.9s
[2026-10-07 16:13:34] 
[2026-10-07 16:13:34] ==============================================================================
[2026-10-07 16:13:34] KIRIM EMAIL CROSS-LAYER
[2026-10-07 16:13:34] ==============================================================================
[2026-10-07 16:13:34] [mailer] ringkasan: total=7  gagal=3  error=1
[2026-10-07 16:13:34] [mailer] lampiran: 2 file
[2026-10-07 16:13:34]   - gold_2026-10-07.log                                     (221.7 KB)
[2026-10-07 16:13:34]   - _summary_gold_2026-10-07.json                           (4.1 KB)
[2026-10-07 16:13:34] [mailer] memanggil mailer.kirim() ...
[2026-10-07 16:13:39] [mailer] START kirim()
[2026-10-07 16:13:39] [mailer]   total=7  gagal=3  error=1  lampiran=2
[2026-10-07 16:13:39] [mailer]   host=sandbox.smtp.mailtrap.io:2525  tls=True  mode=always
[2026-10-07 16:13:39] [mailer]   from=dq-service@company.com
[2026-10-07 16:13:39] [mailer]   to=poojaristha@gmail.com
[2026-10-07 16:13:39] [mailer]   subjek=⚠️ [DQ] Cross-Layer Validation — 3 lolos, 3 gagal, 1 error — 2026-10-07
[2026-10-07 16:13:39] [mailer]   lampiran ZIP: 1 file (26.1 KB) — berisi 2 file asli
[2026-10-07 16:13:39] [mailer]   lampiran terpasang: 1 item (26.1 KB)
[2026-10-07 16:13:39] [mailer] START koneksi SMTP ke sandbox.smtp.mailtrap.io:2525 ...
[2026-10-07 16:13:39] [mailer]   STARTTLS ...
[2026-10-07 16:13:39] [mailer]   login sebagai 3b2788996e1720 ...
[2026-10-07 16:13:39] [mailer]   send_message ...
[2026-10-07 16:13:39] [mailer] ✅ Email terkirim ke: poojaristha@gmail.com (durasi 5.4s)
[2026-10-07 16:13:39] [mailer]   [cleanup] temp ZIP dihapus: dq_validation_ostuhj1s.zip
[2026-10-07 16:13:39] [mailer] hasil: ✅ terkirim
[2026-10-07 16:13:39] 
[2026-10-07 16:13:39] ==============================================================================
[2026-10-07 16:13:39] SELESAI
[2026-10-07 16:13:39] ==============================================================================
[2026-10-07 16:13:39] exit code: 1
[2026-10-07 16:13:39] durasi total: 1m 4.3s
[2026-10-07 16:28:16] 
[2026-10-07 16:28:16] ==============================================================================
[2026-10-07 16:28:16] RUN VALIDASI CROSS-LAYER
[2026-10-07 16:28:16] ==============================================================================
[2026-10-07 16:28:16] ROOT       : /Users/Pooja/Downloads/Great Expectations bronze layer
[2026-10-07 16:28:16] log        : /Users/Pooja/Downloads/Great Expectations bronze layer/scheduler/logs/cross_layer_2026-10-07.log
[2026-10-07 16:28:16] python     : /opt/anaconda3/bin/python
[2026-10-07 16:28:16] start      : 2026-10-07 16:28:16
[2026-10-07 16:28:16] opsi       : source=s3  mode=harian  build=TIDAK  reconcile=YA  email=YA  date=2026-10-06
[2026-10-07 16:28:16] layers     : gold
[2026-10-07 16:28:16] 
[2026-10-07 16:28:16] ==============================================================================
[2026-10-07 16:28:16] LAYER: GOLD
[2026-10-07 16:28:16] ==============================================================================
[2026-10-07 16:28:16]   $ /opt/anaconda3/bin/python /Users/Pooja/Downloads/Great Expectations bronze layer/scheduler/run_validation.py --layer gold --source s3 --mode harian --no-email --no-build --date 2026-10-06 --fallback-latest
[2026-10-07 16:31:14]     [2026-10-07 16:28:16] 
[2026-10-07 16:31:14]     [2026-10-07 16:28:16] ==============================================================================
[2026-10-07 16:31:14]     [2026-10-07 16:28:16] RUN VALIDASI — gold_data_validation.yml
[2026-10-07 16:31:14]     [2026-10-07 16:28:16] ==============================================================================
[2026-10-07 16:31:14]     [2026-10-07 16:28:16] config     : /Users/Pooja/Downloads/Great Expectations bronze layer/gold_data_validation.yml
[2026-10-07 16:31:14]     [2026-10-07 16:28:16] ROOT       : /Users/Pooja/Downloads/Great Expectations bronze layer
[2026-10-07 16:31:14]     [2026-10-07 16:28:16] log        : /Users/Pooja/Downloads/Great Expectations bronze layer/scheduler/logs/gold_2026-10-07.log
[2026-10-07 16:31:14]     [2026-10-07 16:28:16] python     : /opt/anaconda3/bin/python
[2026-10-07 16:31:14]     [2026-10-07 16:28:16] start      : 2026-10-07 16:28:16
[2026-10-07 16:31:14]     [2026-10-07 16:28:16] opsi       : source=s3  mode=harian  build=TIDAK  reconcile=YA  email=TIDAK
[2026-10-07 16:31:14]     [2026-10-07 16:28:16] sanity check: semua path OK
[2026-10-07 16:31:14]     [2026-10-07 16:28:16] Total dataset: 7
[2026-10-07 16:31:14]     [2026-10-07 16:28:16]     1. gold_ars
[2026-10-07 16:31:14]     [2026-10-07 16:28:16]     2. gold_awl
[2026-10-07 16:31:14]     [2026-10-07 16:28:16]     3. gold_master_awm
[2026-10-07 16:31:14]     [2026-10-07 16:28:16]     4. gold_master_block
[2026-10-07 16:31:14]     [2026-10-07 16:28:16]     5. gold_master_estate
[2026-10-07 16:31:14]     [2026-10-07 16:28:16]     6. gold_master_ombrometer
[2026-10-07 16:31:14]     [2026-10-07 16:28:16]     7. gold_data_tmat
[2026-10-07 16:31:14]     [2026-10-07 16:28:16] 
[2026-10-07 16:31:14]     [2026-10-07 16:28:16] ==============================================================================
[2026-10-07 16:31:14]     [2026-10-07 16:28:16] [1/7] DATASET: gold_ars
[2026-10-07 16:31:14]     [2026-10-07 16:28:16] ==============================================================================
[2026-10-07 16:31:14]     [2026-10-07 16:28:16] SKIP  build_reference  | dataset=gold_ars (--no-build)
[2026-10-07 16:31:14]     [2026-10-07 16:28:16] START validate         | dataset=gold_ars
[2026-10-07 16:31:14]     [2026-10-07 16:28:16]   $ /opt/anaconda3/bin/python /Users/Pooja/Downloads/Great Expectations bronze layer/validate.py --config /Users/Pooja/Downloads/Great Expectations bronze layer/gold_data_validation.yml --source s3 --dataset gold_ars --mode harian --no-data-docs --date 2026-10-06 --fallback-latest
[2026-10-07 16:31:14]     [2026-10-07 16:29:22]     Memuat [s3]: s3://kpn-gis-s3-bucket/datalake/gold/ars/data_ars/recorded_year=2026/recorded_month=10/recorded_day=06/part-00000-6691488a-c655-4734-97ae-12254f61413b.c000.zstd.parquet
[2026-10-07 16:31:14]     [2026-10-07 16:29:22]     
[2026-10-07 16:31:14]     [2026-10-07 16:29:22]     ====================================================================================================
[2026-10-07 16:31:14]     [2026-10-07 16:29:22]     HASIL VALIDASI — GOLD_ARS — 8 DIMENSI KUALITAS DATA
[2026-10-07 16:31:14]     [2026-10-07 16:29:22]     ====================================================================================================
[2026-10-07 16:31:14]     [2026-10-07 16:29:22]       Dataset   : gold_ars  (Gold ARS Transactions -- raw copy dbo.Gold_ARS_Readings, TANPA join/filter. Window custom 07:00->07:00 hari berikutnya (SAMA dgn idempotency delete sp_ETL_LoadSilver_ARS_Transactions Step 1), BUKAN kalender 00:00-24:00 biasa.)
[2026-10-07 16:31:14]     [2026-10-07 16:29:22]       [GAGAL] Jumlah baris dalam koridor baseline (565–764, median historis 665)
[2026-10-07 16:31:14]     [2026-10-07 16:29:22]               observasi : 507
[2026-10-07 16:31:14]     [2026-10-07 16:29:22]     
[2026-10-07 16:31:14]     [2026-10-07 16:29:22]     3. FRESHNESS  —  1 lolos / 3 gagal
[2026-10-07 16:31:14]     [2026-10-07 16:29:22]     ----------------------------------
[2026-10-07 16:31:14]     [2026-10-07 16:29:22]       [GAGAL] Semua recorded_at di dalam window partisi [2026-10-06 00:00 .. 2026-10-06 23:59]
[2026-10-07 16:31:14]     [2026-10-07 16:29:22]               observasi : 507 baris, 98 menyimpang, 0 kosong
[2026-10-07 16:31:14]     [2026-10-07 16:29:22]               menyimpang: 98 baris (19.3294%)
[2026-10-07 16:31:14]     [2026-10-07 16:29:22]               contoh    : [Timestamp('2026-10-07 06:00:00'), Timestamp('2026-10-07 05:00:00'), Timestamp('2026-10-07 04:00:00'), Timestamp('2026-10-07 03:00:00'), Timestamp('2026-10-07 02:00:00'), Timestamp('2026-10-07 01:00:00'), Timestamp('2026-10-07 00:00:00'), Timestamp('2026-10-07 06:00:00')]
[2026-10-07 16:31:14]     [2026-10-07 16:29:22]       [ WARN] recorded_at terbaru menyentuh akhir window partisi
[2026-10-07 16:31:14]     [2026-10-07 16:29:22]               observasi : 2026-10-07 06:00:00
[2026-10-07 16:31:14]     [2026-10-07 16:29:22]       [GAGAL] Lag ingest (loaded_at - recorded_at) <= 2 hari [mode=harian]
[2026-10-07 16:31:14]     [2026-10-07 16:29:22]               observasi : 507 baris, 140 menyimpang, 0 kosong
[2026-10-07 16:31:14]     [2026-10-07 16:29:22]               menyimpang: 140 baris (27.6134%)
[2026-10-07 16:31:14]     [2026-10-07 16:29:22]               contoh    : [-0.4157718886805556, -0.37410522201388885, -0.3324385553472222, -0.29077188868055553, -0.24910522201388888, -0.20743855534722222, -0.16577188868055556, -0.12410522201388889]
[2026-10-07 16:31:14]     [2026-10-07 16:29:22]     
[2026-10-07 16:31:14]     [2026-10-07 16:29:22]     4. MISSINGNESS  —  33 lolos / 0 gagal
[2026-10-07 16:31:14]     [2026-10-07 16:29:22]       [GAGAL] device_id (surrogate key) unik
[2026-10-07 16:31:14]     [2026-10-07 16:29:22]               observasi : 507 baris, 507 menyimpang, 0 kosong
[2026-10-07 16:31:14]     [2026-10-07 16:29:22]               menyimpang: 507 baris (100.0000%)
[2026-10-07 16:31:14]     [2026-10-07 16:29:22]               contoh    : ['MT02-GMPL007RF-GWB-83886080', 'MT02-GMPL007RF-GWB-83886080', 'MT02-GMPL007RF-GWB-83886080', 'MT02-GMPL007RF-GWB-83886080', 'MT02-GMPL007RF-GWB-83886080', 'MT02-GMPL007RF-GWB-83886080', 'MT02-GMPL007RF-GWB-83886080', 'MT02-GMPL007RF-GWB-83886080']
[2026-10-07 16:31:14]     [2026-10-07 16:29:22]     
[2026-10-07 16:31:14]     [2026-10-07 16:29:22]     6. INTEGRITY  —  4 lolos / 0 gagal
[2026-10-07 16:31:14]     [2026-10-07 16:29:22]               alasan    : Query ke SQL Server gagal, jadi tidak ada nilai pembanding: Gagal konek ke SQL Server (Error): ('01000', "[01000] [unixODBC][Driver Manager]Can't open lib 'ODBC Driver 17 for SQL Server' : file not found (0) (SQLDriverConnect)")
[2026-10-07 16:31:14]     [2026-10-07 16:29:22]       Periksa SQLSERVER_HOST/DB/UID/PWD di .env, VPN/firewall ke server, dan apakah ODBC Driver 17 for SQL Server terinstal.
[2026-10-07 16:31:14]     [2026-10-07 16:29:22]     
[2026-10-07 16:31:14]     [2026-10-07 16:29:22]     10. FORMAT & PATTERN COMPLIANCE  —  0 lolos / 0 gagal / 1 dilewati
[2026-10-07 16:31:14]     [2026-10-07 16:29:22]     ------------------------------------------------------------------
[2026-10-07 16:31:14]     [2026-10-07 16:29:22]       [LEWAT] Kepatuhan format terhadap standar bisnis
[2026-10-07 16:31:14]     [2026-10-07 16:29:22]     VERDIKT: TIDAK LAYAK — ada kegagalan blocking
[2026-10-07 16:31:14]     [2026-10-07 16:29:22]     ====================================================================================================
[2026-10-07 16:31:14]     [2026-10-07 16:29:22]     
[2026-10-07 16:31:14]     [2026-10-07 16:29:22]     Laporan Markdown : /Users/Pooja/Downloads/Great Expectations bronze layer/reports/gold_ars_validation.md
[2026-10-07 16:31:14]     [2026-10-07 16:29:22]     Laporan JSON     : /Users/Pooja/Downloads/Great Expectations bronze layer/reports/gold_ars_validation.json
[2026-10-07 16:31:14]     [2026-10-07 16:29:22]   validate exit code = 1  durasi=1m 5.5s
[2026-10-07 16:31:14]     [2026-10-07 16:29:22] END   validate          | dataset=gold_ars  exit=1  durasi=1m 5.5s  status=GAGAL(1)
[2026-10-07 16:31:14]     [2026-10-07 16:29:22] DONE  gold_ars                     | build=0  validate=1  status=GAGAL
[2026-10-07 16:31:14]     [2026-10-07 16:29:22] 
[2026-10-07 16:31:14]     [2026-10-07 16:29:22] ==============================================================================
[2026-10-07 16:31:14]     [2026-10-07 16:29:22] [2/7] DATASET: gold_awl
[2026-10-07 16:31:14]     [2026-10-07 16:29:22] ==============================================================================
[2026-10-07 16:31:14]     [2026-10-07 16:29:22] SKIP  build_reference  | dataset=gold_awl (--no-build)
[2026-10-07 16:31:14]     [2026-10-07 16:29:22] START validate         | dataset=gold_awl
[2026-10-07 16:31:14]     [2026-10-07 16:29:22]   $ /opt/anaconda3/bin/python /Users/Pooja/Downloads/Great Expectations bronze layer/validate.py --config /Users/Pooja/Downloads/Great Expectations bronze layer/gold_data_validation.yml --source s3 --dataset gold_awl --mode harian --no-data-docs --date 2026-10-06 --fallback-latest
[2026-10-07 16:31:14]     [2026-10-07 16:29:26]     Memuat [s3]: s3://kpn-gis-s3-bucket/datalake/gold/awl/data_awl/recorded_year=2026/recorded_month=10/recorded_day=06/part-00000-2464a22c-e5a6-4438-990d-f82064d0ad6b.c000.zstd.parquet
[2026-10-07 16:31:14]     [2026-10-07 16:29:26]     
[2026-10-07 16:31:14]     [2026-10-07 16:29:26]     ====================================================================================================
[2026-10-07 16:31:14]     [2026-10-07 16:29:26]     HASIL VALIDASI — GOLD_AWL — 8 DIMENSI KUALITAS DATA
[2026-10-07 16:31:14]     [2026-10-07 16:29:26]     ====================================================================================================
[2026-10-07 16:31:14]     [2026-10-07 16:29:26]       Dataset   : gold_awl  (Gold AWL Transactions -- raw copy dbo.Gold_AWL_Readings, TANPA join/filter. Window custom 07:00->07:00 hari berikutnya (SAMA dgn idempotency delete sp_ETL_LoadSilver_ARS_Transactions Step 1), BUKAN kalender 00:00-24:00 biasa.)
[2026-10-07 16:31:14]     [2026-10-07 16:29:26]       [GAGAL] Tidak ada kolom hilang maupun kolom tak terduga (schema evolution)
[2026-10-07 16:31:14]     [2026-10-07 16:29:26]               observasi : ['battery_pct', 'block_gis', 'block_sap', 'company_code', 'connectivity', 'device_id', 'device_type', 'dq_gps_available', 'dq_water_level_valid', 'est_code', 'est_code_sap', 'est_new_code', 'is_manual', 'latitude', 'loaded_at', 'longitude', 'plantation_code', 'recorded_at', 'region_name', 'signal_dbm', 'vendor', 'water_level_cm', 'water_level_source']
[2026-10-07 16:31:14]     [2026-10-07 16:29:26]       [ OK  ] Tipe device_id = string (object)
[2026-10-07 16:31:14]     [2026-10-07 16:29:26]       [ OK  ] Tipe recorded_at = datetime (datetime64[us]/datetime64[ns]/datetime64[ms]/datetime64[s]/date)
[2026-10-07 16:31:14]     [2026-10-07 16:29:26]       [ OK  ] Tipe vendor = string (object)
[2026-10-07 16:31:14]     [2026-10-07 16:29:26]       [ OK  ] Tipe device_type = string (object)
[2026-10-07 16:31:14]     [2026-10-07 16:29:26]       [GAGAL] Tipe est_newCode = string (object)
[2026-10-07 16:31:14]     [2026-10-07 16:29:26]               observasi : None
[2026-10-07 16:31:14]     [2026-10-07 16:29:26]       [GAGAL] Tipe est_codeSAP = string (object)
[2026-10-07 16:31:14]     [2026-10-07 16:29:26]               observasi : None
[2026-10-07 16:31:14]     [2026-10-07 16:29:26]       [GAGAL] Tipe blockGIS_id = string (object)
[2026-10-07 16:31:14]     [2026-10-07 16:29:26]               observasi : None
[2026-10-07 16:31:14]     [2026-10-07 16:29:26]       [GAGAL] Tipe blockSAP_id = string (object)
[2026-10-07 16:31:14]     [2026-10-07 16:29:26]               observasi : None
[2026-10-07 16:31:14]     [2026-10-07 16:29:26]       [ OK  ] Tipe water_level_cm = float (float64/float32/float16)
[2026-10-07 16:31:14]     [2026-10-07 16:29:26]       [ OK  ] Tipe water_level_source = string (object)
[2026-10-07 16:31:14]     [2026-10-07 16:29:26]       [GAGAL] Tipe battery_pct = float (float64/float32/float16)
[2026-10-07 16:31:14]     [2026-10-07 16:29:26]               observasi : 725 baris, 657 menyimpang, 68 kosong
[2026-10-07 16:31:14]     [2026-10-07 16:29:26]               menyimpang: 657 baris (100.0000%)
[2026-10-07 16:31:14]     [2026-10-07 16:29:26]               contoh    : [Decimal('92.00'), Decimal('92.00'), Decimal('92.00'), Decimal('92.00'), Decimal('92.00'), Decimal('92.00'), Decimal('92.00'), Decimal('92.00')]
[2026-10-07 16:31:14]     [2026-10-07 16:29:26]       [GAGAL] Tipe signal_dbm = float (float64/float32/float16)
[2026-10-07 16:31:14]     [2026-10-07 16:29:26]               observasi : 725 baris, 657 menyimpang, 68 kosong
[2026-10-07 16:31:14]     [2026-10-07 16:29:26]               menyimpang: 657 baris (100.0000%)
[2026-10-07 16:31:14]     [2026-10-07 16:29:26]               contoh    : [Decimal('12.00'), Decimal('12.00'), Decimal('12.00'), Decimal('12.00'), Decimal('12.00'), Decimal('12.00'), Decimal('14.00'), Decimal('15.00')]
[2026-10-07 16:31:14]     [2026-10-07 16:29:26]       [ OK  ] Tipe dq_water_level_valid = boolean (bool)
[2026-10-07 16:31:14]     [2026-10-07 16:29:26]       [ OK  ] Tipe dq_gps_available = boolean (bool)
[2026-10-07 16:31:14]     [2026-10-07 16:29:26]       [GAGAL] Jumlah baris dalam koridor baseline (323–436, median historis 380)
[2026-10-07 16:31:14]     [2026-10-07 16:29:26]               observasi : 725
[2026-10-07 16:31:14]     [2026-10-07 16:29:26]     
[2026-10-07 16:31:14]     [2026-10-07 16:29:26]     3. FRESHNESS  —  3 lolos / 1 gagal
[2026-10-07 16:31:14]     [2026-10-07 16:29:26]     ----------------------------------
[2026-10-07 16:31:14]     [2026-10-07 16:29:26]       [ OK  ] Semua recorded_at di dalam window partisi [2026-10-06 00:00 .. 2026-10-06 23:59]
[2026-10-07 16:31:14]     [2026-10-07 16:29:26]       [GAGAL] est_newCode tidak boleh null
[2026-10-07 16:31:14]     [2026-10-07 16:29:26]               observasi : None
[2026-10-07 16:31:14]     [2026-10-07 16:29:26]       [GAGAL] est_codeSAP tidak boleh null
[2026-10-07 16:31:14]     [2026-10-07 16:29:26]               observasi : None
[2026-10-07 16:31:14]     [2026-10-07 16:29:26]       [GAGAL] blockGIS_id tidak boleh null
[2026-10-07 16:31:14]     [2026-10-07 16:29:26]               observasi : None
[2026-10-07 16:31:14]     [2026-10-07 16:29:26]       [GAGAL] Proporsi blockSAP_id terisi >= 0.9500
[2026-10-07 16:31:14]     [2026-10-07 16:29:26]               observasi : None
[2026-10-07 16:31:14]     [2026-10-07 16:29:26]       [ OK  ] water_level_cm tidak boleh null
[2026-10-07 16:31:14]     [2026-10-07 16:29:26]       [ OK  ] water_level_source tidak boleh null
[2026-10-07 16:31:14]     [2026-10-07 16:29:26]       [GAGAL] battery_pct tidak boleh null
[2026-10-07 16:31:14]     [2026-10-07 16:29:26]               observasi : 725 baris, 68 menyimpang, None kosong
[2026-10-07 16:31:14]     [2026-10-07 16:29:26]               menyimpang: 68 baris (9.3793%)
[2026-10-07 16:31:14]     [2026-10-07 16:29:26]               contoh    : [None, None, None, None, None, None, None, None]
[2026-10-07 16:31:14]     [2026-10-07 16:29:26]       [GAGAL] signal_dbm tidak boleh null
[2026-10-07 16:31:14]     [2026-10-07 16:29:26]               observasi : 725 baris, 68 menyimpang, None kosong
[2026-10-07 16:31:14]     [2026-10-07 16:29:26]               menyimpang: 68 baris (9.3793%)
[2026-10-07 16:31:14]     [2026-10-07 16:29:26]               contoh    : [None, None, None, None, None, None, None, None]
[2026-10-07 16:31:14]     [2026-10-07 16:29:26]       [ OK  ] dq_water_level_valid tidak boleh null
[2026-10-07 16:31:14]     [2026-10-07 16:29:26]       [ OK  ] dq_gps_available tidak boleh null
[2026-10-07 16:31:14]     [2026-10-07 16:29:26]       [GAGAL] est_newCode bukan string kosong / hanya spasi
[2026-10-07 16:31:14]     [2026-10-07 16:29:26]               observasi : None
[2026-10-07 16:31:14]     [2026-10-07 16:29:26]       [GAGAL] est_codeSAP bukan string kosong / hanya spasi
[2026-10-07 16:31:14]     [2026-10-07 16:29:26]               observasi : None
[2026-10-07 16:31:14]     [2026-10-07 16:29:26]       [GAGAL] blockGIS_id bukan string kosong / hanya spasi
[2026-10-07 16:31:14]     [2026-10-07 16:29:26]               observasi : None
[2026-10-07 16:31:14]     [2026-10-07 16:29:26]       [GAGAL] blockSAP_id bukan string kosong / hanya spasi
[2026-10-07 16:31:14]     [2026-10-07 16:29:26]               observasi : None
[2026-10-07 16:31:14]     [2026-10-07 16:29:26]       [ OK  ] water_level_source bukan string kosong / hanya spasi
[2026-10-07 16:31:14]     [2026-10-07 16:29:26]     
[2026-10-07 16:31:14]     [2026-10-07 16:29:26]     5. UNIQUENESS  —  0 lolos / 1 gagal
[2026-10-07 16:31:14]     [2026-10-07 16:29:26]     -----------------------------------
[2026-10-07 16:31:14]     [2026-10-07 16:29:26]       [GAGAL] device_id (surrogate key) unik
[2026-10-07 16:31:14]     [2026-10-07 16:29:26]               observasi : 725 baris, 724 menyimpang, 0 kosong
[2026-10-07 16:31:14]     [2026-10-07 16:29:26]               menyimpang: 724 baris (99.8621%)
[2026-10-07 16:31:14]     [2026-10-07 16:29:26]               contoh    : ['219241', '219241', '219241', '219241', '219241', '219241', '219241', '219241']
[2026-10-07 16:31:14]     [2026-10-07 16:29:26]     
[2026-10-07 16:31:14]     [2026-10-07 16:29:26]     6. INTEGRITY  —  0 lolos / 4 gagal
[2026-10-07 16:31:14]     [2026-10-07 16:29:26]       [GAGAL] company_code terdaftar di master (10 kode dikenal)
[2026-10-07 16:31:14]     [2026-10-07 16:29:26]               observasi : 725 baris, 12 menyimpang, 0 kosong
[2026-10-07 16:31:14]     [2026-10-07 16:29:26]               menyimpang: 12 baris (1.6552%)
[2026-10-07 16:31:14]     [2026-10-07 16:29:26]               contoh    : ['PT.NJP', 'PT.NJP', 'PT.NJP', 'PT.NJP', 'PT.NJP', 'PT.NJP', 'PT.NJP', 'PT.NJP']
[2026-10-07 16:31:14]     [2026-10-07 16:29:26]       [GAGAL] est_code terdaftar di master (30 kode dikenal)
[2026-10-07 16:31:14]     [2026-10-07 16:29:26]               observasi : 725 baris, 12 menyimpang, 0 kosong
[2026-10-07 16:31:14]     [2026-10-07 16:29:26]               menyimpang: 12 baris (1.6552%)
[2026-10-07 16:31:14]     [2026-10-07 16:29:26]               contoh    : ['KAB', 'KAB', 'KAB', 'KAB', 'KAB', 'KAB', 'KAB', 'KAB']
[2026-10-07 16:31:14]     [2026-10-07 16:29:26]       [GAGAL] est_newCode terdaftar di master (30 kode dikenal)
[2026-10-07 16:31:14]     [2026-10-07 16:29:26]               observasi : None
[2026-10-07 16:31:14]     [2026-10-07 16:29:26]       [GAGAL] est_codeSAP terdaftar di master (30 kode dikenal)
[2026-10-07 16:31:14]     [2026-10-07 16:29:26]               observasi : None
[2026-10-07 16:31:14]     [2026-10-07 16:29:26]     
[2026-10-07 16:31:14]     [2026-10-07 16:29:26]     7. DISTRIBUTION  —  15 lolos / 1 gagal
[2026-10-07 16:31:14]     [2026-10-07 16:29:26]     --------------------------------------
[2026-10-07 16:31:14]     [2026-10-07 16:29:26]       [ OK  ] Rata-rata water_level_cm dalam koridor [45.7735, 262.589]
[2026-10-07 16:31:14]     [2026-10-07 16:29:26]   [stderr] (10 baris penting, 0 warning di-suppress):
[2026-10-07 16:31:14]     [2026-10-07 16:29:26]     Traceback (most recent call last):
[2026-10-07 16:31:14]     [2026-10-07 16:29:26]       File "/Users/Pooja/Downloads/Great Expectations bronze layer/validate.py", line 422, in main
[2026-10-07 16:31:14]     [2026-10-07 16:29:26]         kode |= jalankan_dataset(specs[nama], args, now)
[2026-10-07 16:31:14]     [2026-10-07 16:29:26]                 ^^^^^^^^^^^^^^^^^^^^^^^^^^^^^^^^^^^^^^^^
[2026-10-07 16:31:14]     [2026-10-07 16:29:26]       File "/Users/Pooja/Downloads/Great Expectations bronze layer/validate.py", line 308, in jalankan_dataset
[2026-10-07 16:31:14]     [2026-10-07 16:29:26]         report.cetak_terminal(hasil, summ, meta)
[2026-10-07 16:31:14]     [2026-10-07 16:29:26]       File "/Users/Pooja/Downloads/Great Expectations bronze layer/dqcore/report.py", line 71, in cetak_terminal
[2026-10-07 16:31:14]     [2026-10-07 16:29:26]         f"({it['unexpected_percent']:.4f}%)")
[2026-10-07 16:31:14]     [2026-10-07 16:29:26]            ^^^^^^^^^^^^^^^^^^^^^^^^^^^^^^
[2026-10-07 16:31:14]     [2026-10-07 16:29:26]     TypeError: unsupported format string passed to NoneType.__format__
[2026-10-07 16:31:14]     [2026-10-07 16:29:26]   validate exit code = 1  durasi=4.1s
[2026-10-07 16:31:14]     [2026-10-07 16:29:26] END   validate          | dataset=gold_awl  exit=1  durasi=4.1s  status=GAGAL(1)
[2026-10-07 16:31:14]     [2026-10-07 16:29:26] DONE  gold_awl                     | build=0  validate=1  status=GAGAL
[2026-10-07 16:31:14]     [2026-10-07 16:29:26] 
[2026-10-07 16:31:14]     [2026-10-07 16:29:26] ==============================================================================
[2026-10-07 16:31:14]     [2026-10-07 16:29:26] [3/7] DATASET: gold_master_awm
[2026-10-07 16:31:14]     [2026-10-07 16:29:26] ==============================================================================
[2026-10-07 16:31:14]     [2026-10-07 16:29:26] SKIP  build_reference  | dataset=gold_master_awm (--no-build)
[2026-10-07 16:31:14]     [2026-10-07 16:29:26] START validate         | dataset=gold_master_awm
[2026-10-07 16:31:14]     [2026-10-07 16:29:26]   $ /opt/anaconda3/bin/python /Users/Pooja/Downloads/Great Expectations bronze layer/validate.py --config /Users/Pooja/Downloads/Great Expectations bronze layer/gold_data_validation.yml --source s3 --dataset gold_master_awm --mode harian --no-data-docs --date 2026-10-06 --fallback-latest
[2026-10-07 16:31:14]     [2026-10-07 16:30:49]     Memuat [s3]: s3://kpn-gis-s3-bucket/datalake/gold/awm/master_awm/snapshot_date=2026-10-06/part-00000-547b4294-7c99-4f1d-bf82-a57ae4462123.c000.zstd.parquet
[2026-10-07 16:31:14]     [2026-10-07 16:30:49]     
[2026-10-07 16:31:14]     [2026-10-07 16:30:49]     ====================================================================================================
[2026-10-07 16:31:14]     [2026-10-07 16:30:49]     HASIL VALIDASI — GOLD_MASTER_AWM — 8 DIMENSI KUALITAS DATA
[2026-10-07 16:31:14]     [2026-10-07 16:30:49]     ====================================================================================================
[2026-10-07 16:31:14]     [2026-10-07 16:30:49]       Dataset   : gold_master_awm  (Gold Master AWM -- master data AWM assets dari berbagai sumber (bridge, weir, culvert, dam, flap_gate, pump_house, water_gate, siphon). Snapshot harian dari T_Master_AWM_All.)
[2026-10-07 16:31:14]     [2026-10-07 16:30:49]       [GAGAL] Jumlah kolom tepat 62
[2026-10-07 16:31:14]     [2026-10-07 16:30:49]               observasi : 61
[2026-10-07 16:31:14]     [2026-10-07 16:30:49]       [GAGAL] Tidak ada kolom hilang maupun kolom tak terduga (schema evolution)
[2026-10-07 16:31:14]     [2026-10-07 16:30:49]               observasi : ['afdeling', 'asset_subtype', 'asset_subtype_label', 'asset_type', 'asset_type_label', 'block_gis', 'block_sap', 'bridge_event_type', 'budget_price', 'budget_ref_id', 'company_code', 'condition', 'condition_label', 'created_date', 'created_user', 'culvert_pipe_count', 'door_count', 'duration', 'est_code', 'est_code_sap', 'est_new_code', 'flap_gate_door_type', 'flap_gate_status', 'flow_dir', 'fungsi', 'global_id', 'grouping', 'last_edited_date', 'last_edited_user', 'length', 'loaded_at', 'month', 'object_ref', 'objectid', 'plantation', 'qc', 'qc_remarks', 'qc_tanggal', 'qc_user', 'reference_id', 'remark', 'siphon_count', 'siphon_diameter', 'siphon_material', 'siphon_size', 'source', 'status_asset', 'status_asset_label', 'status_object', 'status_object_label', 'survey_date', 'surveyor', 'variant', 'variant_dimensi', 'variant_label', 'weir_count', 'weir_spillway_level', 'weir_status', 'width', 'year', 'year_budget']
[2026-10-07 16:31:14]     [2026-10-07 16:30:49]       [GAGAL] Tipe gold_id = integer (int64/int32/int16/int8)
[2026-10-07 16:31:14]     [2026-10-07 16:30:49]               observasi : None
[2026-10-07 16:31:14]     [2026-10-07 16:30:49]       [ OK  ] Tipe global_id = string (object)
[2026-10-07 16:31:14]     [2026-10-07 16:30:49]       [ OK  ] Tipe objectid = integer (int64/int32/int16/int8)
[2026-10-07 16:31:14]     [2026-10-07 16:30:49]       [ OK  ] Tipe asset_type = string (object)
[2026-10-07 16:31:14]     [2026-10-07 16:30:49]       [ OK  ] Tipe asset_type_label = string (object)
[2026-10-07 16:31:14]     [2026-10-07 16:30:49]       [GAGAL] Tipe status_asset = integer (int64/int32/int16/int8)
[2026-10-07 16:31:14]     [2026-10-07 16:30:49]               observasi : float64
[2026-10-07 16:31:14]     [2026-10-07 16:30:49]       [ OK  ] Tipe status_asset_label = string (object)
[2026-10-07 16:31:14]     [2026-10-07 16:30:49]       [ OK  ] Tipe fungsi = float (float64/float32/float16)
[2026-10-07 16:31:14]     [2026-10-07 16:30:49]       [ OK  ] Tipe source = float (float64/float32/float16)
[2026-10-07 16:31:14]     [2026-10-07 16:30:49]       [ OK  ] Tipe qc = float (float64/float32/float16)
[2026-10-07 16:31:14]     [2026-10-07 16:30:49]       [GAGAL] Semua loaded_at di dalam window partisi [2026-10-06 00:00 .. 2026-10-06 23:59]
[2026-10-07 16:31:14]     [2026-10-07 16:30:49]               observasi : 29954 baris, 29954 menyimpang, 0 kosong
[2026-10-07 16:31:14]     [2026-10-07 16:30:49]               menyimpang: 29954 baris (100.0000%)
[2026-10-07 16:31:14]     [2026-10-07 16:30:49]               contoh    : [Timestamp('2026-10-05 20:02:23.497237'), Timestamp('2026-10-05 20:02:23.497237'), Timestamp('2026-10-05 20:02:23.497237'), Timestamp('2026-10-05 20:02:23.497237'), Timestamp('2026-10-05 20:02:23.497237'), Timestamp('2026-10-05 20:02:23.497237'), Timestamp('2026-10-05 20:02:23.497237'), Timestamp('2026-10-05 20:02:23.497237')]
[2026-10-07 16:31:14]     [2026-10-07 16:30:49]       [ WARN] loaded_at terbaru menyentuh akhir window partisi
[2026-10-07 16:31:14]     [2026-10-07 16:30:49]               observasi : 2026-10-05 20:02:23.497237
[2026-10-07 16:31:14]     [2026-10-07 16:30:49]       [GAGAL] gold_id tidak boleh null
[2026-10-07 16:31:14]     [2026-10-07 16:30:49]               observasi : None
[2026-10-07 16:31:14]     [2026-10-07 16:30:49]       [ OK  ] global_id tidak boleh null
[2026-10-07 16:31:14]     [2026-10-07 16:30:49]       [ OK  ] Proporsi objectid terisi >= 0.9500
[2026-10-07 16:31:14]     [2026-10-07 16:30:49]       [ OK  ] asset_type tidak boleh null
[2026-10-07 16:31:14]     [2026-10-07 16:30:49]       [ OK  ] asset_type_label tidak boleh null
[2026-10-07 16:31:14]     [2026-10-07 16:30:49]       [GAGAL] company_code tidak boleh null
[2026-10-07 16:31:14]     [2026-10-07 16:30:49]               observasi : 29954 baris, 2 menyimpang, None kosong
[2026-10-07 16:31:14]     [2026-10-07 16:30:49]               menyimpang: 2 baris (0.0067%)
[2026-10-07 16:31:14]     [2026-10-07 16:30:49]               contoh    : [None, None]
[2026-10-07 16:31:14]     [2026-10-07 16:30:49]       [GAGAL] est_code tidak boleh null
[2026-10-07 16:31:14]     [2026-10-07 16:30:49]               observasi : 29954 baris, 2 menyimpang, None kosong
[2026-10-07 16:31:14]     [2026-10-07 16:30:49]               menyimpang: 2 baris (0.0067%)
[2026-10-07 16:31:14]     [2026-10-07 16:30:49]               contoh    : [None, None]
[2026-10-07 16:31:14]     [2026-10-07 16:30:49]       [GAGAL] est_new_code tidak boleh null
[2026-10-07 16:31:14]     [2026-10-07 16:30:49]               observasi : 29954 baris, 2 menyimpang, None kosong
[2026-10-07 16:31:14]     [2026-10-07 16:30:49]               menyimpang: 2 baris (0.0067%)
[2026-10-07 16:31:14]     [2026-10-07 16:30:49]               contoh    : [None, None]
[2026-10-07 16:31:14]     [2026-10-07 16:30:49]       [GAGAL] est_code_sap tidak boleh null
[2026-10-07 16:31:14]     [2026-10-07 16:30:49]               observasi : 29954 baris, 2 menyimpang, None kosong
[2026-10-07 16:31:14]     [2026-10-07 16:30:49]               menyimpang: 2 baris (0.0067%)
[2026-10-07 16:31:14]     [2026-10-07 16:30:49]               contoh    : [None, None]
[2026-10-07 16:31:14]     [2026-10-07 16:30:49]       [ OK  ] Proporsi afdeling terisi >= 0.9500
[2026-10-07 16:31:14]     [2026-10-07 16:30:49]       [ OK  ] Proporsi block_gis terisi >= 0.8588
[2026-10-07 16:31:14]     [2026-10-07 16:30:49]       [GAGAL] afdeling bukan string kosong / hanya spasi
[2026-10-07 16:31:14]     [2026-10-07 16:30:49]               observasi : 29954 baris, 4123 menyimpang, 0 kosong
[2026-10-07 16:31:14]     [2026-10-07 16:30:49]               menyimpang: 4123 baris (13.7644%)
[2026-10-07 16:31:14]     [2026-10-07 16:30:49]               contoh    : ['', '', '', '', '', '', '', '']
[2026-10-07 16:31:14]     [2026-10-07 16:30:49]       [GAGAL] block_gis bukan string kosong / hanya spasi
[2026-10-07 16:31:14]     [2026-10-07 16:30:49]               observasi : 29954 baris, 77 menyimpang, 2680 kosong
[2026-10-07 16:31:14]     [2026-10-07 16:30:49]               menyimpang: 77 baris (0.2823%)
[2026-10-07 16:31:14]     [2026-10-07 16:30:49]               contoh    : ['', '', '', '', '', '', '', '']
[2026-10-07 16:31:14]     [2026-10-07 16:30:49]       [GAGAL] block_sap bukan string kosong / hanya spasi
[2026-10-07 16:31:14]     [2026-10-07 16:30:49]               observasi : 29954 baris, 338 menyimpang, 4123 kosong
[2026-10-07 16:31:14]     [2026-10-07 16:30:49]               menyimpang: 338 baris (1.3085%)
[2026-10-07 16:31:14]     [2026-10-07 16:30:49]               contoh    : ['', '', '', '', '', '', '', '']
[2026-10-07 16:31:14]     [2026-10-07 16:30:49]       [ OK  ] condition_label bukan string kosong / hanya spasi
[2026-10-07 16:31:14]     [2026-10-07 16:30:49]       [ OK  ] status_object_label bukan string kosong / hanya spasi
[2026-10-07 16:31:14]     [2026-10-07 16:30:49]       [GAGAL] qc_remarks bukan string kosong / hanya spasi
[2026-10-07 16:31:14]     [2026-10-07 16:30:49]               observasi : 29954 baris, 8987 menyimpang, 12133 kosong
[2026-10-07 16:31:14]     [2026-10-07 16:30:49]               menyimpang: 8987 baris (50.4293%)
[2026-10-07 16:31:14]     [2026-10-07 16:30:49]               contoh    : ['', '', '', '', '', '', '', '']
[2026-10-07 16:31:14]     [2026-10-07 16:30:49]       [GAGAL] qc_user bukan string kosong / hanya spasi
[2026-10-07 16:31:14]     [2026-10-07 16:30:49]               observasi : 29954 baris, 31 menyimpang, 12446 kosong
[2026-10-07 16:31:14]     [2026-10-07 16:30:49]               menyimpang: 31 baris (0.1771%)
[2026-10-07 16:31:14]     [2026-10-07 16:30:49]               contoh    : ['', '', '', '', '', '', '', '']
[2026-10-07 16:31:14]     [2026-10-07 16:30:49]       [ OK  ] surveyor bukan string kosong / hanya spasi
[2026-10-07 16:31:14]     [2026-10-07 16:30:49]       [ OK  ] remark bukan string kosong / hanya spasi
[2026-10-07 16:31:14]     [2026-10-07 16:30:49]       [GAGAL] Rata-rata length dalam koridor [5.91956, 11.8391]
[2026-10-07 16:31:14]     [2026-10-07 16:30:49]               observasi : 5.882012840220635
[2026-10-07 16:31:14]     [2026-10-07 16:30:49]       [ OK  ] Simpangan baku length <= 10.1354
[2026-10-07 16:31:14]     [2026-10-07 16:30:49]       [ OK  ] Bentuk kuantil (p50/p75/p95/p99) sesuai profil historis
[2026-10-07 16:31:14]     [2026-10-07 16:30:49]       [ OK  ] KL divergence length terhadap baseline < 1
[2026-10-07 16:31:14]     [2026-10-07 16:30:49]       [ OK  ] Outlier ekstrem length: |z-score| < 20
[2026-10-07 16:31:14]     [2026-10-07 16:30:49]       [GAGAL] Rata-rata weir_spillway_level dalam koridor [43.3374, 86.6748]
[2026-10-07 16:31:14]     [2026-10-07 16:30:49]               observasi : 43.269914625092795
[2026-10-07 16:31:14]     [2026-10-07 16:30:49]       [ OK  ] Simpangan baku weir_spillway_level <= 67.325
[2026-10-07 16:31:14]     [2026-10-07 16:30:49]       [ OK  ] Bentuk kuantil (p50/p75/p95/p99) sesuai profil historis
[2026-10-07 16:31:14]     [2026-10-07 16:30:49]       [ OK  ] KL divergence weir_spillway_level terhadap baseline < 1
[2026-10-07 16:31:14]     [2026-10-07 16:30:49]       [ OK  ] Outlier ekstrem weir_spillway_level: |z-score| < 20
[2026-10-07 16:31:14]     [2026-10-07 16:30:49]       [GAGAL] afdeling cocok pola yang dikenal
[2026-10-07 16:31:14]     [2026-10-07 16:30:49]               observasi : 29954 baris, 4123 menyimpang, 0 kosong
[2026-10-07 16:31:14]     [2026-10-07 16:30:49]               menyimpang: 4123 baris (13.7644%)
[2026-10-07 16:31:14]     [2026-10-07 16:30:49]               contoh    : ['', '', '', '', '', '', '', '']
[2026-10-07 16:31:14]     [2026-10-07 16:30:49]       [ OK  ] Panjang afdeling antara 0–5 karakter
[2026-10-07 16:31:14]     [2026-10-07 16:30:49]       [GAGAL] block_gis cocok pola yang dikenal
[2026-10-07 16:31:14]     [2026-10-07 16:30:49]               observasi : 29954 baris, 77 menyimpang, 2680 kosong
[2026-10-07 16:31:14]     [2026-10-07 16:30:49]               menyimpang: 77 baris (0.2823%)
[2026-10-07 16:31:14]     [2026-10-07 16:30:49]               contoh    : ['', '', '', '', '', '', '', '']
[2026-10-07 16:31:14]     [2026-10-07 16:30:49]       [ OK  ] Panjang block_gis antara 0–21 karakter
[2026-10-07 16:31:14]     [2026-10-07 16:30:49]       [GAGAL] block_sap cocok salah satu dari 2 pola yang dikenal
[2026-10-07 16:31:14]     [2026-10-07 16:30:49]               observasi : 29954 baris, 338 menyimpang, 4123 kosong
[2026-10-07 16:31:14]     [2026-10-07 16:30:49]               menyimpang: 338 baris (1.3085%)
[2026-10-07 16:31:14]     [2026-10-07 16:30:49]               contoh    : ['', '', '', '', '', '', '', '']
[2026-10-07 16:31:14]     [2026-10-07 16:30:49]       [ OK  ] Panjang block_sap antara 0–3 karakter
[2026-10-07 16:31:14]     [2026-10-07 16:30:49]       [ OK  ] condition_label cocok salah satu dari 2 pola yang dikenal
[2026-10-07 16:31:14]     [2026-10-07 16:30:49]       [GAGAL] qc_remarks cocok pola yang dikenal
[2026-10-07 16:31:14]     [2026-10-07 16:30:49]               observasi : 29954 baris, 8987 menyimpang, 12133 kosong
[2026-10-07 16:31:14]     [2026-10-07 16:30:49]               menyimpang: 8987 baris (50.4293%)
[2026-10-07 16:31:14]     [2026-10-07 16:30:49]               contoh    : ['', '', '', '', '', '', '', '']
[2026-10-07 16:31:14]     [2026-10-07 16:30:49]       [ OK  ] Panjang qc_remarks antara 0–200 karakter
[2026-10-07 16:31:14]     [2026-10-07 16:30:49]       [GAGAL] qc_user cocok pola yang dikenal
[2026-10-07 16:31:14]     [2026-10-07 16:30:49]               observasi : 29954 baris, 31 menyimpang, 12446 kosong
[2026-10-07 16:31:14]     [2026-10-07 16:30:49]               menyimpang: 31 baris (0.1771%)
[2026-10-07 16:31:14]     [2026-10-07 16:30:49]               contoh    : ['', '', '', '', '', '', '', '']
[2026-10-07 16:31:14]     [2026-10-07 16:30:49]       [ OK  ] Panjang qc_user antara 0–29 karakter
[2026-10-07 16:31:14]     [2026-10-07 16:30:49]       [ OK  ] surveyor cocok pola yang dikenal
[2026-10-07 16:31:14]     [2026-10-07 16:30:49]       [GAGAL] remark cocok pola yang dikenal
[2026-10-07 16:31:14]     [2026-10-07 16:30:49]               observasi : 29954 baris, 58 menyimpang, 12319 kosong
[2026-10-07 16:31:14]     [2026-10-07 16:30:49]               menyimpang: 58 baris (0.3289%)
[2026-10-07 16:31:14]     [2026-10-07 16:30:49]               contoh    : ['pergantian gorong²', 'pergantian gorong²', 'jembatàn betina amblas', 'rorak buntu, jembatàn betina amblas', 'jembatàn betina amblas', 'pwrlu pasanv baru, tertimbun jembatàn titi betina', 'pergantian gorong² beton', 'badan jembatàn mulai amblas']
[2026-10-07 16:31:14]     [2026-10-07 16:30:49]       [ OK  ] Panjang remark antara 1–103 karakter
[2026-10-07 16:31:14]     [2026-10-07 16:30:49]       [ OK  ] budget_ref_id cocok pola yang dikenal
[2026-10-07 16:31:14]     [2026-10-07 16:30:49]       [GAGAL] asset_subtype_label bebas dari spasi di awal/akhir (padding tak sengaja)
[2026-10-07 16:31:14]     [2026-10-07 16:30:49]               observasi : 29954 baris, 285 menyimpang, 6866 kosong
[2026-10-07 16:31:14]     [2026-10-07 16:30:49]               menyimpang: 285 baris (1.2344%)
[2026-10-07 16:31:14]     [2026-10-07 16:30:49]               contoh    : ['Underpass ', 'Underpass ', 'Underpass ', 'Underpass ', 'Underpass ', 'Underpass ', 'Underpass ', 'Underpass ']
[2026-10-07 16:31:14]     [2026-10-07 16:30:49]       [ OK  ] asset_subtype_label bebas dari string kosong atau hanya spasi (missing tersembunyi)
[2026-10-07 16:31:14]     [2026-10-07 16:30:49]       [ OK  ] asset_subtype_label bebas dari karakter kontrol / non-printable
[2026-10-07 16:31:14]     [2026-10-07 16:30:49]       [GAGAL] afdeling bebas dari string kosong atau hanya spasi (missing tersembunyi)
[2026-10-07 16:31:14]     [2026-10-07 16:30:49]               observasi : 29954 baris, 4123 menyimpang, 0 kosong
[2026-10-07 16:31:14]     [2026-10-07 16:30:49]               menyimpang: 4123 baris (13.7644%)
[2026-10-07 16:31:14]     [2026-10-07 16:30:49]               contoh    : ['', '', '', '', '', '', '', '']
[2026-10-07 16:31:14]     [2026-10-07 16:30:49]       [ OK  ] afdeling bebas dari karakter kontrol / non-printable
[2026-10-07 16:31:14]     [2026-10-07 16:30:49]       [ OK  ] afdeling bebas dari penggalan HTML/markup (indikasi kebocoran encoding)
[2026-10-07 16:31:14]     [2026-10-07 16:30:49]       [GAGAL] block_gis bebas dari spasi di awal/akhir (padding tak sengaja)
[2026-10-07 16:31:14]     [2026-10-07 16:30:49]               observasi : 29954 baris, 39 menyimpang, 2680 kosong
[2026-10-07 16:31:14]     [2026-10-07 16:30:49]               menyimpang: 39 baris (0.1430%)
[2026-10-07 16:31:14]     [2026-10-07 16:30:49]               contoh    : ['5 24 ', '69 02 ', ' 42', ' ', ' ', '70 03 ', ' ', '72 03 ']
[2026-10-07 16:31:14]     [2026-10-07 16:30:49]       [GAGAL] block_gis bebas dari string kosong atau hanya spasi (missing tersembunyi)
[2026-10-07 16:31:14]     [2026-10-07 16:30:49]               observasi : 29954 baris, 80 menyimpang, 2680 kosong
[2026-10-07 16:31:14]     [2026-10-07 16:30:49]               menyimpang: 80 baris (0.2933%)
[2026-10-07 16:31:14]     [2026-10-07 16:30:49]               contoh    : ['', '', '', '', '', '', '', '']
[2026-10-07 16:31:14]     [2026-10-07 16:30:49]       [ OK  ] block_gis bebas dari karakter kontrol / non-printable
[2026-10-07 16:31:14]     [2026-10-07 16:30:49]       [ OK  ] block_gis bebas dari penggalan HTML/markup (indikasi kebocoran encoding)
[2026-10-07 16:31:14]     [2026-10-07 16:30:49]       [GAGAL] block_sap bebas dari string kosong atau hanya spasi (missing tersembunyi)
[2026-10-07 16:31:14]     [2026-10-07 16:30:49]               observasi : 29954 baris, 338 menyimpang, 4123 kosong
[2026-10-07 16:31:14]     [2026-10-07 16:30:49]               menyimpang: 338 baris (1.3085%)
[2026-10-07 16:31:14]     [2026-10-07 16:30:49]               contoh    : ['', '', '', '', '', '', '', '']
[2026-10-07 16:31:14]     [2026-10-07 16:30:49]       [ OK  ] block_sap bebas dari karakter kontrol / non-printable
[2026-10-07 16:31:14]     [2026-10-07 16:30:49]       [ OK  ] block_sap bebas dari penggalan HTML/markup (indikasi kebocoran encoding)
[2026-10-07 16:31:14]     [2026-10-07 16:30:49]       [GAGAL] qc_remarks bebas dari spasi di awal/akhir (padding tak sengaja)
[2026-10-07 16:31:14]     [2026-10-07 16:30:49]               observasi : 29954 baris, 27 menyimpang, 12133 kosong
[2026-10-07 16:31:14]     [2026-10-07 16:30:49]               menyimpang: 27 baris (0.1515%)
[2026-10-07 16:31:14]     [2026-10-07 16:30:49]               contoh    : [' mengganti gorong untuk memperlancar aliran air', 'sudah rusak bekas ceges jembatan besi bangkai jembatan ada dipinggir KCB ', 'OK jembatan ', 'QC Jembatan OK, jembtan diatas jalan kolektor anak sungai alam ', 'perlu diperbaiki dengan papan atau plat besi untuk kontrol pringgan Kanal TBS ', 'proses penimbunan tanah. kondisi jembatan batang balak rusak. ', 'overlap pengambilan sensus survey lapangan double ', 'Bersihkan dan foto ulang ']
[2026-10-07 16:31:14]     [2026-10-07 16:30:49]       [GAGAL] qc_remarks bebas dari string kosong atau hanya spasi (missing tersembunyi)
[2026-10-07 16:31:14]     [2026-10-07 16:30:49]               observasi : 29954 baris, 8987 menyimpang, 12133 kosong
[2026-10-07 16:31:14]     [2026-10-07 16:30:49]               menyimpang: 8987 baris (50.4293%)
[2026-10-07 16:31:14]     [2026-10-07 16:30:49]               contoh    : ['', '', '', '', '', '', '', '']
[2026-10-07 16:31:14]     [2026-10-07 16:30:49]       [ OK  ] qc_remarks bebas dari karakter kontrol / non-printable
[2026-10-07 16:31:14]     [2026-10-07 16:30:49]       [ OK  ] qc_remarks bebas dari penggalan HTML/markup (indikasi kebocoran encoding)
[2026-10-07 16:31:14]     [2026-10-07 16:30:49]       [GAGAL] qc_user bebas dari string kosong atau hanya spasi (missing tersembunyi)
[2026-10-07 16:31:14]     [2026-10-07 16:30:49]               observasi : 29954 baris, 31 menyimpang, 12446 kosong
[2026-10-07 16:31:14]     [2026-10-07 16:30:49]               menyimpang: 31 baris (0.1771%)
[2026-10-07 16:31:14]     [2026-10-07 16:30:49]               contoh    : ['', '', '', '', '', '', '', '']
[2026-10-07 16:31:14]     [2026-10-07 16:30:49]       [GAGAL] qc_user bebas dari karakter kontrol / non-printable
[2026-10-07 16:31:14]     [2026-10-07 16:30:49]               observasi : 29954 baris, 1 menyimpang, 12446 kosong
[2026-10-07 16:31:14]     [2026-10-07 16:30:49]               menyimpang: 1 baris (0.0057%)
[2026-10-07 16:31:14]     [2026-10-07 16:30:49]               contoh    : ["',\r\n\t\t\tQC_remarks = '"]
[2026-10-07 16:31:14]     [2026-10-07 16:30:49]       [ OK  ] qc_user bebas dari penggalan HTML/markup (indikasi kebocoran encoding)
[2026-10-07 16:31:14]     [2026-10-07 16:30:49]       [ OK  ] qc_user bebas dari literal 'null'/'None'/'nan' sebagai teks
[2026-10-07 16:31:14]     [2026-10-07 16:30:49]       [GAGAL] variant_label bebas dari spasi di awal/akhir (padding tak sengaja)
[2026-10-07 16:31:14]     [2026-10-07 16:30:49]               observasi : 29954 baris, 1127 menyimpang, 27654 kosong
[2026-10-07 16:31:14]     [2026-10-07 16:30:49]               menyimpang: 1127 baris (49.0000%)
[2026-10-07 16:31:14]     [2026-10-07 16:30:49]               contoh    : [' Weir Tundung PVC 6 inch', ' Weir Tundung PVC 6 inch', ' Weir Tundung PVC 6 inch', ' Weir Tundung PVC 6 inch', ' Weir Tundung PVC 6 inch', 'WEIR PRECAST WALL STD2 300250-2 ', ' Weir Tundung PVC 6 inch', ' Weir Tundung PVC 6 inch']
[2026-10-07 16:31:14]     [2026-10-07 16:30:49]       [ OK  ] variant_label bebas dari string kosong atau hanya spasi (missing tersembunyi)
[2026-10-07 16:31:14]     [2026-10-07 16:30:49]       [ OK  ] variant_label bebas dari karakter kontrol / non-printable
[2026-10-07 16:31:14]     [2026-10-07 16:30:49]       [GAGAL] variant_dimensi bebas dari spasi di awal/akhir (padding tak sengaja)
[2026-10-07 16:31:14]     [2026-10-07 16:30:49]               observasi : 29954 baris, 150 menyimpang, 27654 kosong
[2026-10-07 16:31:14]     [2026-10-07 16:30:49]               menyimpang: 150 baris (6.5217%)
[2026-10-07 16:31:14]     [2026-10-07 16:30:49]               contoh    : ['400 x 80 cm ', '400 x 80 cm ', '400 x 80 cm ', '400 x 80 cm ', '400 x 80 cm ', '400 x 80 cm ', '100 x 75 cm ', '400 x 80 cm ']
[2026-10-07 16:31:14]     [2026-10-07 16:30:49]       [ OK  ] variant_dimensi bebas dari string kosong atau hanya spasi (missing tersembunyi)
[2026-10-07 16:31:14]     [2026-10-07 16:30:49]       [ OK  ] variant_dimensi bebas dari karakter kontrol / non-printable
[2026-10-07 16:31:14]     [2026-10-07 16:30:49]               alasan    : Query ke SQL Server gagal, jadi tidak ada nilai pembanding: Gagal konek ke SQL Server (Error): ('01000', "[01000] [unixODBC][Driver Manager]Can't open lib 'ODBC Driver 17 for SQL Server' : file not found (0) (SQLDriverConnect)")
[2026-10-07 16:31:14]     [2026-10-07 16:30:49]       Periksa SQLSERVER_HOST/DB/UID/PWD di .env, VPN/firewall ke server, dan apakah ODBC Driver 17 for SQL Server terinstal.
[2026-10-07 16:31:14]     [2026-10-07 16:30:49]     
[2026-10-07 16:31:14]     [2026-10-07 16:30:49]     10. FORMAT & PATTERN COMPLIANCE  —  0 lolos / 0 gagal / 1 dilewati
[2026-10-07 16:31:14]     [2026-10-07 16:30:49]     ------------------------------------------------------------------
[2026-10-07 16:31:14]     [2026-10-07 16:30:49]       [LEWAT] Kepatuhan format terhadap standar bisnis
[2026-10-07 16:31:14]     [2026-10-07 16:30:49]     VERDIKT: TIDAK LAYAK — ada kegagalan blocking
[2026-10-07 16:31:14]     [2026-10-07 16:30:49]     ====================================================================================================
[2026-10-07 16:31:14]     [2026-10-07 16:30:49]     
[2026-10-07 16:31:14]     [2026-10-07 16:30:49]     Laporan Markdown : /Users/Pooja/Downloads/Great Expectations bronze layer/reports/gold_master_awm_validation.md
[2026-10-07 16:31:14]     [2026-10-07 16:30:49]     Laporan JSON     : /Users/Pooja/Downloads/Great Expectations bronze layer/reports/gold_master_awm_validation.json
[2026-10-07 16:31:14]     [2026-10-07 16:30:49]   validate exit code = 1  durasi=1m 22.8s
[2026-10-07 16:31:14]     [2026-10-07 16:30:49] END   validate          | dataset=gold_master_awm  exit=1  durasi=1m 22.8s  status=GAGAL(1)
[2026-10-07 16:31:14]     [2026-10-07 16:30:49] DONE  gold_master_awm              | build=0  validate=1  status=GAGAL
[2026-10-07 16:31:14]     [2026-10-07 16:30:49] 
[2026-10-07 16:31:14]     [2026-10-07 16:30:49] ==============================================================================
[2026-10-07 16:31:14]     [2026-10-07 16:30:49] [4/7] DATASET: gold_master_block
[2026-10-07 16:31:14]     [2026-10-07 16:30:49] ==============================================================================
[2026-10-07 16:31:14]     [2026-10-07 16:30:49] SKIP  build_reference  | dataset=gold_master_block (--no-build)
[2026-10-07 16:31:14]     [2026-10-07 16:30:49] START validate         | dataset=gold_master_block
[2026-10-07 16:31:14]     [2026-10-07 16:30:49]   $ /opt/anaconda3/bin/python /Users/Pooja/Downloads/Great Expectations bronze layer/validate.py --config /Users/Pooja/Downloads/Great Expectations bronze layer/gold_data_validation.yml --source s3 --dataset gold_master_block --mode harian --no-data-docs --date 2026-10-06 --fallback-latest
[2026-10-07 16:31:14]     [2026-10-07 16:30:57]     Memuat [s3]: s3://kpn-gis-s3-bucket/datalake/gold/mgb/master_block/snapshot_date=2026-10-06/part-00000-f21950a1-94ea-46fa-8e38-7762802ad51e.c000.zstd.parquet
[2026-10-07 16:31:14]     [2026-10-07 16:30:57]     
[2026-10-07 16:31:14]     [2026-10-07 16:30:57]     ====================================================================================================
[2026-10-07 16:31:14]     [2026-10-07 16:30:57]     HASIL VALIDASI — GOLD_MASTER_BLOCK — 8 DIMENSI KUALITAS DATA
[2026-10-07 16:31:14]     [2026-10-07 16:30:57]     ====================================================================================================
[2026-10-07 16:31:14]     [2026-10-07 16:30:57]       Dataset   : gold_master_block  (Gold Master Block -- master data block mapping dari berbagai sumber (MGB2, COR, SAP, PLA). Snapshot harian dari T_Master_Block_All.)
[2026-10-07 16:31:14]     [2026-10-07 16:30:57]       [GAGAL] Tipe yop = integer (int64/int32/int16/int8)
[2026-10-07 16:31:14]     [2026-10-07 16:30:57]               observasi : float64
[2026-10-07 16:31:14]     [2026-10-07 16:30:57]       [ OK  ] Tipe progeny = string (object)
[2026-10-07 16:31:14]     [2026-10-07 16:30:57]       [ OK  ] Tipe owner_code = string (object)
[2026-10-07 16:31:14]     [2026-10-07 16:30:57]       [ OK  ] Tipe ownership = string (object)
[2026-10-07 16:31:14]     [2026-10-07 16:30:57]       [ OK  ] Tipe topografi = string (object)
[2026-10-07 16:31:14]     [2026-10-07 16:30:57]       [GAGAL] block_sap bukan string kosong / hanya spasi
[2026-10-07 16:31:14]     [2026-10-07 16:30:57]               observasi : 7576 baris, 244 menyimpang, 0 kosong
[2026-10-07 16:31:14]     [2026-10-07 16:30:57]               menyimpang: 244 baris (3.2207%)
[2026-10-07 16:31:14]     [2026-10-07 16:30:57]               contoh    : ['', '', '', '', '', '', '', '']
[2026-10-07 16:31:14]     [2026-10-07 16:30:57]       [ OK  ] zkprs bukan string kosong / hanya spasi
[2026-10-07 16:31:14]     [2026-10-07 16:30:57]       [ OK  ] koperasi_name bukan string kosong / hanya spasi
[2026-10-07 16:31:14]     [2026-10-07 16:30:57]       [GAGAL] progeny bukan string kosong / hanya spasi
[2026-10-07 16:31:14]     [2026-10-07 16:30:57]               observasi : 7576 baris, 361 menyimpang, 0 kosong
[2026-10-07 16:31:14]     [2026-10-07 16:30:57]               menyimpang: 361 baris (4.7650%)
[2026-10-07 16:31:14]     [2026-10-07 16:30:57]               contoh    : ['', '', '', '', '', '', '', '']
[2026-10-07 16:31:14]     [2026-10-07 16:30:57]       [ OK  ] owner_code bukan string kosong / hanya spasi
[2026-10-07 16:31:14]     [2026-10-07 16:30:57]       [ OK  ] ownership bukan string kosong / hanya spasi
[2026-10-07 16:31:14]     [2026-10-07 16:30:57]       [GAGAL] topografi bukan string kosong / hanya spasi
[2026-10-07 16:31:14]     [2026-10-07 16:30:57]               observasi : 7576 baris, 360 menyimpang, 0 kosong
[2026-10-07 16:31:14]     [2026-10-07 16:30:57]               menyimpang: 360 baris (4.7518%)
[2026-10-07 16:31:14]     [2026-10-07 16:30:57]               contoh    : ['', '', '', '', '', '', '', '']
[2026-10-07 16:31:14]     [2026-10-07 16:30:57]       [ OK  ] deskripsi_topografi bukan string kosong / hanya spasi
[2026-10-07 16:31:14]     [2026-10-07 16:30:57]       [GAGAL] soil bukan string kosong / hanya spasi
[2026-10-07 16:31:14]     [2026-10-07 16:30:57]               observasi : 7576 baris, 360 menyimpang, 0 kosong
[2026-10-07 16:31:14]     [2026-10-07 16:30:57]               menyimpang: 360 baris (4.7518%)
[2026-10-07 16:31:14]     [2026-10-07 16:30:57]               contoh    : ['', '', '', '', '', '', '', '']
[2026-10-07 16:31:14]     [2026-10-07 16:30:57]       [GAGAL] crop_type bukan string kosong / hanya spasi
[2026-10-07 16:31:14]     [2026-10-07 16:30:57]               observasi : 7576 baris, 360 menyimpang, 0 kosong
[2026-10-07 16:31:14]     [2026-10-07 16:30:57]               menyimpang: 360 baris (4.7518%)
[2026-10-07 16:31:14]     [2026-10-07 16:30:57]               contoh    : ['', '', '', '', '', '', '', '']
[2026-10-07 16:31:14]     [2026-10-07 16:30:57]       [ OK  ] survey_stage_desc bukan string kosong / hanya spasi
[2026-10-07 16:31:14]     [2026-10-07 16:30:57]       [ OK  ] survey_stage_desc_full bukan string kosong / hanya spasi
[2026-10-07 16:31:14]     [2026-10-07 16:30:57]       [GAGAL] fase_tanaman bukan string kosong / hanya spasi
[2026-10-07 16:31:14]     [2026-10-07 16:30:57]               observasi : 7576 baris, 363 menyimpang, 0 kosong
[2026-10-07 16:31:14]     [2026-10-07 16:30:57]               menyimpang: 363 baris (4.7914%)
[2026-10-07 16:31:14]     [2026-10-07 16:30:57]               contoh    : ['', '', '', '', '', '', '', '']
[2026-10-07 16:31:14]     [2026-10-07 16:30:57]       [ OK  ] update_name bukan string kosong / hanya spasi
[2026-10-07 16:31:14]     [2026-10-07 16:30:57]     
[2026-10-07 16:31:14]     [2026-10-07 16:30:57]       [GAGAL] block_sap cocok salah satu dari 2 pola yang dikenal
[2026-10-07 16:31:14]     [2026-10-07 16:30:57]               observasi : 7576 baris, 244 menyimpang, 0 kosong
[2026-10-07 16:31:14]     [2026-10-07 16:30:57]               menyimpang: 244 baris (3.2207%)
[2026-10-07 16:31:14]     [2026-10-07 16:30:57]               contoh    : ['', '', '', '', '', '', '', '']
[2026-10-07 16:31:14]     [2026-10-07 16:30:57]       [ OK  ] Panjang block_sap antara 0–3 karakter
[2026-10-07 16:31:14]     [2026-10-07 16:30:57]       [ OK  ] zkprs cocok pola yang dikenal
[2026-10-07 16:31:14]     [2026-10-07 16:30:57]       [GAGAL] progeny cocok salah satu dari 4 pola yang dikenal
[2026-10-07 16:31:14]     [2026-10-07 16:30:57]               observasi : 7576 baris, 361 menyimpang, 0 kosong
[2026-10-07 16:31:14]     [2026-10-07 16:30:57]               menyimpang: 361 baris (4.7650%)
[2026-10-07 16:31:14]     [2026-10-07 16:30:57]               contoh    : ['', '', '', '', '', '', '', '']
[2026-10-07 16:31:14]     [2026-10-07 16:30:57]       [ OK  ] Panjang progeny antara 0–13 karakter
[2026-10-07 16:31:14]     [2026-10-07 16:30:57]       [ OK  ] owner_code cocok pola yang dikenal
[2026-10-07 16:31:14]     [2026-10-07 16:30:57]       [GAGAL] topografi cocok pola yang dikenal
[2026-10-07 16:31:14]     [2026-10-07 16:30:57]               observasi : 7576 baris, 360 menyimpang, 0 kosong
[2026-10-07 16:31:14]     [2026-10-07 16:30:57]               menyimpang: 360 baris (4.7518%)
[2026-10-07 16:31:14]     [2026-10-07 16:30:57]               contoh    : ['', '', '', '', '', '', '', '']
[2026-10-07 16:31:14]     [2026-10-07 16:30:57]       [ OK  ] Panjang topografi antara 0–3 karakter
[2026-10-07 16:31:14]     [2026-10-07 16:30:57]       [ OK  ] deskripsi_topografi cocok salah satu dari 2 pola yang dikenal
[2026-10-07 16:31:14]     [2026-10-07 16:30:57]       [GAGAL] soil cocok pola yang dikenal
[2026-10-07 16:31:14]     [2026-10-07 16:30:57]               observasi : 7576 baris, 360 menyimpang, 0 kosong
[2026-10-07 16:31:14]     [2026-10-07 16:30:57]               menyimpang: 360 baris (4.7518%)
[2026-10-07 16:31:14]     [2026-10-07 16:30:57]               contoh    : ['', '', '', '', '', '', '', '']
[2026-10-07 16:31:14]     [2026-10-07 16:30:57]       [ OK  ] Panjang soil antara 0–7 karakter
[2026-10-07 16:31:14]     [2026-10-07 16:30:57]       [GAGAL] crop_type cocok pola yang dikenal
[2026-10-07 16:31:14]     [2026-10-07 16:30:57]               observasi : 7576 baris, 360 menyimpang, 0 kosong
[2026-10-07 16:31:14]     [2026-10-07 16:30:57]               menyimpang: 360 baris (4.7518%)
[2026-10-07 16:31:14]     [2026-10-07 16:30:57]               contoh    : ['', '', '', '', '', '', '', '']
[2026-10-07 16:31:14]     [2026-10-07 16:30:57]       [ OK  ] Panjang crop_type antara 0–4 karakter
[2026-10-07 16:31:14]     [2026-10-07 16:30:57]       [ OK  ] survey_stage_desc cocok salah satu dari 2 pola yang dikenal
[2026-10-07 16:31:14]     [2026-10-07 16:30:57]       [GAGAL] fase_tanaman cocok pola yang dikenal
[2026-10-07 16:31:14]     [2026-10-07 16:30:57]               observasi : 7576 baris, 363 menyimpang, 0 kosong
[2026-10-07 16:31:14]     [2026-10-07 16:30:57]               menyimpang: 363 baris (4.7914%)
[2026-10-07 16:31:14]     [2026-10-07 16:30:57]               contoh    : ['', '', '', '', '', '', '', '']
[2026-10-07 16:31:14]     [2026-10-07 16:30:57]       [ OK  ] Panjang fase_tanaman antara 0–3 karakter
[2026-10-07 16:31:14]     [2026-10-07 16:30:57]       [ OK  ] update_name cocok salah satu dari 3 pola yang dikenal
[2026-10-07 16:31:14]     [2026-10-07 16:30:57]       [GAGAL] block_sap bebas dari string kosong atau hanya spasi (missing tersembunyi)
[2026-10-07 16:31:14]     [2026-10-07 16:30:57]               observasi : 7576 baris, 244 menyimpang, 0 kosong
[2026-10-07 16:31:14]     [2026-10-07 16:30:57]               menyimpang: 244 baris (3.2207%)
[2026-10-07 16:31:14]     [2026-10-07 16:30:57]               contoh    : ['', '', '', '', '', '', '', '']
[2026-10-07 16:31:14]     [2026-10-07 16:30:57]       [ OK  ] block_sap bebas dari karakter kontrol / non-printable
[2026-10-07 16:31:14]     [2026-10-07 16:30:57]       [ OK  ] block_sap bebas dari penggalan HTML/markup (indikasi kebocoran encoding)
[2026-10-07 16:31:14]     [2026-10-07 16:30:57]       [GAGAL] progeny bebas dari string kosong atau hanya spasi (missing tersembunyi)
[2026-10-07 16:31:14]     [2026-10-07 16:30:57]               observasi : 7576 baris, 361 menyimpang, 0 kosong
[2026-10-07 16:31:14]     [2026-10-07 16:30:57]               menyimpang: 361 baris (4.7650%)
[2026-10-07 16:31:14]     [2026-10-07 16:30:57]               contoh    : ['', '', '', '', '', '', '', '']
[2026-10-07 16:31:14]     [2026-10-07 16:30:57]       [ OK  ] progeny bebas dari karakter kontrol / non-printable
[2026-10-07 16:31:14]     [2026-10-07 16:30:57]       [ OK  ] progeny bebas dari penggalan HTML/markup (indikasi kebocoran encoding)
[2026-10-07 16:31:14]     [2026-10-07 16:30:57]       [GAGAL] topografi bebas dari string kosong atau hanya spasi (missing tersembunyi)
[2026-10-07 16:31:14]     [2026-10-07 16:30:57]               observasi : 7576 baris, 360 menyimpang, 0 kosong
[2026-10-07 16:31:14]     [2026-10-07 16:30:57]               menyimpang: 360 baris (4.7518%)
[2026-10-07 16:31:14]     [2026-10-07 16:30:57]               contoh    : ['', '', '', '', '', '', '', '']
[2026-10-07 16:31:14]     [2026-10-07 16:30:57]       [ OK  ] topografi bebas dari karakter kontrol / non-printable
[2026-10-07 16:31:14]     [2026-10-07 16:30:57]       [ OK  ] topografi bebas dari penggalan HTML/markup (indikasi kebocoran encoding)
[2026-10-07 16:31:14]     [2026-10-07 16:30:57]       [GAGAL] soil bebas dari string kosong atau hanya spasi (missing tersembunyi)
[2026-10-07 16:31:14]     [2026-10-07 16:30:57]               observasi : 7576 baris, 360 menyimpang, 0 kosong
[2026-10-07 16:31:14]     [2026-10-07 16:30:57]               menyimpang: 360 baris (4.7518%)
[2026-10-07 16:31:14]     [2026-10-07 16:30:57]               contoh    : ['', '', '', '', '', '', '', '']
[2026-10-07 16:31:14]     [2026-10-07 16:30:57]       [ OK  ] soil bebas dari karakter kontrol / non-printable
[2026-10-07 16:31:14]     [2026-10-07 16:30:57]       [ OK  ] soil bebas dari penggalan HTML/markup (indikasi kebocoran encoding)
[2026-10-07 16:31:14]     [2026-10-07 16:30:57]       [GAGAL] crop_type bebas dari string kosong atau hanya spasi (missing tersembunyi)
[2026-10-07 16:31:14]     [2026-10-07 16:30:57]               observasi : 7576 baris, 360 menyimpang, 0 kosong
[2026-10-07 16:31:14]     [2026-10-07 16:30:57]               menyimpang: 360 baris (4.7518%)
[2026-10-07 16:31:14]     [2026-10-07 16:30:57]               contoh    : ['', '', '', '', '', '', '', '']
[2026-10-07 16:31:14]     [2026-10-07 16:30:57]       [ OK  ] crop_type bebas dari karakter kontrol / non-printable
[2026-10-07 16:31:14]     [2026-10-07 16:30:57]       [ OK  ] crop_type bebas dari penggalan HTML/markup (indikasi kebocoran encoding)
[2026-10-07 16:31:14]     [2026-10-07 16:30:57]       [GAGAL] fase_tanaman bebas dari string kosong atau hanya spasi (missing tersembunyi)
[2026-10-07 16:31:14]     [2026-10-07 16:30:57]               observasi : 7576 baris, 363 menyimpang, 0 kosong
[2026-10-07 16:31:14]     [2026-10-07 16:30:57]               menyimpang: 363 baris (4.7914%)
[2026-10-07 16:31:14]     [2026-10-07 16:30:57]               contoh    : ['', '', '', '', '', '', '', '']
[2026-10-07 16:31:14]     [2026-10-07 16:30:57]       [ OK  ] fase_tanaman bebas dari karakter kontrol / non-printable
[2026-10-07 16:31:14]     [2026-10-07 16:30:57]       [ OK  ] fase_tanaman bebas dari penggalan HTML/markup (indikasi kebocoran encoding)
[2026-10-07 16:31:14]     [2026-10-07 16:30:57]               alasan    : Query ke SQL Server gagal, jadi tidak ada nilai pembanding: Gagal konek ke SQL Server (Error): ('01000', "[01000] [unixODBC][Driver Manager]Can't open lib 'ODBC Driver 17 for SQL Server' : file not found (0) (SQLDriverConnect)")
[2026-10-07 16:31:14]     [2026-10-07 16:30:57]       Periksa SQLSERVER_HOST/DB/UID/PWD di .env, VPN/firewall ke server, dan apakah ODBC Driver 17 for SQL Server terinstal.
[2026-10-07 16:31:14]     [2026-10-07 16:30:57]     
[2026-10-07 16:31:14]     [2026-10-07 16:30:57]     10. FORMAT & PATTERN COMPLIANCE  —  0 lolos / 0 gagal / 1 dilewati
[2026-10-07 16:31:14]     [2026-10-07 16:30:57]     ------------------------------------------------------------------
[2026-10-07 16:31:14]     [2026-10-07 16:30:57]       [LEWAT] Kepatuhan format terhadap standar bisnis
[2026-10-07 16:31:14]     [2026-10-07 16:30:57]     VERDIKT: TIDAK LAYAK — ada kegagalan blocking
[2026-10-07 16:31:14]     [2026-10-07 16:30:57]     ====================================================================================================
[2026-10-07 16:31:14]     [2026-10-07 16:30:57]     
[2026-10-07 16:31:14]     [2026-10-07 16:30:57]     Laporan Markdown : /Users/Pooja/Downloads/Great Expectations bronze layer/reports/gold_master_block_validation.md
[2026-10-07 16:31:14]     [2026-10-07 16:30:57]     Laporan JSON     : /Users/Pooja/Downloads/Great Expectations bronze layer/reports/gold_master_block_validation.json
[2026-10-07 16:31:14]     [2026-10-07 16:30:57]   validate exit code = 1  durasi=7.7s
[2026-10-07 16:31:14]     [2026-10-07 16:30:57] END   validate          | dataset=gold_master_block  exit=1  durasi=7.7s  status=GAGAL(1)
[2026-10-07 16:31:14]     [2026-10-07 16:30:57] DONE  gold_master_block            | build=0  validate=1  status=GAGAL
[2026-10-07 16:31:14]     [2026-10-07 16:30:57] 
[2026-10-07 16:31:14]     [2026-10-07 16:30:57] ==============================================================================
[2026-10-07 16:31:14]     [2026-10-07 16:30:57] [5/7] DATASET: gold_master_estate
[2026-10-07 16:31:14]     [2026-10-07 16:30:57] ==============================================================================
[2026-10-07 16:31:14]     [2026-10-07 16:30:57] SKIP  build_reference  | dataset=gold_master_estate (--no-build)
[2026-10-07 16:31:14]     [2026-10-07 16:30:57] START validate         | dataset=gold_master_estate
[2026-10-07 16:31:14]     [2026-10-07 16:30:57]   $ /opt/anaconda3/bin/python /Users/Pooja/Downloads/Great Expectations bronze layer/validate.py --config /Users/Pooja/Downloads/Great Expectations bronze layer/gold_data_validation.yml --source s3 --dataset gold_master_estate --mode harian --no-data-docs --date 2026-10-06 --fallback-latest
[2026-10-07 16:31:14]     [2026-10-07 16:30:59]     Memuat [s3]: s3://kpn-gis-s3-bucket/datalake/gold/cor/master_estate/snapshot_date=2026-10-06/part-00000-0464459c-4a6f-4472-b20f-cba0f35c630c.c000.zstd.parquet
[2026-10-07 16:31:14]     [2026-10-07 16:30:59]     
[2026-10-07 16:31:14]     [2026-10-07 16:30:59]     ====================================================================================================
[2026-10-07 16:31:14]     [2026-10-07 16:30:59]     HASIL VALIDASI — GOLD_MASTER_ESTATE — 8 DIMENSI KUALITAS DATA
[2026-10-07 16:31:14]     [2026-10-07 16:30:59]     ====================================================================================================
[2026-10-07 16:31:14]     [2026-10-07 16:30:59]       Dataset   : gold_master_estate  (Gold Master Estate - Data master kebun/estate dari sumber enterprise)
[2026-10-07 16:31:14]     [2026-10-07 16:30:59]       [GAGAL] Jumlah kolom tepat 25
[2026-10-07 16:31:14]     [2026-10-07 16:30:59]               observasi : 24
[2026-10-07 16:31:14]     [2026-10-07 16:30:59]       [GAGAL] Tidak ada kolom hilang maupun kolom tak terduga (schema evolution)
[2026-10-07 16:31:14]     [2026-10-07 16:30:59]               observasi : ['company_code', 'est_code', 'est_code_sap', 'est_new_code', 'group_company_name', 'grouping', 'has_sap_code', 'is_ars_monitored', 'is_awl_monitored', 'is_klhk_monitored', 'is_manual_ombro_monitored', 'is_manual_wl_tmas_monitored', 'is_manual_wl_tmat_monitored', 'is_ombrometer_available', 'loaded_at', 'new_est_name', 'plantation', 'region_group', 'region_id', 'source_id', 'x_max', 'x_min', 'y_max', 'y_min']
[2026-10-07 16:31:14]     [2026-10-07 16:30:59]       [ OK  ] Tipe source_id = integer (int64/int32/int16/int8)
[2026-10-07 16:31:14]     [2026-10-07 16:30:59]       [ OK  ] Tipe plantation = string (object)
[2026-10-07 16:31:14]     [2026-10-07 16:30:59]       [ OK  ] Tipe grouping = string (object)
[2026-10-07 16:31:14]     [2026-10-07 16:30:59]       [ OK  ] Tipe group_company_name = string (object)
[2026-10-07 16:31:14]     [2026-10-07 16:30:59]       [GAGAL] Tipe region_id = integer (int64/int32/int16/int8)
[2026-10-07 16:31:14]     [2026-10-07 16:30:59]               observasi : float64
[2026-10-07 16:31:14]     [2026-10-07 16:30:59]       [ OK  ] Tipe region_group = string (object)
[2026-10-07 16:31:14]     [2026-10-07 16:30:59]       [ OK  ] Tipe has_sap_code = boolean (bool)
[2026-10-07 16:31:14]     [2026-10-07 16:30:59]       [ OK  ] Tipe x_min = decimal (object)
[2026-10-07 16:31:14]     [2026-10-07 16:30:59]       [ OK  ] Tipe y_min = decimal (object)
[2026-10-07 16:31:14]     [2026-10-07 16:30:59]       [GAGAL] Tipe snapshot_date = datetime (datetime64[us]/datetime64[ns]/datetime64[ms]/datetime64[s]/date)
[2026-10-07 16:31:14]     [2026-10-07 16:30:59]               observasi : None
[2026-10-07 16:31:14]     [2026-10-07 16:30:59]     
[2026-10-07 16:31:14]     [2026-10-07 16:30:59]     2. VOLUME  —  2 lolos / 0 gagal
[2026-10-07 16:31:14]     [2026-10-07 16:30:59]     -------------------------------
[2026-10-07 16:31:14]     [2026-10-07 16:30:59]       [ OK  ] Tabel tidak kosong
[2026-10-07 16:31:14]     [2026-10-07 16:30:59]       [GAGAL] Semua snapshot_date di dalam window partisi [2026-10-06 00:00 .. 2026-10-06 23:59]
[2026-10-07 16:31:14]     [2026-10-07 16:30:59]               observasi : None
[2026-10-07 16:31:14]     [2026-10-07 16:30:59]       [ WARN] snapshot_date terbaru menyentuh akhir window partisi
[2026-10-07 16:31:14]     [2026-10-07 16:30:59]               observasi : None
[2026-10-07 16:31:14]     [2026-10-07 16:30:59]       [GAGAL] snapshot_date tidak berada di masa depan
[2026-10-07 16:31:14]     [2026-10-07 16:30:59]               observasi : None
[2026-10-07 16:31:14]     [2026-10-07 16:30:59]     
[2026-10-07 16:31:14]     [2026-10-07 16:30:59]     4. MISSINGNESS  —  33 lolos / 1 gagal
[2026-10-07 16:31:14]     [2026-10-07 16:30:59]     -------------------------------------
[2026-10-07 16:31:14]     [2026-10-07 16:30:59]       [ OK  ] source_id tidak boleh null
[2026-10-07 16:31:14]     [2026-10-07 16:30:59]       [GAGAL] snapshot_date tidak boleh null
[2026-10-07 16:31:14]     [2026-10-07 16:30:59]               observasi : None
[2026-10-07 16:31:14]     [2026-10-07 16:30:59]       [ OK  ] plantation bukan string kosong / hanya spasi
[2026-10-07 16:31:14]     [2026-10-07 16:30:59]       [ OK  ] grouping bukan string kosong / hanya spasi
[2026-10-07 16:31:14]     [2026-10-07 16:30:59]       [ OK  ] group_company_name bukan string kosong / hanya spasi
[2026-10-07 16:31:14]     [2026-10-07 16:30:59]       [ OK  ] company_code bukan string kosong / hanya spasi
[2026-10-07 16:31:14]     [2026-10-07 16:30:59]       [GAGAL] Bentuk kuantil (p50/p75/p95/p99) sesuai profil historis
[2026-10-07 16:31:14]     [2026-10-07 16:30:59]               observasi : {'quantiles': [0.5, 0.75, 0.95, 0.99], 'values': [-15227.8203000017, 6285.79989999905, 162877.8728, 210854.079599999]}
[2026-10-07 16:31:14]     [2026-10-07 16:30:59]       [ OK  ] KL divergence y_min terhadap baseline < 1
[2026-10-07 16:31:14]     [2026-10-07 16:30:59]       [ OK  ] Outlier ekstrem y_min: |z-score| < 20
[2026-10-07 16:31:14]     [2026-10-07 16:30:59]       [ OK  ] Rata-rata x_max dalam koridor [1.21614e+07, 2.43228e+07]
[2026-10-07 16:31:14]     [2026-10-07 16:30:59]       [ OK  ] Simpangan baku x_max <= 2.28191e+06
[2026-10-07 16:31:14]     [2026-10-07 16:30:59]       [GAGAL] Bentuk kuantil (p50/p75/p95/p99) sesuai profil historis
[2026-10-07 16:31:14]     [2026-10-07 16:30:59]               observasi : {'quantiles': [0.5, 0.75, 0.95, 0.99], 'values': [9973.74100000039, 38423.8024999984, 172864.339400001, 225195.4899]}
[2026-10-07 16:31:14]     [2026-10-07 16:30:59]       [ OK  ] KL divergence y_max terhadap baseline < 1
[2026-10-07 16:31:14]     [2026-10-07 16:30:59]       [ OK  ] Outlier ekstrem y_max: |z-score| < 20
[2026-10-07 16:31:14]     [2026-10-07 16:30:59]     
[2026-10-07 16:31:14]     [2026-10-07 16:30:59]     8. DATA CLEANLINESS & ENCODING  —  67 lolos / 0 gagal
[2026-10-07 16:31:14]     [2026-10-07 16:30:59]               alasan    : Query ke SQL Server gagal, jadi tidak ada nilai pembanding: Gagal konek ke SQL Server (Error): ('01000', "[01000] [unixODBC][Driver Manager]Can't open lib 'ODBC Driver 17 for SQL Server' : file not found (0) (SQLDriverConnect)")
[2026-10-07 16:31:14]     [2026-10-07 16:30:59]       Periksa SQLSERVER_HOST/DB/UID/PWD di .env, VPN/firewall ke server, dan apakah ODBC Driver 17 for SQL Server terinstal.
[2026-10-07 16:31:14]     [2026-10-07 16:30:59]     
[2026-10-07 16:31:14]     [2026-10-07 16:30:59]     10. FORMAT & PATTERN COMPLIANCE  —  0 lolos / 0 gagal / 1 dilewati
[2026-10-07 16:31:14]     [2026-10-07 16:30:59]     ------------------------------------------------------------------
[2026-10-07 16:31:14]     [2026-10-07 16:30:59]       [LEWAT] Kepatuhan format terhadap standar bisnis
[2026-10-07 16:31:14]     [2026-10-07 16:30:59]     VERDIKT: TIDAK LAYAK — ada kegagalan blocking
[2026-10-07 16:31:14]     [2026-10-07 16:30:59]     ====================================================================================================
[2026-10-07 16:31:14]     [2026-10-07 16:30:59]     
[2026-10-07 16:31:14]     [2026-10-07 16:30:59]     Laporan Markdown : /Users/Pooja/Downloads/Great Expectations bronze layer/reports/gold_master_estate_validation.md
[2026-10-07 16:31:14]     [2026-10-07 16:30:59]     Laporan JSON     : /Users/Pooja/Downloads/Great Expectations bronze layer/reports/gold_master_estate_validation.json
[2026-10-07 16:31:14]     [2026-10-07 16:30:59]   validate exit code = 1  durasi=2.7s
[2026-10-07 16:31:14]     [2026-10-07 16:30:59] END   validate          | dataset=gold_master_estate  exit=1  durasi=2.7s  status=GAGAL(1)
[2026-10-07 16:31:14]     [2026-10-07 16:30:59] DONE  gold_master_estate           | build=0  validate=1  status=GAGAL
[2026-10-07 16:31:14]     [2026-10-07 16:30:59] 
[2026-10-07 16:31:14]     [2026-10-07 16:30:59] ==============================================================================
[2026-10-07 16:31:14]     [2026-10-07 16:30:59] [6/7] DATASET: gold_master_ombrometer
[2026-10-07 16:31:14]     [2026-10-07 16:30:59] ==============================================================================
[2026-10-07 16:31:14]     [2026-10-07 16:30:59] SKIP  build_reference  | dataset=gold_master_ombrometer (--no-build)
[2026-10-07 16:31:14]     [2026-10-07 16:30:59] START validate         | dataset=gold_master_ombrometer
[2026-10-07 16:31:14]     [2026-10-07 16:30:59]   $ /opt/anaconda3/bin/python /Users/Pooja/Downloads/Great Expectations bronze layer/validate.py --config /Users/Pooja/Downloads/Great Expectations bronze layer/gold_data_validation.yml --source s3 --dataset gold_master_ombrometer --mode harian --no-data-docs --date 2026-10-06 --fallback-latest
[2026-10-07 16:31:14]     [2026-10-07 16:31:02]     Memuat [s3]: s3://kpn-gis-s3-bucket/datalake/gold/cor/master_ombrometer/snapshot_date=2026-10-06/part-00000-5a4502a7-61ec-4495-9330-b8859063b7c6.c000.zstd.parquet
[2026-10-07 16:31:14]     [2026-10-07 16:31:02]     
[2026-10-07 16:31:14]     [2026-10-07 16:31:02]     ====================================================================================================
[2026-10-07 16:31:14]     [2026-10-07 16:31:02]     HASIL VALIDASI — GOLD_MASTER_OMBROMETER — 8 DIMENSI KUALITAS DATA
[2026-10-07 16:31:14]     [2026-10-07 16:31:02]     ====================================================================================================
[2026-10-07 16:31:14]     [2026-10-07 16:31:02]       Dataset   : gold_master_ombrometer  (Gold Master Ombrometer - Data master stasiun ombrometer/curh hujan dari berbagai sumber (RIF, SAP, API). Snapshot harian dari T_Master_Ombrometer_All.)
[2026-10-07 16:31:14]     [2026-10-07 16:31:02]       [GAGAL] Jumlah kolom tepat 18
[2026-10-07 16:31:14]     [2026-10-07 16:31:02]               observasi : 17
[2026-10-07 16:31:14]     [2026-10-07 16:31:02]       [GAGAL] Tidak ada kolom hilang maupun kolom tak terduga (schema evolution)
[2026-10-07 16:31:14]     [2026-10-07 16:31:02]               observasi : ['company_code', 'create_by', 'create_date', 'created_name', 'end_date', 'est_code', 'est_code_sap', 'est_new_code', 'grouping', 'loaded_at', 'location', 'plantation', 'start_date', 'station_id', 'station_id_sap', 'station_sap', 'status']
[2026-10-07 16:31:14]     [2026-10-07 16:31:02]       [ OK  ] Tipe station_id = string (object)
[2026-10-07 16:31:14]     [2026-10-07 16:31:02]       [ OK  ] Tipe station_id_sap = string (object)
[2026-10-07 16:31:14]     [2026-10-07 16:31:02]       [ OK  ] Tipe station_sap = string (object)
[2026-10-07 16:31:14]     [2026-10-07 16:31:02]       [ OK  ] Tipe start_date = datetime (datetime64[us]/datetime64[ns]/datetime64[ms]/datetime64[s]/date)
[2026-10-07 16:31:14]     [2026-10-07 16:31:02]       [GAGAL] Tipe snapshot_date = datetime (datetime64[us]/datetime64[ns]/datetime64[ms]/datetime64[s]/date)
[2026-10-07 16:31:14]     [2026-10-07 16:31:02]               observasi : None
[2026-10-07 16:31:14]     [2026-10-07 16:31:02]     
[2026-10-07 16:31:14]     [2026-10-07 16:31:02]     2. VOLUME  —  2 lolos / 0 gagal
[2026-10-07 16:31:14]     [2026-10-07 16:31:02]     -------------------------------
[2026-10-07 16:31:14]     [2026-10-07 16:31:02]       [ OK  ] Tabel tidak kosong
[2026-10-07 16:31:14]     [2026-10-07 16:31:02]       [GAGAL] plantation bukan string kosong / hanya spasi
[2026-10-07 16:31:14]     [2026-10-07 16:31:02]               observasi : 61 baris, 1 menyimpang, 0 kosong
[2026-10-07 16:31:14]     [2026-10-07 16:31:02]               menyimpang: 1 baris (1.6393%)
[2026-10-07 16:31:14]     [2026-10-07 16:31:02]               contoh    : ['']
[2026-10-07 16:31:14]     [2026-10-07 16:31:02]       [GAGAL] grouping bukan string kosong / hanya spasi
[2026-10-07 16:31:14]     [2026-10-07 16:31:02]               observasi : 61 baris, 1 menyimpang, 0 kosong
[2026-10-07 16:31:14]     [2026-10-07 16:31:02]               menyimpang: 1 baris (1.6393%)
[2026-10-07 16:31:14]     [2026-10-07 16:31:02]               contoh    : ['']
[2026-10-07 16:31:14]     [2026-10-07 16:31:02]       [GAGAL] company_code bukan string kosong / hanya spasi
[2026-10-07 16:31:14]     [2026-10-07 16:31:02]               observasi : 61 baris, 1 menyimpang, 0 kosong
[2026-10-07 16:31:14]     [2026-10-07 16:31:02]               menyimpang: 1 baris (1.6393%)
[2026-10-07 16:31:14]     [2026-10-07 16:31:02]               contoh    : ['']
[2026-10-07 16:31:14]     [2026-10-07 16:31:02]       [ OK  ] est_code bukan string kosong / hanya spasi
[2026-10-07 16:31:14]     [2026-10-07 16:31:02]       [ OK  ] est_new_code bukan string kosong / hanya spasi
[2026-10-07 16:31:14]     [2026-10-07 16:31:02]       [GAGAL] plantation cocok pola yang dikenal
[2026-10-07 16:31:14]     [2026-10-07 16:31:02]               observasi : 61 baris, 1 menyimpang, 0 kosong
[2026-10-07 16:31:14]     [2026-10-07 16:31:02]               menyimpang: 1 baris (1.6393%)
[2026-10-07 16:31:14]     [2026-10-07 16:31:02]               contoh    : ['']
[2026-10-07 16:31:14]     [2026-10-07 16:31:02]       [ OK  ] Panjang plantation antara 0–8 karakter
[2026-10-07 16:31:14]     [2026-10-07 16:31:02]       [GAGAL] grouping cocok salah satu dari 5 pola yang dikenal
[2026-10-07 16:31:14]     [2026-10-07 16:31:02]               observasi : 61 baris, 1 menyimpang, 0 kosong
[2026-10-07 16:31:14]     [2026-10-07 16:31:02]               menyimpang: 1 baris (1.6393%)
[2026-10-07 16:31:14]     [2026-10-07 16:31:02]               contoh    : ['']
[2026-10-07 16:31:14]     [2026-10-07 16:31:02]       [ OK  ] Panjang grouping antara 0–17 karakter
[2026-10-07 16:31:14]     [2026-10-07 16:31:02]       [GAGAL] company_code cocok pola yang dikenal
[2026-10-07 16:31:14]     [2026-10-07 16:31:02]               observasi : 61 baris, 1 menyimpang, 0 kosong
[2026-10-07 16:31:14]     [2026-10-07 16:31:02]               menyimpang: 1 baris (1.6393%)
[2026-10-07 16:31:14]     [2026-10-07 16:31:02]               contoh    : ['']
[2026-10-07 16:31:14]     [2026-10-07 16:31:02]       [ OK  ] Panjang company_code antara 0–8 karakter
[2026-10-07 16:31:14]     [2026-10-07 16:31:02]       [ OK  ] est_code cocok salah satu dari 2 pola yang dikenal
[2026-10-07 16:31:14]     [2026-10-07 16:31:02]       [GAGAL] plantation bebas dari string kosong atau hanya spasi (missing tersembunyi)
[2026-10-07 16:31:14]     [2026-10-07 16:31:02]               observasi : 61 baris, 1 menyimpang, 0 kosong
[2026-10-07 16:31:14]     [2026-10-07 16:31:02]               menyimpang: 1 baris (1.6393%)
[2026-10-07 16:31:14]     [2026-10-07 16:31:02]               contoh    : ['']
[2026-10-07 16:31:14]     [2026-10-07 16:31:02]       [ OK  ] plantation bebas dari karakter kontrol / non-printable
[2026-10-07 16:31:14]     [2026-10-07 16:31:02]       [ OK  ] plantation bebas dari penggalan HTML/markup (indikasi kebocoran encoding)
[2026-10-07 16:31:14]     [2026-10-07 16:31:02]       [GAGAL] grouping bebas dari string kosong atau hanya spasi (missing tersembunyi)
[2026-10-07 16:31:14]     [2026-10-07 16:31:02]               observasi : 61 baris, 1 menyimpang, 0 kosong
[2026-10-07 16:31:14]     [2026-10-07 16:31:02]               menyimpang: 1 baris (1.6393%)
[2026-10-07 16:31:14]     [2026-10-07 16:31:02]               contoh    : ['']
[2026-10-07 16:31:14]     [2026-10-07 16:31:02]       [ OK  ] grouping bebas dari karakter kontrol / non-printable
[2026-10-07 16:31:14]     [2026-10-07 16:31:02]       [ OK  ] grouping bebas dari penggalan HTML/markup (indikasi kebocoran encoding)
[2026-10-07 16:31:14]     [2026-10-07 16:31:02]       [GAGAL] company_code bebas dari string kosong atau hanya spasi (missing tersembunyi)
[2026-10-07 16:31:14]     [2026-10-07 16:31:02]               observasi : 61 baris, 1 menyimpang, 0 kosong
[2026-10-07 16:31:14]     [2026-10-07 16:31:02]               menyimpang: 1 baris (1.6393%)
[2026-10-07 16:31:14]     [2026-10-07 16:31:02]               contoh    : ['']
[2026-10-07 16:31:14]     [2026-10-07 16:31:02]       [ OK  ] company_code bebas dari karakter kontrol / non-printable
[2026-10-07 16:31:14]     [2026-10-07 16:31:02]       [ OK  ] company_code bebas dari penggalan HTML/markup (indikasi kebocoran encoding)
[2026-10-07 16:31:14]     [2026-10-07 16:31:02]       [GAGAL] company_code hanya berisi karakter ASCII yang dapat dicetak
[2026-10-07 16:31:14]     [2026-10-07 16:31:02]               observasi : 61 baris, 1 menyimpang, 0 kosong
[2026-10-07 16:31:14]     [2026-10-07 16:31:02]               menyimpang: 1 baris (1.6393%)
[2026-10-07 16:31:14]     [2026-10-07 16:31:02]               contoh    : ['']
[2026-10-07 16:31:14]     [2026-10-07 16:31:02]       [ OK  ] est_code hanya berisi karakter ASCII yang dapat dicetak
[2026-10-07 16:31:14]     [2026-10-07 16:31:02]       [ OK  ] est_new_code hanya berisi karakter ASCII yang dapat dicetak
[2026-10-07 16:31:14]     [2026-10-07 16:31:02]               alasan    : Query ke SQL Server gagal, jadi tidak ada nilai pembanding: Gagal konek ke SQL Server (Error): ('01000', "[01000] [unixODBC][Driver Manager]Can't open lib 'ODBC Driver 17 for SQL Server' : file not found (0) (SQLDriverConnect)")
[2026-10-07 16:31:14]     [2026-10-07 16:31:02]       Periksa SQLSERVER_HOST/DB/UID/PWD di .env, VPN/firewall ke server, dan apakah ODBC Driver 17 for SQL Server terinstal.
[2026-10-07 16:31:14]     [2026-10-07 16:31:02]     
[2026-10-07 16:31:14]     [2026-10-07 16:31:02]     10. FORMAT & PATTERN COMPLIANCE  —  0 lolos / 0 gagal / 1 dilewati
[2026-10-07 16:31:14]     [2026-10-07 16:31:02]     ------------------------------------------------------------------
[2026-10-07 16:31:14]     [2026-10-07 16:31:02]       [LEWAT] Kepatuhan format terhadap standar bisnis
[2026-10-07 16:31:14]     [2026-10-07 16:31:02]     VERDIKT: TIDAK LAYAK — ada kegagalan blocking
[2026-10-07 16:31:14]     [2026-10-07 16:31:02]     ====================================================================================================
[2026-10-07 16:31:14]     [2026-10-07 16:31:02]     
[2026-10-07 16:31:14]     [2026-10-07 16:31:02]     Laporan Markdown : /Users/Pooja/Downloads/Great Expectations bronze layer/reports/gold_master_ombrometer_validation.md
[2026-10-07 16:31:14]     [2026-10-07 16:31:02]     Laporan JSON     : /Users/Pooja/Downloads/Great Expectations bronze layer/reports/gold_master_ombrometer_validation.json
[2026-10-07 16:31:14]     [2026-10-07 16:31:02]   validate exit code = 1  durasi=2.6s
[2026-10-07 16:31:14]     [2026-10-07 16:31:02] END   validate          | dataset=gold_master_ombrometer  exit=1  durasi=2.6s  status=GAGAL(1)
[2026-10-07 16:31:14]     [2026-10-07 16:31:02] DONE  gold_master_ombrometer       | build=0  validate=1  status=GAGAL
[2026-10-07 16:31:14]     [2026-10-07 16:31:02] 
[2026-10-07 16:31:14]     [2026-10-07 16:31:02] ==============================================================================
[2026-10-07 16:31:14]     [2026-10-07 16:31:02] [7/7] DATASET: gold_data_tmat
[2026-10-07 16:31:14]     [2026-10-07 16:31:02] ==============================================================================
[2026-10-07 16:31:14]     [2026-10-07 16:31:02] SKIP  build_reference  | dataset=gold_data_tmat (--no-build)
[2026-10-07 16:31:14]     [2026-10-07 16:31:02] START validate         | dataset=gold_data_tmat
[2026-10-07 16:31:14]     [2026-10-07 16:31:02]   $ /opt/anaconda3/bin/python /Users/Pooja/Downloads/Great Expectations bronze layer/validate.py --config /Users/Pooja/Downloads/Great Expectations bronze layer/gold_data_validation.yml --source s3 --dataset gold_data_tmat --mode harian --no-data-docs --date 2026-10-06 --fallback-latest
[2026-10-07 16:31:14]     [2026-10-07 16:31:14]     Memuat [s3]: s3://kpn-gis-s3-bucket/datalake/gold/pzo/data_tmat/recorded_year=2026/recorded_month=10/recorded_week=01/part-00000-7b0024e8-e039-4379-9884-bad35e1fb604-c000.zstd.parquet
[2026-10-07 16:31:14]     [2026-10-07 16:31:14]     
[2026-10-07 16:31:14]     [2026-10-07 16:31:14]     ====================================================================================================
[2026-10-07 16:31:14]     [2026-10-07 16:31:14]     HASIL VALIDASI — GOLD_DATA_TMAT — 8 DIMENSI KUALITAS DATA
[2026-10-07 16:31:14]     [2026-10-07 16:31:14]     ====================================================================================================
[2026-10-07 16:31:14]     [2026-10-07 16:31:14]       Dataset   : gold_data_tmat  (Gold Data TMAT - Data ketinggian air tanah (TMAT) dari berbagai sumber. Data dipartisi secara mingguan.)
[2026-10-07 16:31:14]     [2026-10-07 16:31:14]       [GAGAL] Jumlah kolom tepat 26
[2026-10-07 16:31:14]     [2026-10-07 16:31:14]               observasi : 45
[2026-10-07 16:31:14]     [2026-10-07 16:31:14]       [GAGAL] Tidak ada kolom hilang maupun kolom tak terduga (schema evolution)
[2026-10-07 16:31:14]     [2026-10-07 16:31:14]               observasi : ['block_mapping', 'company_code', 'division', 'est_code', 'est_code_sap', 'est_new_code', 'grouping_name', 'indicator_alias', 'indicator_alias_report', 'indicator_name', 'is_above_target', 'is_below_target', 'is_klhk', 'is_within_target', 'jarak_meter', 'jenis', 'ketinggian', 'kondisi', 'latitude', 'loaded_at', 'longitude', 'measurement_date', 'measurement_date_only', 'measurement_id', 'nama_user', 'pie_record_id', 'piezo_class_id', 'piezo_class_label', 'piezo_type_id', 'piezo_type_label', 'plantation', 'recorded_month', 'recorded_week', 'recorded_year', 'status', 'unit', 'user_id', 'water_level_gap', 'week_end_date', 'week_id', 'week_month', 'week_name', 'week_of_month', 'week_start_date', 'week_year']
[2026-10-07 16:31:14]     [2026-10-07 16:31:14]       [GAGAL] Tipe point_id = string (object)
[2026-10-07 16:31:14]     [2026-10-07 16:31:14]               observasi : None
[2026-10-07 16:31:14]     [2026-10-07 16:31:14]       [ OK  ] Tipe week_id = integer (int64/int32/int16/int8)
[2026-10-07 16:31:14]     [2026-10-07 16:31:14]       [ OK  ] Tipe plantation = string (object)
[2026-10-07 16:31:14]     [2026-10-07 16:31:14]       [GAGAL] Tipe grouping = string (object)
[2026-10-07 16:31:14]     [2026-10-07 16:31:14]               observasi : None
[2026-10-07 16:31:14]     [2026-10-07 16:31:14]       [ OK  ] Tipe company_code = string (object)
[2026-10-07 16:31:14]     [2026-10-07 16:31:14]       [ OK  ] Tipe est_code = string (object)
[2026-10-07 16:31:14]     [2026-10-07 16:31:14]       [ OK  ] Tipe est_new_code = string (object)
[2026-10-07 16:31:14]     [2026-10-07 16:31:14]       [ OK  ] Tipe est_code_sap = string (object)
[2026-10-07 16:31:14]     [2026-10-07 16:31:14]       [GAGAL] Tipe block_gis = string (object)
[2026-10-07 16:31:14]     [2026-10-07 16:31:14]               observasi : None
[2026-10-07 16:31:14]     [2026-10-07 16:31:14]       [GAGAL] Tipe block_sap = string (object)
[2026-10-07 16:31:14]     [2026-10-07 16:31:14]               observasi : None
[2026-10-07 16:31:14]     [2026-10-07 16:31:14]       [ OK  ] Tipe piezo_type_id = integer (int64/int32/int16/int8)
[2026-10-07 16:31:14]     [2026-10-07 16:31:14]       [ OK  ] Tipe piezo_class_id = integer (int64/int32/int16/int8)
[2026-10-07 16:31:14]     [2026-10-07 16:31:14]       [GAGAL] Tipe point_latitude = decimal (object)
[2026-10-07 16:31:14]     [2026-10-07 16:31:14]               observasi : None
[2026-10-07 16:31:14]     [2026-10-07 16:31:14]       [GAGAL] Tipe point_longitude = decimal (object)
[2026-10-07 16:31:14]     [2026-10-07 16:31:14]               observasi : None
[2026-10-07 16:31:14]     [2026-10-07 16:31:14]       [GAGAL] Tipe recorded_date = datetime (datetime64[us]/datetime64[ns]/datetime64[ms]/datetime64[s]/date)
[2026-10-07 16:31:14]     [2026-10-07 16:31:14]               observasi : None
[2026-10-07 16:31:14]     [2026-10-07 16:31:14]       [ OK  ] Tipe ketinggian = decimal (object)
[2026-10-07 16:31:14]     [2026-10-07 16:31:14]       [ OK  ] Tipe unit = string (object)
[2026-10-07 16:31:14]     [2026-10-07 16:31:14]       [ OK  ] Tipe kondisi = string (object)
[2026-10-07 16:31:14]     [2026-10-07 16:31:14]       [GAGAL] Tipe indicator_id = integer (int64/int32/int16/int8)
[2026-10-07 16:31:14]     [2026-10-07 16:31:14]               observasi : None
[2026-10-07 16:31:14]     [2026-10-07 16:31:14]       [ OK  ] Tipe indicator_name = string (object)
[2026-10-07 16:31:14]     [2026-10-07 16:31:14]       [ OK  ] Tipe indicator_alias = string (object)
[2026-10-07 16:31:14]     [2026-10-07 16:31:14]       [ OK  ] Tipe recorded_month = string (object)
[2026-10-07 16:31:14]     [2026-10-07 16:31:14]       [ OK  ] Tipe recorded_week = string (object)
[2026-10-07 16:31:14]     [2026-10-07 16:31:14]       [GAGAL] Tipe recorded_year = integer (int64/int32/int16/int8)
[2026-10-07 16:31:14]     [2026-10-07 16:31:14]               observasi : 2208 baris, 2208 menyimpang, 0 kosong
[2026-10-07 16:31:14]     [2026-10-07 16:31:14]               menyimpang: 2208 baris (100.0000%)
[2026-10-07 16:31:14]     [2026-10-07 16:31:14]               contoh    : ['2026', '2026', '2026', '2026', '2026', '2026', '2026', '2026']
[2026-10-07 16:31:14]     [2026-10-07 16:31:14]       [ OK  ] Tipe loaded_at = datetime (datetime64[us]/datetime64[ns]/datetime64[ms]/datetime64[s]/date)
[2026-10-07 16:31:14]     [2026-10-07 16:31:14]       [GAGAL] Tipe snapshot_date = datetime (datetime64[us]/datetime64[ns]/datetime64[ms]/datetime64[s]/date)
[2026-10-07 16:31:14]     [2026-10-07 16:31:14]               observasi : None
[2026-10-07 16:31:14]     [2026-10-07 16:31:14]     
[2026-10-07 16:31:14]     [2026-10-07 16:31:14]     2. VOLUME  —  1 lolos / 1 gagal
[2026-10-07 16:31:14]     [2026-10-07 16:31:14]     -------------------------------
[2026-10-07 16:31:14]     [2026-10-07 16:31:14]       [ OK  ] Tabel tidak kosong
[2026-10-07 16:31:14]     [2026-10-07 16:31:14]       [GAGAL] Jumlah baris dalam koridor baseline (151–204, median historis 178)
[2026-10-07 16:31:14]     [2026-10-07 16:31:14]               observasi : 2208
[2026-10-07 16:31:14]     [2026-10-07 16:31:14]     
[2026-10-07 16:31:14]     [2026-10-07 16:31:14]     3. FRESHNESS  —  0 lolos / 3 gagal
[2026-10-07 16:31:14]     [2026-10-07 16:31:14]     ----------------------------------
[2026-10-07 16:31:14]     [2026-10-07 16:31:14]       [GAGAL] Semua recorded_date di dalam window partisi [2026-10-01 00:00 .. 2026-10-01 23:59]
[2026-10-07 16:31:14]     [2026-10-07 16:31:14]               observasi : None
[2026-10-07 16:31:14]     [2026-10-07 16:31:14]       [ WARN] recorded_date terbaru menyentuh akhir window partisi
[2026-10-07 16:31:14]     [2026-10-07 16:31:14]               observasi : None
[2026-10-07 16:31:14]     [2026-10-07 16:31:14]       [GAGAL] recorded_date tidak berada di masa depan
[2026-10-07 16:31:14]     [2026-10-07 16:31:14]               observasi : None
[2026-10-07 16:31:14]     [2026-10-07 16:31:14]     
[2026-10-07 16:31:14]     [2026-10-07 16:31:14]     4. MISSINGNESS  —  25 lolos / 12 gagal
[2026-10-07 16:31:14]     [2026-10-07 16:31:14]     --------------------------------------
[2026-10-07 16:31:14]     [2026-10-07 16:31:14]       [GAGAL] point_id tidak boleh null
[2026-10-07 16:31:14]     [2026-10-07 16:31:14]               observasi : None
[2026-10-07 16:31:14]     [2026-10-07 16:31:14]       [ OK  ] Proporsi week_id terisi >= 0.9500
[2026-10-07 16:31:14]     [2026-10-07 16:31:14]       [ OK  ] Proporsi plantation terisi >= 0.9500
[2026-10-07 16:31:14]     [2026-10-07 16:31:14]       [GAGAL] Proporsi grouping terisi >= 0.9500
[2026-10-07 16:31:14]     [2026-10-07 16:31:14]               observasi : None
[2026-10-07 16:31:14]     [2026-10-07 16:31:14]       [ OK  ] Proporsi company_code terisi >= 0.9500
[2026-10-07 16:31:14]     [2026-10-07 16:31:14]       [ OK  ] Proporsi est_code terisi >= 0.9500
[2026-10-07 16:31:14]     [2026-10-07 16:31:14]       [ OK  ] Proporsi est_new_code terisi >= 0.9500
[2026-10-07 16:31:14]     [2026-10-07 16:31:14]       [ OK  ] Proporsi est_code_sap terisi >= 0.9500
[2026-10-07 16:31:14]     [2026-10-07 16:31:14]       [GAGAL] Proporsi block_gis terisi >= 0.9500
[2026-10-07 16:31:14]     [2026-10-07 16:31:14]               observasi : None
[2026-10-07 16:31:14]     [2026-10-07 16:31:14]       [GAGAL] Proporsi block_sap terisi >= 0.0000
[2026-10-07 16:31:14]     [2026-10-07 16:31:14]               observasi : None
[2026-10-07 16:31:14]     [2026-10-07 16:31:14]       [ OK  ] Proporsi piezo_type_id terisi >= 0.9500
[2026-10-07 16:31:14]     [2026-10-07 16:31:14]       [ OK  ] Proporsi piezo_class_id terisi >= 0.9500
[2026-10-07 16:31:14]     [2026-10-07 16:31:14]       [GAGAL] Proporsi point_latitude terisi >= 0.9500
[2026-10-07 16:31:14]     [2026-10-07 16:31:14]               observasi : None
[2026-10-07 16:31:14]     [2026-10-07 16:31:14]       [GAGAL] Proporsi point_longitude terisi >= 0.9500
[2026-10-07 16:31:14]     [2026-10-07 16:31:14]               observasi : None
[2026-10-07 16:31:14]     [2026-10-07 16:31:14]       [GAGAL] recorded_date tidak boleh null
[2026-10-07 16:31:14]     [2026-10-07 16:31:14]               observasi : None
[2026-10-07 16:31:14]     [2026-10-07 16:31:14]       [ OK  ] Proporsi ketinggian terisi >= 0.9500
[2026-10-07 16:31:14]     [2026-10-07 16:31:14]       [ OK  ] Proporsi unit terisi >= 0.9500
[2026-10-07 16:31:14]     [2026-10-07 16:31:14]       [ OK  ] Proporsi kondisi terisi >= 0.9500
[2026-10-07 16:31:14]     [2026-10-07 16:31:14]       [GAGAL] Proporsi indicator_id terisi >= 0.9500
[2026-10-07 16:31:14]     [2026-10-07 16:31:14]               observasi : None
[2026-10-07 16:31:14]     [2026-10-07 16:31:14]       [ OK  ] Proporsi indicator_name terisi >= 0.9500
[2026-10-07 16:31:14]     [2026-10-07 16:31:14]       [ OK  ] Proporsi indicator_alias terisi >= 0.9500
[2026-10-07 16:31:14]     [2026-10-07 16:31:14]       [ OK  ] loaded_at tidak boleh null
[2026-10-07 16:31:14]     [2026-10-07 16:31:14]       [GAGAL] point_id bukan string kosong / hanya spasi
[2026-10-07 16:31:14]     [2026-10-07 16:31:14]               observasi : None
[2026-10-07 16:31:14]     [2026-10-07 16:31:14]       [ OK  ] plantation bukan string kosong / hanya spasi
[2026-10-07 16:31:14]     [2026-10-07 16:31:14]       [GAGAL] grouping bukan string kosong / hanya spasi
[2026-10-07 16:31:14]     [2026-10-07 16:31:14]               observasi : None
[2026-10-07 16:31:14]     [2026-10-07 16:31:14]       [ OK  ] company_code bukan string kosong / hanya spasi
[2026-10-07 16:31:14]     [2026-10-07 16:31:14]       [ OK  ] est_code bukan string kosong / hanya spasi
[2026-10-07 16:31:14]     [2026-10-07 16:31:14]       [ OK  ] est_new_code bukan string kosong / hanya spasi
[2026-10-07 16:31:14]     [2026-10-07 16:31:14]       [ OK  ] est_code_sap bukan string kosong / hanya spasi
[2026-10-07 16:31:14]     [2026-10-07 16:31:14]       [GAGAL] block_gis bukan string kosong / hanya spasi
[2026-10-07 16:31:14]     [2026-10-07 16:31:14]               observasi : None
[2026-10-07 16:31:14]     [2026-10-07 16:31:14]       [GAGAL] block_sap bukan string kosong / hanya spasi
[2026-10-07 16:31:14]     [2026-10-07 16:31:14]               observasi : None
[2026-10-07 16:31:14]     [2026-10-07 16:31:14]       [ OK  ] unit bukan string kosong / hanya spasi
[2026-10-07 16:31:14]     [2026-10-07 16:31:14]       [ OK  ] kondisi bukan string kosong / hanya spasi
[2026-10-07 16:31:14]     [2026-10-07 16:31:14]       [ OK  ] indicator_name bukan string kosong / hanya spasi
[2026-10-07 16:31:14]     [2026-10-07 16:31:14]       [ OK  ] indicator_alias bukan string kosong / hanya spasi
[2026-10-07 16:31:14]     [2026-10-07 16:31:14]       [GAGAL] point_id (surrogate key) unik
[2026-10-07 16:31:14]     [2026-10-07 16:31:14]               observasi : None
[2026-10-07 16:31:14]     [2026-10-07 16:31:14]     
[2026-10-07 16:31:14]     [2026-10-07 16:31:14]     6. INTEGRITY  —  4 lolos / 3 gagal
[2026-10-07 16:31:14]     [2026-10-07 16:31:14]     ----------------------------------
[2026-10-07 16:31:14]     [2026-10-07 16:31:14]       [ OK  ] company_code terdaftar di master (15 kode dikenal)
[2026-10-07 16:31:14]     [2026-10-07 16:31:14]       [GAGAL] est_code selalu sama dengan est_new_code
[2026-10-07 16:31:14]     [2026-10-07 16:31:14]               observasi : 2208 baris, 2191 menyimpang, 0 kosong
[2026-10-07 16:31:14]     [2026-10-07 16:31:14]               menyimpang: 2191 baris (99.2301%)
[2026-10-07 16:31:14]     [2026-10-07 16:31:14]               contoh    : [('AGT', 'THP20'), ('AGT', 'THP20'), ('AGT', 'THP20'), ('AGT', 'THP20'), ('BEL', 'THP15'), ('BEL', 'THP15'), ('BEL', 'THP15'), ('BEL', 'THP15')]
[2026-10-07 16:31:14]     [2026-10-07 16:31:14]       [GAGAL] block_gis selalu sama dengan block_sap
[2026-10-07 16:31:14]     [2026-10-07 16:31:14]               observasi : None
[2026-10-07 16:31:14]     [2026-10-07 16:31:14]       [GAGAL] recorded_date >= loaded_at (data tidak diproses sebelum terjadi)
[2026-10-07 16:31:14]     [2026-10-07 16:31:14]               observasi : None
[2026-10-07 16:31:14]     [2026-10-07 16:31:14]     
[2026-10-07 16:31:14]     [2026-10-07 16:31:14]     7. DISTRIBUTION  —  13 lolos / 7 gagal
[2026-10-07 16:31:14]     [2026-10-07 16:31:14]     --------------------------------------
[2026-10-07 16:31:14]     [2026-10-07 16:31:14]       [ OK  ] Rata-rata week_id dalam koridor [519, 1046]
[2026-10-07 16:31:14]     [2026-10-07 16:31:14]       [GAGAL] KL divergence week_id terhadap baseline < 1
[2026-10-07 16:31:14]     [2026-10-07 16:31:14]               observasi : 5.298317366548036
[2026-10-07 16:31:14]     [2026-10-07 16:31:14]       [ WARN] Outlier ekstrem week_id: |z-score| < 20
[2026-10-07 16:31:14]     [2026-10-07 16:31:14]               observasi : 2208 baris, 2208 menyimpang, 0 kosong
[2026-10-07 16:31:14]     [2026-10-07 16:31:14]               menyimpang: 2208 baris (100.0000%)
[2026-10-07 16:31:14]     [2026-10-07 16:31:14]               contoh    : [526, 526, 526, 526, 526, 526, 526, 526]
[2026-10-07 16:31:14]     [2026-10-07 16:31:14]       [GAGAL] Rata-rata indicator_id dalam koridor [3, 11.4513]
[2026-10-07 16:31:14]     [2026-10-07 16:31:14]               observasi : None
[2026-10-07 16:31:14]     [2026-10-07 16:31:14]       [GAGAL] Simpangan baku indicator_id <= 2.19995
[2026-10-07 16:31:14]     [2026-10-07 16:31:14]               observasi : None
[2026-10-07 16:31:14]     [2026-10-07 16:31:14]       [GAGAL] Bentuk kuantil (p50/p75/p95/p99) sesuai profil historis
[2026-10-07 16:31:14]     [2026-10-07 16:31:14]               observasi : None
[2026-10-07 16:31:14]     [2026-10-07 16:31:14]       [GAGAL] KL divergence indicator_id terhadap baseline < 1
[2026-10-07 16:31:14]     [2026-10-07 16:31:14]               observasi : None
[2026-10-07 16:31:14]     [2026-10-07 16:31:14]       [ WARN] Outlier ekstrem indicator_id: |z-score| < 20
[2026-10-07 16:31:14]     [2026-10-07 16:31:14]               observasi : None
[2026-10-07 16:31:14]     [2026-10-07 16:31:14]     
[2026-10-07 16:31:14]     [2026-10-07 16:31:14]     8. DATA CLEANLINESS & ENCODING  —  73 lolos / 32 gagal
[2026-10-07 16:31:14]     [2026-10-07 16:31:14]       [GAGAL] point_id cocok salah satu dari 2 pola yang dikenal
[2026-10-07 16:31:14]     [2026-10-07 16:31:14]               observasi : None
[2026-10-07 16:31:14]     [2026-10-07 16:31:14]       [GAGAL] Panjang point_id antara 6–7 karakter
[2026-10-07 16:31:14]     [2026-10-07 16:31:14]               observasi : None
[2026-10-07 16:31:14]     [2026-10-07 16:31:14]       [ OK  ] plantation cocok salah satu dari 2 pola yang dikenal
[2026-10-07 16:31:14]     [2026-10-07 16:31:14]       [ OK  ] Panjang plantation antara 4–8 karakter
[2026-10-07 16:31:14]     [2026-10-07 16:31:14]       [GAGAL] grouping cocok salah satu dari 4 pola yang dikenal
[2026-10-07 16:31:14]     [2026-10-07 16:31:14]               observasi : None
[2026-10-07 16:31:14]     [2026-10-07 16:31:14]       [GAGAL] Panjang grouping antara 8–17 karakter
[2026-10-07 16:31:14]     [2026-10-07 16:31:14]               observasi : None
[2026-10-07 16:31:14]     [2026-10-07 16:31:14]       [ OK  ] company_code cocok pola yang dikenal
[2026-10-07 16:31:14]     [2026-10-07 16:31:14]       [ OK  ] Panjang company_code antara 6–8 karakter
[2026-10-07 16:31:14]     [2026-10-07 16:31:14]       [ OK  ] est_code cocok salah satu dari 2 pola yang dikenal
[2026-10-07 16:31:14]     [2026-10-07 16:31:14]       [ OK  ] Panjang est_code antara 3–4 karakter
[2026-10-07 16:31:14]     [2026-10-07 16:31:14]       [GAGAL] block_gis cocok pola yang dikenal
[2026-10-07 16:31:14]     [2026-10-07 16:31:14]               observasi : None
[2026-10-07 16:31:14]     [2026-10-07 16:31:14]       [GAGAL] Panjang block_gis antara 1–32 karakter
[2026-10-07 16:31:14]     [2026-10-07 16:31:14]               observasi : None
[2026-10-07 16:31:14]     [2026-10-07 16:31:14]       [GAGAL] block_sap cocok pola yang dikenal
[2026-10-07 16:31:14]     [2026-10-07 16:31:14]               observasi : None
[2026-10-07 16:31:14]     [2026-10-07 16:31:14]       [GAGAL] Panjang block_sap antara 3–3 karakter
[2026-10-07 16:31:14]     [2026-10-07 16:31:14]               observasi : None
[2026-10-07 16:31:14]     [2026-10-07 16:31:14]       [ OK  ] unit cocok pola yang dikenal
[2026-10-07 16:31:14]     [2026-10-07 16:31:14]       [ OK  ] Panjang unit antara 2–2 karakter
[2026-10-07 16:31:14]     [2026-10-07 16:31:14]       [GAGAL] kondisi cocok salah satu dari 2 pola yang dikenal
[2026-10-07 16:31:14]     [2026-10-07 16:31:14]               observasi : 2208 baris, 3 menyimpang, 0 kosong
[2026-10-07 16:31:14]     [2026-10-07 16:31:14]               menyimpang: 3 baris (0.1359%)
[2026-10-07 16:31:14]     [2026-10-07 16:31:14]               contoh    : ['BANJIR', 'BANJIR', 'BANJIR']
[2026-10-07 16:31:14]     [2026-10-07 16:31:14]       [ OK  ] Panjang kondisi antara 4–15 karakter
[2026-10-07 16:31:14]     [2026-10-07 16:31:14]       [GAGAL] indicator_name cocok salah satu dari 2 pola yang dikenal
[2026-10-07 16:31:14]     [2026-10-07 16:31:14]               observasi : 2208 baris, 3 menyimpang, 0 kosong
[2026-10-07 16:31:14]     [2026-10-07 16:31:14]               menyimpang: 3 baris (0.1359%)
[2026-10-07 16:31:14]     [2026-10-07 16:31:14]               contoh    : ['<0', '<0', '<0']
[2026-10-07 16:31:14]     [2026-10-07 16:31:14]       [GAGAL] Panjang indicator_name antara 3–5 karakter
[2026-10-07 16:31:14]     [2026-10-07 16:31:14]               observasi : 2208 baris, 3 menyimpang, 0 kosong
[2026-10-07 16:31:14]     [2026-10-07 16:31:14]               menyimpang: 3 baris (0.1359%)
[2026-10-07 16:31:14]     [2026-10-07 16:31:14]               contoh    : ['<0', '<0', '<0']
[2026-10-07 16:31:14]     [2026-10-07 16:31:14]       [ OK  ] indicator_alias cocok salah satu dari 4 pola yang dikenal
[2026-10-07 16:31:14]     [2026-10-07 16:31:14]       [ OK  ] Panjang indicator_alias antara 11–44 karakter
[2026-10-07 16:31:14]     [2026-10-07 16:31:14]       [GAGAL] point_id bebas dari spasi di awal/akhir (padding tak sengaja)
[2026-10-07 16:31:14]     [2026-10-07 16:31:14]               observasi : None
[2026-10-07 16:31:14]     [2026-10-07 16:31:14]       [GAGAL] point_id bebas dari string kosong atau hanya spasi (missing tersembunyi)
[2026-10-07 16:31:14]     [2026-10-07 16:31:14]               observasi : None
[2026-10-07 16:31:14]     [2026-10-07 16:31:14]       [GAGAL] point_id bebas dari karakter kontrol / non-printable
[2026-10-07 16:31:14]     [2026-10-07 16:31:14]               observasi : None
[2026-10-07 16:31:14]     [2026-10-07 16:31:14]       [ WARN] point_id bebas dari penggalan HTML/markup (indikasi kebocoran encoding)
[2026-10-07 16:31:14]     [2026-10-07 16:31:14]               observasi : None
[2026-10-07 16:31:14]     [2026-10-07 16:31:14]       [ WARN] point_id bebas dari literal 'null'/'None'/'nan' sebagai teks
[2026-10-07 16:31:14]     [2026-10-07 16:31:14]               observasi : None
[2026-10-07 16:31:14]     [2026-10-07 16:31:14]       [GAGAL] grouping bebas dari spasi di awal/akhir (padding tak sengaja)
[2026-10-07 16:31:14]     [2026-10-07 16:31:14]               observasi : None
[2026-10-07 16:31:14]     [2026-10-07 16:31:14]       [GAGAL] grouping bebas dari string kosong atau hanya spasi (missing tersembunyi)
[2026-10-07 16:31:14]     [2026-10-07 16:31:14]               observasi : None
[2026-10-07 16:31:14]     [2026-10-07 16:31:14]       [GAGAL] grouping bebas dari karakter kontrol / non-printable
[2026-10-07 16:31:14]     [2026-10-07 16:31:14]               observasi : None
[2026-10-07 16:31:14]     [2026-10-07 16:31:14]       [ WARN] grouping bebas dari penggalan HTML/markup (indikasi kebocoran encoding)
[2026-10-07 16:31:14]     [2026-10-07 16:31:14]               observasi : None
[2026-10-07 16:31:14]     [2026-10-07 16:31:14]       [ WARN] grouping bebas dari literal 'null'/'None'/'nan' sebagai teks
[2026-10-07 16:31:14]     [2026-10-07 16:31:14]               observasi : None
[2026-10-07 16:31:14]     [2026-10-07 16:31:14]       [GAGAL] block_gis bebas dari spasi di awal/akhir (padding tak sengaja)
[2026-10-07 16:31:14]     [2026-10-07 16:31:14]               observasi : None
[2026-10-07 16:31:14]     [2026-10-07 16:31:14]       [GAGAL] block_gis bebas dari string kosong atau hanya spasi (missing tersembunyi)
[2026-10-07 16:31:14]     [2026-10-07 16:31:14]               observasi : None
[2026-10-07 16:31:14]     [2026-10-07 16:31:14]       [GAGAL] block_gis bebas dari karakter kontrol / non-printable
[2026-10-07 16:31:14]     [2026-10-07 16:31:14]               observasi : None
[2026-10-07 16:31:14]     [2026-10-07 16:31:14]       [ WARN] block_gis bebas dari penggalan HTML/markup (indikasi kebocoran encoding)
[2026-10-07 16:31:14]     [2026-10-07 16:31:14]               observasi : None
[2026-10-07 16:31:14]     [2026-10-07 16:31:14]       [ WARN] block_gis bebas dari literal 'null'/'None'/'nan' sebagai teks
[2026-10-07 16:31:14]     [2026-10-07 16:31:14]               observasi : None
[2026-10-07 16:31:14]     [2026-10-07 16:31:14]       [GAGAL] block_sap bebas dari spasi di awal/akhir (padding tak sengaja)
[2026-10-07 16:31:14]     [2026-10-07 16:31:14]               observasi : None
[2026-10-07 16:31:14]     [2026-10-07 16:31:14]       [GAGAL] block_sap bebas dari string kosong atau hanya spasi (missing tersembunyi)
[2026-10-07 16:31:14]     [2026-10-07 16:31:14]               observasi : None
[2026-10-07 16:31:14]     [2026-10-07 16:31:14]       [GAGAL] block_sap bebas dari karakter kontrol / non-printable
[2026-10-07 16:31:14]     [2026-10-07 16:31:14]               observasi : None
[2026-10-07 16:31:14]     [2026-10-07 16:31:14]       [ WARN] block_sap bebas dari penggalan HTML/markup (indikasi kebocoran encoding)
[2026-10-07 16:31:14]     [2026-10-07 16:31:14]               observasi : None
[2026-10-07 16:31:14]     [2026-10-07 16:31:14]       [ WARN] block_sap bebas dari literal 'null'/'None'/'nan' sebagai teks
[2026-10-07 16:31:14]     [2026-10-07 16:31:14]               observasi : None
[2026-10-07 16:31:14]     [2026-10-07 16:31:14]               alasan    : Query ke SQL Server gagal, jadi tidak ada nilai pembanding: Gagal konek ke SQL Server (Error): ('01000', "[01000] [unixODBC][Driver Manager]Can't open lib 'ODBC Driver 17 for SQL Server' : file not found (0) (SQLDriverConnect)")
[2026-10-07 16:31:14]     [2026-10-07 16:31:14]       Periksa SQLSERVER_HOST/DB/UID/PWD di .env, VPN/firewall ke server, dan apakah ODBC Driver 17 for SQL Server terinstal.
[2026-10-07 16:31:14]     [2026-10-07 16:31:14]     
[2026-10-07 16:31:14]     [2026-10-07 16:31:14]     10. FORMAT & PATTERN COMPLIANCE  —  0 lolos / 0 gagal / 1 dilewati
[2026-10-07 16:31:14]     [2026-10-07 16:31:14]     ------------------------------------------------------------------
[2026-10-07 16:31:14]     [2026-10-07 16:31:14]       [LEWAT] Kepatuhan format terhadap standar bisnis
[2026-10-07 16:31:14]     [2026-10-07 16:31:14]     VERDIKT: TIDAK LAYAK — ada kegagalan blocking
[2026-10-07 16:31:14]     [2026-10-07 16:31:14]     ====================================================================================================
[2026-10-07 16:31:14]     [2026-10-07 16:31:14]     
[2026-10-07 16:31:14]     [2026-10-07 16:31:14]     Laporan Markdown : /Users/Pooja/Downloads/Great Expectations bronze layer/reports/gold_data_tmat_validation.md
[2026-10-07 16:31:14]     [2026-10-07 16:31:14]     Laporan JSON     : /Users/Pooja/Downloads/Great Expectations bronze layer/reports/gold_data_tmat_validation.json
[2026-10-07 16:31:14]     [2026-10-07 16:31:14]   validate exit code = 1  durasi=12.5s
[2026-10-07 16:31:14]     [2026-10-07 16:31:14] END   validate          | dataset=gold_data_tmat  exit=1  durasi=12.5s  status=GAGAL(1)
[2026-10-07 16:31:14]     [2026-10-07 16:31:14] DONE  gold_data_tmat               | build=0  validate=1  status=GAGAL
[2026-10-07 16:31:14]     [2026-10-07 16:31:14] 
[2026-10-07 16:31:14]     [2026-10-07 16:31:14] ==============================================================================
[2026-10-07 16:31:14]     [2026-10-07 16:31:14] RINGKASAN VALIDASI
[2026-10-07 16:31:14]     [2026-10-07 16:31:14] ==============================================================================
[2026-10-07 16:31:14]     [2026-10-07 16:31:14]   gold_ars                                   build=0  validate=1  durasi_build=      0.0s  durasi_val=   1m 5.5s  → GAGAL
[2026-10-07 16:31:14]     [2026-10-07 16:31:14]   gold_awl                                   build=0  validate=1  durasi_build=      0.0s  durasi_val=      4.1s  → GAGAL
[2026-10-07 16:31:14]     [2026-10-07 16:31:14]   gold_master_awm                            build=0  validate=1  durasi_build=      0.0s  durasi_val=  1m 22.8s  → GAGAL
[2026-10-07 16:31:14]     [2026-10-07 16:31:14]   gold_master_block                          build=0  validate=1  durasi_build=      0.0s  durasi_val=      7.7s  → GAGAL
[2026-10-07 16:31:14]     [2026-10-07 16:31:14]   gold_master_estate                         build=0  validate=1  durasi_build=      0.0s  durasi_val=      2.7s  → GAGAL
[2026-10-07 16:31:14]     [2026-10-07 16:31:14]   gold_master_ombrometer                     build=0  validate=1  durasi_build=      0.0s  durasi_val=      2.6s  → GAGAL
[2026-10-07 16:31:14]     [2026-10-07 16:31:14]   gold_data_tmat                             build=0  validate=1  durasi_build=      0.0s  durasi_val=     12.5s  → GAGAL
[2026-10-07 16:31:14]     [2026-10-07 16:31:14] 
[2026-10-07 16:31:14]     [2026-10-07 16:31:14] Total dataset       : 7
[2026-10-07 16:31:14]     [2026-10-07 16:31:14] Lolos               : 0
[2026-10-07 16:31:14]     [2026-10-07 16:31:14] Gagal blocking      : 7
[2026-10-07 16:31:14]     [2026-10-07 16:31:14] Total durasi run    : 2m 58.0s
[2026-10-07 16:31:14]     [2026-10-07 16:31:14] Log lengkap         : /Users/Pooja/Downloads/Great Expectations bronze layer/scheduler/logs/gold_2026-10-07.log
[2026-10-07 16:31:14]     [2026-10-07 16:31:14] 
[2026-10-07 16:31:14]     [2026-10-07 16:31:14] ==============================================================================
[2026-10-07 16:31:14]     [2026-10-07 16:31:14] FILTER UNTUK EMAIL — layer=gold
[2026-10-07 16:31:14]     [2026-10-07 16:31:14] ==============================================================================
[2026-10-07 16:31:14]     [2026-10-07 16:31:14] dimensi filter: ['6. INTEGRITY', '7. DISTRIBUTION']
[2026-10-07 16:31:14]     [2026-10-07 16:31:14]   [lampiran] filter dimensi: ['6. INTEGRITY', '7. DISTRIBUTION']
[2026-10-07 16:31:14]     [2026-10-07 16:31:14]   [lampiran] grace=3600s  batas_mtime=15:28:16
[2026-10-07 16:31:14]     [2026-10-07 16:31:14]   [lampiran] proses gold_ars (umur 113s)
[2026-10-07 16:31:14]     [2026-10-07 16:31:14]     [filter] gold_ars: 2 dimensi terfilter dari 12 dimensi di source
[2026-10-07 16:31:14]     [2026-10-07 16:31:14]   [lampiran] skip gold_awl: JSON umur 2422539s melebihi grace 3600s
[2026-10-07 16:31:14]     [2026-10-07 16:31:14]   [lampiran] proses gold_data_tmat (umur 0s)
[2026-10-07 16:31:14]     [2026-10-07 16:31:14]     [filter] gold_data_tmat: 2 dimensi terfilter dari 12 dimensi di source
[2026-10-07 16:31:14]     [2026-10-07 16:31:14]   [lampiran] proses gold_master_awm (umur 26s)
[2026-10-07 16:31:14]     [2026-10-07 16:31:14]     [filter] gold_master_awm: 2 dimensi terfilter dari 12 dimensi di source
[2026-10-07 16:31:14]     [2026-10-07 16:31:14]   [lampiran] proses gold_master_block (umur 18s)
[2026-10-07 16:31:14]     [2026-10-07 16:31:14]     [filter] gold_master_block: 2 dimensi terfilter dari 12 dimensi di source
[2026-10-07 16:31:14]     [2026-10-07 16:31:14]   [lampiran] proses gold_master_estate (umur 15s)
[2026-10-07 16:31:14]     [2026-10-07 16:31:14]     [filter] gold_master_estate: 2 dimensi terfilter dari 12 dimensi di source
[2026-10-07 16:31:14]     [2026-10-07 16:31:14]   [lampiran] proses gold_master_ombrometer (umur 13s)
[2026-10-07 16:31:14]     [2026-10-07 16:31:14]     [filter] gold_master_ombrometer: 2 dimensi terfilter dari 12 dimensi di source
[2026-10-07 16:31:14]     [2026-10-07 16:31:14]   [summary] gold: /Users/Pooja/Downloads/Great Expectations bronze layer/reports/_summary_gold_2026-10-07.json
[2026-10-07 16:31:14]     [2026-10-07 16:31:14] Lampiran JSON siap: 7 file
[2026-10-07 16:31:14]     [2026-10-07 16:31:14]   - gold_ars_email_validation.json                          (6.1 KB)
[2026-10-07 16:31:14]     [2026-10-07 16:31:14]   - gold_data_tmat_email_validation.json                    (17.4 KB)
[2026-10-07 16:31:14]     [2026-10-07 16:31:14]   - gold_master_awm_email_validation.json                   (27.9 KB)
[2026-10-07 16:31:14]     [2026-10-07 16:31:14]   - gold_master_block_email_validation.json                 (18.6 KB)
[2026-10-07 16:31:14]     [2026-10-07 16:31:14]   - gold_master_estate_email_validation.json                (21.7 KB)
[2026-10-07 16:31:14]     [2026-10-07 16:31:14]   - gold_master_ombrometer_email_validation.json            (6.8 KB)
[2026-10-07 16:31:14]     [2026-10-07 16:31:14]   - _summary_gold_2026-10-07.json                           (4.1 KB)
[2026-10-07 16:31:14]     [2026-10-07 16:31:14] 
[2026-10-07 16:31:14]     [2026-10-07 16:31:14] Status email: 3 lolos, 3 gagal, 1 error (total 7)
[2026-10-07 16:31:14]     [2026-10-07 16:31:14] 
[2026-10-07 16:31:14]     [2026-10-07 16:31:14] ==============================================================================
[2026-10-07 16:31:14]     [2026-10-07 16:31:14] KIRIM EMAIL
[2026-10-07 16:31:14]     [2026-10-07 16:31:14] ==============================================================================
[2026-10-07 16:31:14]     [2026-10-07 16:31:14] [mailer] --no-email, skip kirim email.
[2026-10-07 16:31:14]     [2026-10-07 16:31:14] 
[2026-10-07 16:31:14]     [2026-10-07 16:31:14] ==============================================================================
[2026-10-07 16:31:14]     [2026-10-07 16:31:14] SELESAI
[2026-10-07 16:31:14]     [2026-10-07 16:31:14] ==============================================================================
[2026-10-07 16:31:14]     [2026-10-07 16:31:14] validasi lengkap : 7 blocking dari 7 dataset (semua 12 dimensi)
[2026-10-07 16:31:14]     [2026-10-07 16:31:14] filter per-layer : 3 gagal, 1 error (dari 7 dataset, dimensi gold)
[2026-10-07 16:31:14]     [2026-10-07 16:31:14] exit code        : 1  (mengikuti filter gold)
[2026-10-07 16:31:14]     [2026-10-07 16:31:14] durasi total     : 2m 58.0s
[2026-10-07 16:31:14]   layer gold exit code = 1 durasi=2m 58.1s
[2026-10-07 16:31:14] 
[2026-10-07 16:31:14] ==============================================================================
[2026-10-07 16:31:14] RINGKASAN CROSS-LAYER
[2026-10-07 16:31:14] ==============================================================================
[2026-10-07 16:31:14]   Gold Layer            exit=1    durasi=  2m 58.1s  → GAGAL
[2026-10-07 16:31:14] 
[2026-10-07 16:31:14] Total layer     : 1
[2026-10-07 16:31:14] Total durasi    : 2m 58.1s
[2026-10-07 16:31:14] 
[2026-10-07 16:31:14] ==============================================================================
[2026-10-07 16:31:14] KIRIM EMAIL CROSS-LAYER
[2026-10-07 16:31:14] ==============================================================================
[2026-10-07 16:31:14] [mailer] ringkasan: total=7  gagal=3  error=1
[2026-10-07 16:31:14] [mailer] lampiran: 2 file
[2026-10-07 16:31:14]   - gold_2026-10-07.log                                     (307.3 KB)
[2026-10-07 16:31:14]   - _summary_gold_2026-10-07.json                           (4.1 KB)
[2026-10-07 16:31:14] [mailer] memanggil mailer.kirim() ...
[2026-10-07 16:31:20] [mailer] START kirim()
[2026-10-07 16:31:20] [mailer]   total=7  gagal=3  error=1  lampiran=2
[2026-10-07 16:31:20] [mailer]   host=sandbox.smtp.mailtrap.io:2525  tls=True  mode=always
[2026-10-07 16:31:20] [mailer]   from=dq-service@company.com
[2026-10-07 16:31:20] [mailer]   to=poojaristha@gmail.com
[2026-10-07 16:31:20] [mailer]   subjek=⚠️ [DQ] Cross-Layer Validation — 3 lolos, 3 gagal, 1 error — 2026-10-07
[2026-10-07 16:31:20] [mailer]   lampiran ZIP: 1 file (35.2 KB) — berisi 2 file asli
[2026-10-07 16:31:20] [mailer]   lampiran terpasang: 1 item (35.2 KB)
[2026-10-07 16:31:20] [mailer] START koneksi SMTP ke sandbox.smtp.mailtrap.io:2525 ...
[2026-10-07 16:31:20] [mailer]   STARTTLS ...
[2026-10-07 16:31:20] [mailer]   login sebagai 3b2788996e1720 ...
[2026-10-07 16:31:20] [mailer]   send_message ...
[2026-10-07 16:31:20] [mailer] ✅ Email terkirim ke: poojaristha@gmail.com (durasi 5.7s)
[2026-10-07 16:31:20] [mailer]   [cleanup] temp ZIP dihapus: dq_validation_wgl1qnsf.zip
[2026-10-07 16:31:20] [mailer] hasil: ✅ terkirim
[2026-10-07 16:31:20] 
[2026-10-07 16:31:20] ==============================================================================
[2026-10-07 16:31:20] SELESAI
[2026-10-07 16:31:20] ==============================================================================
[2026-10-07 16:31:20] exit code: 1
[2026-10-07 16:31:20] durasi total: 3m 3.7s
